R,T,Ncfg,Veff,err_pyerrors,relative_err_percent,status,err_jackknife,relative_err_jackknife_percent,n_valid_jackknife,jackknife_status,reliability,mean_Re,sem_Re,relative_err_Re_percent,nonpositive_configs,region
0,1,100,0.0097858797376053,0.0003693608906528,3.774427037289769,ok,0.0003552067108239,3.62978822904326,100,ok,good,1.770782651891042e-07,5.882757406195544e-11,0.0332212279124898,0,R0_normalization
0,2,100,0.0033969215934051,0.0003730788557083,10.982851545136086,ok,0.0003572163822405,10.515885410310045,100,ok,marginal,1.753538498039159e-07,5.3302242565576473e-11,0.0303969617006869,0,R0_normalization
0,3,100,0.0010548823466403,0.0004170620244253,39.53635452841471,ok,0.000413013873758,39.15260076855071,100,ok,diagnostic_only,1.747591970911623e-07,5.124692320890936e-11,0.0293243068530331,0,R0_normalization
0,4,100,0.0006176796721808,0.0003629996637205,58.76827100995187,ok,0.0003501888966186,56.69425632581428,100,ok,diagnostic_only,1.745749438990437e-07,5.339111058087877e-11,0.0305834900406754,0,R0_normalization
0,5,100,0.0002829277871241,0.0003522026270695,124.4849898447806,ok,0.0003454452559957,122.09661677529768,100,ok,diagnostic_only,1.744671458006995e-07,4.947634744098928e-11,0.0283585469424186,0,R0_normalization
0,6,100,-2.918338894355886e-05,0.0003682101255168,1261.7113325287817,ok,0.0003646338004511,1249.4566726173264,100,ok,diagnostic_only,1.7441779117943837e-07,4.890759029405138e-11,0.0280404825467236,0,R0_normalization
0,7,100,0.0005932154212305,0.0003189723928848,53.77007769338224,ok,0.0003099146482923,52.24318808998683,100,ok,diagnostic_only,1.7442288135595098e-07,4.881114307280258e-11,0.0279843691913287,0,R0_normalization
0,8,100,-0.0005607228700222,0.000343372151924,61.23740804622736,ok,0.0003400379442392,60.642781384270336,100,ok,diagnostic_only,1.74319441696949e-07,4.6296653196518867e-11,0.0265585139246858,0,R0_normalization
0,9,100,-0.0006036828623989,0.000539464401762,89.36221903307795,ok,0.0003744116743827,62.02125283049246,100,ok,diagnostic_only,1.7441721400362048e-07,4.5185549615840254e-11,0.0259065883341665,0,R0_normalization
1,1,100,0.4977756748511606,0.0005129740351916,0.1030532549315617,ok,0.0005079932904769,0.1020526546679493,100,ok,good,1.0270740311016853e-07,4.185184159950874e-11,0.0407486124000395,0,validated_R1-6
1,2,100,0.4857195602262138,0.0005317285229698,0.1094723306432729,ok,0.0005215266255745,0.107371962811547,100,ok,good,6.243390794210993e-08,2.9494312506274085e-11,0.0472408559362035,0,validated_R1-6
1,3,100,0.4801572614014383,0.0007999958679097,0.1666112193273531,ok,0.0007922304393802,0.1649939515790957,100,ok,good,3.8412731882147365e-08,2.408058916486912e-11,0.0626890824603411,0,validated_R1-6
1,4,100,0.4808566399825244,0.0011208483936303,0.2330940867679606,ok,0.0010192786163899,0.2119714134397734,100,ok,good,2.3765422844984144e-08,2.1159330882608404e-11,0.0890341022780254,0,validated_R1-6
1,5,100,0.4806330846601883,0.0015525941387057,0.3230310580478384,ok,0.001537589272601,0.3199091618272866,100,ok,good,1.4693056903059916e-08,2.0046016728904288e-11,0.1364319001904197,0,validated_R1-6
1,6,100,0.4778486030405269,0.0035422913547877,0.7412999289415861,ok,0.0024142989308137,0.5052434841185425,100,ok,good,9.086065516561533e-09,1.690036450310447e-11,0.186003110722672,0,validated_R1-6
1,7,100,0.477117883990498,0.0034916137192752,0.7318136327383589,ok,0.0034576930411834,0.7247041364838719,100,ok,good,5.634415272271378e-09,1.531162283164394e-11,0.2717517629024782,0,validated_R1-6
1,8,100,0.4845781599938292,0.0064407119036248,1.3291378843212558,ok,0.0062424085798883,1.2882150074547003,100,ok,good,3.496545534635435e-09,1.4261545586103199e-11,0.4078752999162692,0,validated_R1-6
1,9,100,0.4713219162664168,0.0090516492184727,1.9204812901923876,ok,0.0089646024608101,1.9020126481330135,100,ok,good,2.153721618375149e-09,1.4961949842934907e-11,0.6947021246981204,0,validated_R1-6
2,1,100,0.726419595384968,0.0009300855853362,0.1280369625551459,ok,0.0009036905934245,0.1244033887805086,100,ok,good,7.531216935052158e-08,4.889884959536341e-11,0.0649282181313567,0,validated_R1-6
2,2,100,0.7101035120195777,0.0010805661779392,0.1521702342896561,ok,0.0010598186165443,0.1492484685127332,100,ok,good,3.642379019440747e-08,3.5544528096960383e-11,0.0975860225068447,0,validated_R1-6
2,3,100,0.7008143055123909,0.0017446644451022,0.2489481780522008,ok,0.0017277840085513,0.2465394891287319,100,ok,good,1.790569154839121e-08,2.430111134660056e-11,0.1357172454407881,0,validated_R1-6
2,4,100,0.7081735484677993,0.0035430296876706,0.5003052846772298,ok,0.0035080969525645,0.4953724916942541,100,ok,good,8.88446566137514e-09,1.9841783437217743e-11,0.2233311961965153,0,validated_R1-6
2,5,100,0.6977573138796535,0.0070236377615781,1.0066018115274964,ok,0.0069553579642004,0.9968162032623428,100,ok,good,4.3759812130163904e-09,1.7983746986922527e-11,0.4109649039038315,0,validated_R1-6
2,6,100,0.7118811787292124,0.0141596026977838,1.9890401826692956,ok,0.0140221432638771,1.9697308599882093,100,ok,good,2.177926893463281e-09,1.6209075359794338e-11,0.7442433172777027,0,validated_R1-6
2,7,100,0.6802980675958653,0.0262050402079025,3.8519939209161222,ok,0.0251795023354332,3.7012456061232286,100,ok,good,1.068752712540514e-09,1.6054389302370418e-11,1.5021612683637362,0,validated_R1-6
2,8,100,0.6690478844185327,0.0806409947897451,12.053097643351787,ok,0.0548047156789609,8.191448916483992,100,ok,marginal,5.412869206712072e-10,1.3750245673457495e-11,2.540287811943969,0,validated_R1-6
2,9,100,0.5170568302419809,0.0858719306002977,16.607832171970326,ok,0.0834766601858859,16.144581272975188,100,ok,marginal,2.7724500401456343e-10,1.669025392943797e-11,6.0200377600172175,4,validated_R1-6
3,1,100,0.869986150468662,0.0014239926494615,0.1636799216509823,ok,0.0013835603562617,0.1590324576450399,100,ok,good,5.88996800907079e-08,6.057313827690955e-11,0.1028412008072445,0,validated_R1-6
3,2,100,0.8502666785234454,0.0019896384982374,0.2340017018769526,ok,0.0019701772813344,0.2317128650455699,100,ok,good,2.4676453979148512e-08,3.841454907651996e-11,0.1556728900715641,0,validated_R1-6
3,3,100,0.8341414682634378,0.0037342044103076,0.4476703955363524,ok,0.0034676029435777,0.4157092142651549,100,ok,good,1.0544272592213806e-08,2.744253704176981e-11,0.2602601251226582,0,validated_R1-6
3,4,100,0.838952803429067,0.0066598718987297,0.7938315327761865,ok,0.0065950002242785,0.7860990746228709,100,ok,good,4.5788201784859874e-09,1.8040868386396918e-11,0.3940069206291092,0,validated_R1-6
3,5,100,0.8617282463704838,0.0178125181810738,2.067069085422049,ok,0.0166898524492546,1.9367883691350083,100,ok,good,1.9787959596697312e-09,1.518650950249669e-11,0.7674621240398823,0,validated_R1-6
3,6,100,0.8658732340826368,0.0665406220271462,7.684799507360199,ok,0.0379535313168276,4.383266490162162,100,ok,good,8.359055190208632e-10,1.455942677225184e-11,1.741755071710258,0,validated_R1-6
3,7,100,0.8555746785159374,0.0975435719293541,11.4009418907244,ok,0.0966217397582853,11.293197681572744,100,ok,marginal,3.516521079145787e-10,1.5125593916659188e-11,4.301294824125842,2,validated_R1-6
3,8,100,1.0053445232432807,0.2182842436292399,21.71238203248439,ok,0.214337357419041,21.319791620048846,100,ok,marginal,1.494658111285236e-10,1.533182615382485e-11,10.257747934503378,18,validated_R1-6
3,9,100,0.386516102171109,0.3718983036498123,96.21806221288408,ok,0.3685428351430438,95.3499305909619,100,ok,diagnostic_only,5.469231223117455e-11,1.2573985471321748e-11,22.990407533281417,36,validated_R1-6
4,1,100,0.9790821427536076,0.0020190797102418,0.2062216868304087,ok,0.001961744702291,0.2003656911537348,100,ok,good,4.630734191415227e-08,6.7880114967011e-11,0.1465860750393572,0,validated_R1-6
4,2,100,0.9571813869680816,0.0028760804538739,0.3004739219787915,ok,0.0028478209567582,0.2975215560531197,100,ok,good,1.7395618748079514e-08,4.00248973328904e-11,0.2300860803661219,0,validated_R1-6
4,3,100,0.9401848115350064,0.0065351231293654,0.6950892047166554,ok,0.0057404308308456,0.610564089146842,100,ok,good,6.679458968033212e-09,2.485431547718272e-11,0.3721007284591666,0,validated_R1-6
4,4,100,0.9297531174003404,0.0121653582842176,1.3084503893068875,ok,0.0120475326024498,1.295777596974949,100,ok,good,2.608700435563784e-09,1.6070382707880673e-11,0.6160302075622414,0,validated_R1-6
4,5,100,0.9432678404638613,0.0323167309215198,3.426039724372219,ok,0.0316918759176885,3.359796078927458,100,ok,good,1.029526576924668e-09,1.3687096389580184e-11,1.3294553726301417,0,validated_R1-6
4,6,100,0.9105443971576468,0.0819740011000984,9.002746198426822,ok,0.0722091908756787,7.930331689600941,100,ok,good,4.00849682748607e-10,1.2795793116337376e-11,3.19216745504131,0,validated_R1-6
4,7,100,0.6888783904416297,0.2054338207171851,29.82149296125904,ok,0.1513545537549708,21.971157152707267,100,ok,diagnostic_only,1.61263891996991e-10,1.2635308208113288e-11,7.835175036175518,12,validated_R1-6
4,8,100,0.7556988664118651,0.3548633883886555,46.95830629911924,ok,0.3541527994334201,46.86427559630644,100,ok,diagnostic_only,8.097688255988442e-11,1.3280881232974608e-11,16.400830475479303,31,validated_R1-6
4,9,100,0.8234962746402181,0.7501454597589402,91.09275692676027,ok,0.7031929213648385,85.39114784363298,100,ok,diagnostic_only,3.80334047916034e-11,1.4406279822524989e-11,37.877965176826486,43,validated_R1-6
5,1,100,1.0753149089134202,0.0029248343463565,0.2719979349409433,ok,0.002827160984912,0.2629147016820242,100,ok,good,3.5968315022574076e-08,7.144845209645869e-11,0.1986427555797844,0,validated_R1-6
5,2,100,1.0513096836051303,0.0039705069018021,0.3776724369347204,ok,0.0039317280509493,0.3739838139288105,100,ok,good,1.2272039995824606e-08,4.054641391578048e-11,0.3303966897889498,0,validated_R1-6
5,3,100,1.0515687086878749,0.0089961637923146,0.8554993808763949,ok,0.0085071059741522,0.8089919283322162,100,ok,good,4.288829363779056e-09,2.0349281865212604e-11,0.4744717063604987,0,validated_R1-6
5,4,100,1.023620397551822,0.0231305404530445,2.2596795167784407,ok,0.0229036311158799,2.237512184268525,100,ok,good,1.4984707850255642e-09,1.4110130852863424e-11,0.9416353654584396,0,validated_R1-6
5,5,100,0.9731082139987262,0.0525823513599673,5.403546142509099,ok,0.0494466652636266,5.081312083518329,100,ok,good,5.383882708353216e-10,1.290919852596784e-11,2.397748841359216,0,validated_R1-6
5,6,100,0.9069538375172864,0.1341494097765815,14.791205927724487,ok,0.1329463379973438,14.658556201854092,100,ok,marginal,2.0346047884463903e-10,1.1114053077787211e-11,5.462512002772697,2,validated_R1-6
5,7,100,1.2499538860871489,0.4993309963627311,39.94795343417309,ok,0.4365057378301391,34.92174732914148,100,ok,diagnostic_only,8.214762564216616e-11,1.1216176663791586e-11,13.6536833245176,21,validated_R1-6
5,8,100,,,,nonpositive_central_mean,,,0,nonpositive_central_mean,invalid,2.3536774144882464e-11,1.0760306426287074e-11,45.716997410312736,40,validated_R1-6
5,9,100,,,,nonpositive_central_mean,,,0,nonpositive_central_mean,invalid,-1.225729469580306e-11,1.2441233394172864e-11,101.50064678164902,50,validated_R1-6
6,1,100,1.1688818575386262,0.0039258079847888,0.3358601178955464,ok,0.00366394164397,0.3134569691829556,100,ok,good,2.7445492886197253e-08,7.16199043463724e-11,0.2609532451952834,0,validated_R1-6
6,2,100,1.1355561901887086,0.0058971914214242,0.5193218505941346,ok,0.0058394933316574,0.5142408083467039,100,ok,good,8.527703537172951e-09,3.612967498382497e-11,0.4236741442327679,0,validated_R1-6
6,3,100,1.1383745277659616,0.0157097544747238,1.380016338344637,ok,0.0114906458721689,1.0093906347956634,100,ok,good,2.739468471740199e-09,1.8065027298543187e-11,0.6594354884861185,0,validated_R1-6
6,4,100,1.116332409251029,0.0442412993552757,3.9630936975983846,ok,0.0368781143093855,3.303506554479398,100,ok,good,8.775594166958218e-10,1.1574031342837352e-11,1.318888627098981,0,validated_R1-6
6,5,100,1.1782821038087254,0.1160757925695686,9.851273493364678,ok,0.0983292156263108,8.34513358969534,100,ok,good,2.8738197526433275e-10,1.0760376911581068e-11,3.744276898954333,0,validated_R1-6
6,6,100,0.7831426543166065,0.2374450687359683,30.319516811808697,ok,0.235223363484853,30.03582580878779,100,ok,diagnostic_only,8.845820241217039e-11,8.95999206783305e-12,10.129068671420686,19,validated_R1-6
6,7,100,,,,nonpositive_central_mean,,,0,nonpositive_central_mean,invalid,4.042253785058718e-11,9.751526578748922e-12,24.123984037799023,31,validated_R1-6
6,8,100,,,,nonpositive_central_mean,,,0,nonpositive_central_mean,invalid,-9.669723036152684e-12,1.0937639030389582e-11,113.11222658080769,52,validated_R1-6
6,9,100,,,,nonpositive_central_mean,,,0,nonpositive_central_mean,invalid,-1.1756073004684185e-11,9.983024774356144e-12,84.91802296888108,55,validated_R1-6
7,1,100,1.25781755820319,0.0054980909438318,0.4371135470302948,ok,0.0047597124390719,0.3784103988714584,100,ok,good,2.060615803174757e-08,7.021530004234895e-11,0.3407491097281181,0,borderline_R7-8
7,2,100,1.220778623745155,0.0083663811418507,0.6853315563622846,ok,0.0082847044728324,0.6786410174365871,100,ok,good,5.857790041883429e-09,3.205787691124507e-11,0.5472691353228776,0,borderline_R7-8
7,3,100,1.2186490359660065,0.018159388355437,1.4901245411516146,ok,0.0178108262477944,1.4615222038620863,100,ok,good,1.728050306913793e-09,1.5061775354283312e-11,0.8716051433237988,0,borderline_R7-8
7,4,100,1.2771233250349965,0.0782018709371926,6.123282646572107,ok,0.0623901238976014,4.885207456052988,100,ok,good,5.108622711394088e-10,9.546879405714243e-12,1.8687775443704675,0,borderline_R7-8
7,5,100,1.0829530835995778,0.2380868306022102,21.984962618218365,ok,0.1829049595292709,16.889462923114042,100,ok,marginal,1.4244795440315002e-10,9.266037475224064e-12,6.504858222814296,6,borderline_R7-8
7,6,100,1.3322027321146437,0.7282241355362372,54.66316184326586,ok,0.7424771505011178,55.73304517418025,100,ok,diagnostic_only,4.823204417811488e-11,8.868485864600871e-12,18.38712419455138,29,borderline_R7-8
7,7,100,0.9857042578875804,1.727974076411995,175.30350128700272,ok,1.762223475327638,178.77811333636538,100,ok,diagnostic_only,1.2728211210017105e-11,9.921801186831214e-12,77.95126136045538,48,borderline_R7-8
7,8,100,-0.6551526443477266,1.6483516572752608,251.5981079365662,ok,1.6039828663444349,244.8258249711208,100,ok,diagnostic_only,4.749867045029778e-12,7.576475733528523e-12,159.50921703074795,46,borderline_R7-8
7,9,100,-0.6112339185381667,1.0864901228754675,177.75357190156078,ok,1.0762315312914812,176.0752305541891,100,ok,diagnostic_only,9.145566912825859e-12,9.338932653151204e-12,102.1143111429666,48,borderline_R7-8
8,1,100,1.3489525837064484,0.0078194369771511,0.579667296804912,ok,0.0062288443902845,0.4617541391388204,100,ok,good,1.5295804213453534e-08,6.745305428041983e-11,0.4409905706108019,0,borderline_R7-8
8,2,100,1.3041139751672044,0.0119674961854681,0.9176725664590591,ok,0.0118493021209861,0.9086093966186404,100,ok,good,3.9694437545085966e-09,2.858156790391567e-11,0.7200396244801803,0,borderline_R7-8
8,3,100,1.2845218183907403,0.0308371009752454,2.4006677452842684,ok,0.0291835372411634,2.271937838916961,100,ok,good,1.0773582690514147e-09,1.3760646891465e-11,1.2772582052561663,0,borderline_R7-8
8,4,100,1.5533736825779445,0.1468294790922487,9.452296040484846,ok,0.1291684113497048,8.315346963735074,100,ok,good,2.981943508816066e-10,8.84928721384319e-12,2.967624030328013,0,borderline_R7-8
8,5,100,1.10351047128049,0.3505766911049368,31.769221971961457,ok,0.3484364514126863,31.57527368166866,100,ok,diagnostic_only,6.307798231876629e-11,8.554918123798895e-12,13.56244732205666,19,borderline_R7-8
8,6,100,,,,nonpositive_central_mean,,,0,nonpositive_central_mean,invalid,2.092325676605064e-11,7.0428602845434815e-12,33.66043997496119,42,borderline_R7-8
8,7,100,,,,nonpositive_central_mean,,,0,nonpositive_central_mean,invalid,-4.113610604154376e-12,7.763201405479082e-12,188.71988995844544,47,borderline_R7-8
8,8,100,0.3257363702058434,2.2343828321845294,685.948219651539,ok,2.3429181398704704,719.268204035645,100,ok,diagnostic_only,4.9418950766419815e-12,6.929492074945219e-12,140.2193281621391,44,borderline_R7-8
8,9,100,-0.9173863187544294,2.0323850693462355,221.54080868632124,ok,2.2008259892064808,239.901767032522,100,ok,diagnostic_only,3.5680260160483946e-12,7.475844258541767e-12,209.52325529344935,46,borderline_R7-8
9,1,100,1.4478698731379975,0.0087312520073146,0.6030412103534729,ok,0.0079834557714138,0.5513931824626714,100,ok,good,1.1379164913280934e-08,6.358862576517849e-11,0.5588162773786894,0,diagnostic_R9-12
9,2,100,1.390067719415896,0.0175808267674545,1.264746063942987,ok,0.0174141952015035,1.2527587655097112,100,ok,good,2.6749058164017422e-09,2.412683813854277e-11,0.9019696316260573,0,diagnostic_R9-12
9,3,100,1.4071318758073232,0.0558275476648715,3.967470897696866,ok,0.0466263018969215,3.313570156327412,100,ok,good,6.66207864346224e-10,1.2547803613150902e-11,1.8834667503459384,0,diagnostic_R9-12
9,4,100,1.5651008636594692,0.21103361924008,13.483707289423377,ok,0.1796010386671463,11.475365124213717,100,ok,marginal,1.6311734579804947e-10,7.502806561317226e-12,4.5996374724035896,3,diagnostic_R9-12
9,5,100,1.7353507396385803,1.074939347440228,61.94363611266876,ok,1.1139536971127568,64.19184731178659,100,ok,diagnostic_only,3.410244187645297e-11,6.355512370420313e-12,18.6365316403007,32,diagnostic_R9-12
9,6,100,,,,nonpositive_central_mean,,,0,nonpositive_central_mean,invalid,6.0135680106562466e-12,6.432637105300013e-12,106.96872628531284,48,diagnostic_R9-12
9,7,100,,,,nonpositive_central_mean,,,0,nonpositive_central_mean,invalid,-3.492750519246557e-12,5.8389138378275575e-12,167.17237047572198,55,diagnostic_R9-12
9,8,100,2.3066282383427072,3.961411896163492,171.74037108856922,ok,,,99,invalid_jackknife_samples,diagnostic_only,1.3943730898210698e-11,6.3244258198041655e-12,45.35676904533302,37,diagnostic_R9-12
9,9,100,-1.6548180890875597,3.9605541393921695,239.3347139186735,ok,,,99,invalid_jackknife_samples,diagnostic_only,1.3887468183297637e-12,5.513249793355321e-12,396.9945940172212,47,diagnostic_R9-12
10,1,100,1.5492397944331633,0.0120819106663792,0.7798605941954749,ok,0.0114006391461743,0.7358860253357741,100,ok,good,8.699088350692919e-09,6.163254154416741e-11,0.7084942589329848,0,diagnostic_R9-12
10,2,100,1.4771093033008391,0.0254810850585944,1.7250642861467926,ok,0.025244462040255,1.7090449558365273,100,ok,good,1.8477680263253798e-09,2.3001855287726988e-11,1.2448454005057294,0,diagnostic_R9-12
10,3,100,1.539201691493551,0.0741935600333515,4.820262376489364,ok,0.0654361450822431,4.251304130178533,100,ok,good,4.218392908534764e-10,1.0900404680735224e-11,2.584018349424312,0,diagnostic_R9-12
10,4,100,1.8082603070657344,0.3604128716135513,19.931470607702146,ok,0.3569808505725828,19.74167376111108,100,ok,marginal,9.050659515104836e-11,6.309239062229274e-12,6.971026864616498,7,diagnostic_R9-12
10,5,100,1.9735376434637224,2.4454265432339675,123.91081322077244,ok,2.9921653760277374,151.6143046948037,100,ok,diagnostic_only,1.483756907831359e-11,5.3687706136356995e-12,36.18362674707025,41,diagnostic_R9-12
10,6,100,,,,nonpositive_central_mean,,,0,nonpositive_central_mean,invalid,2.061893575758253e-12,5.055548664296167e-12,245.1896025931896,48,diagnostic_R9-12
10,7,100,,,,nonpositive_central_mean,,,0,nonpositive_central_mean,invalid,-3.638082660089783e-12,5.651864339434034e-12,155.35282915464472,51,diagnostic_R9-12
10,8,100,,,,nonpositive_central_mean,,,0,nonpositive_central_mean,invalid,2.9965446141970906e-12,5.305774248670586e-12,177.06308204232232,50,diagnostic_R9-12
10,9,100,,,,nonpositive_central_mean,,,0,nonpositive_central_mean,invalid,-4.842849210491498e-12,4.6400850543804765e-12,95.81312266192896,54,diagnostic_R9-12
11,1,100,1.6404641387879484,0.0157351428747735,0.9591884700630776,ok,0.0152817805511591,0.9315522473078888,100,ok,good,7.138297564204931e-09,6.134700222847814e-11,0.8594066256932653,0,diagnostic_R9-12
11,2,100,1.5201143798239412,0.0374632820488594,2.4645041548254025,ok,0.0370906852295021,2.4399930506412284,100,ok,good,1.3840447254462521e-09,2.2613475460481223e-11,1.6338688370919556,0,diagnostic_R9-12
11,3,100,1.6542587277012082,0.1323869289666472,8.002794650545072,ok,0.1140182669940936,6.892408369066657,100,ok,good,3.0267241193145286e-10,1.11553762285615e-11,3.6856270306815713,0,diagnostic_R9-12
11,4,100,2.177269535957133,0.851376901883211,39.1029630380119,ok,0.8412973136241687,38.640016760916666,100,ok,diagnostic_only,5.788118322057382e-11,6.656871343233543e-12,11.500924778723878,20,diagnostic_R9-12
11,5,100,0.1598139265515904,1.2733244432821975,796.7543697583508,ok,1.2598993075775096,788.3538905295557,100,ok,diagnostic_only,6.560867324040521e-12,5.522721864169961e-12,84.17670395396418,42,diagnostic_R9-12
11,6,100,,,,nonpositive_central_mean,,,0,nonpositive_central_mean,invalid,5.591842737075449e-12,5.183399346914386e-12,92.6957282354711,44,diagnostic_R9-12
11,7,100,,,,nonpositive_central_mean,,,0,nonpositive_central_mean,invalid,-2.4405775091107477e-12,4.887873614646746e-12,200.275287156428,55,diagnostic_R9-12
11,8,100,,,,nonpositive_central_mean,,,0,nonpositive_central_mean,invalid,-8.067936427971316e-13,4.760940874335603e-12,590.1063942236271,53,diagnostic_R9-12
11,9,100,,,,nonpositive_central_mean,,,0,nonpositive_central_mean,invalid,4.0858808547098105e-12,4.915361143757825e-12,120.30113746689084,45,diagnostic_R9-12
12,1,100,1.6790580953741752,0.0185039131342946,1.1020412685703471,ok,0.0179683431367358,1.070144218728276,100,ok,good,6.630632394381673e-09,6.054090221050989e-11,0.9130486899229696,0,diagnostic_R9-12
12,2,100,1.543046588264606,0.0465270950325342,3.015274806761419,ok,0.046069634907916,2.985628253760535,100,ok,good,1.2369418557269315e-09,2.3265794561717257e-11,1.8809125468589067,0,diagnostic_R9-12
12,3,100,2.0193682984388346,0.2151743291710894,10.655526747519993,ok,0.2089833443619031,10.348946476156296,100,ok,marginal,2.6437030182299743e-10,1.2069268487285704e-11,4.5652890676678135,0,diagnostic_R9-12
12,4,100,,,,nonpositive_central_mean,,,0,nonpositive_central_mean,invalid,3.5092326218691914e-11,7.657089645952532e-12,21.81984060627473,30,diagnostic_R9-12
12,5,100,,,,nonpositive_central_mean,,,0,nonpositive_central_mean,invalid,-3.642551603602181e-12,6.451097304559092e-12,177.10379993462527,54,diagnostic_R9-12
12,6,100,,,,nonpositive_central_mean,,,0,nonpositive_central_mean,invalid,-5.577294893068792e-12,6.807129261676215e-12,122.05073233864331,56,diagnostic_R9-12
12,7,100,,,,nonpositive_central_mean,,,0,nonpositive_central_mean,invalid,3.971890742346626e-12,6.675178882890747e-12,168.06048594748094,44,diagnostic_R9-12
12,8,100,,,,nonpositive_central_mean,,,0,nonpositive_central_mean,invalid,-2.9579346510515e-12,7.1902035777298926e-12,243.0818941579351,53,diagnostic_R9-12
12,9,100,5.1051854365878615,83.73171720597435,1640.1307699008455,ok,,,56,invalid_jackknife_samples,diagnostic_only,1.3712233519262612e-11,6.413502974536488e-12,46.77212480028841,43,diagnostic_R9-12
