cfg,R,T,Veff_log_Re_ratio
1,0,1,2.0012354459772740e-02
1,0,2,6.8080680816835284e-03
1,0,3,4.7621659976115971e-03
1,1,1,5.0429570128470458e-01
1,1,2,4.9254699464377433e-01
1,1,3,4.8774345509042338e-01
1,2,1,7.3370702352313788e-01
1,2,2,7.0869584134088970e-01
1,2,3,6.8318491836774409e-01
1,3,1,9.0912390018822775e-01
1,3,2,8.3881261081105474e-01
1,3,3,8.8665622490341101e-01
2,0,1,1.8298008650232591e-02
2,0,2,8.0105432939386531e-03
2,0,3,3.2647586178519207e-03
2,1,1,5.0774096513021671e-01
2,1,2,4.9164319244965243e-01
2,1,3,4.8107546956121061e-01
2,2,1,7.4412860561982086e-01
2,2,2,7.3389756455276378e-01
2,2,3,7.1709915417883818e-01
2,3,1,8.8026515143750728e-01
2,3,2,8.7123666907746944e-01
2,3,3,9.2928087080979760e-01
3,0,1,1.5269524873878490e-02
3,0,2,-3.5978280470421627e-03
3,0,3,5.3313125646783392e-03
3,1,1,5.0135249947888338e-01
3,1,2,4.7954280067835064e-01
3,1,3,4.6638517672037449e-01
3,2,1,7.2725860251650842e-01
3,2,2,6.9778430859969298e-01
3,2,3,6.8679751031057046e-01
3,3,1,8.7179051892355330e-01
3,3,2,9.0312403438920297e-01
3,3,3,7.8030906522537691e-01
4,0,1,1.3691139745686306e-02
4,0,2,5.7103021372626132e-03
4,0,3,-1.3344752872149987e-02
4,1,1,4.9007191001536998e-01
4,1,2,4.8749175766755171e-01
4,1,3,4.5430983818421350e-01
4,2,1,7.2732838533977651e-01
4,2,2,7.2277840728804366e-01
4,2,3,7.1199981350228136e-01
4,3,1,8.8325610659925924e-01
4,3,2,8.6788292943036427e-01
4,3,3,8.9397490408993729e-01
5,0,1,-5.1116539348879620e-03
5,0,2,1.1212417782526338e-02
5,0,3,2.6744515135819900e-02
5,1,1,4.7467895610257554e-01
5,1,2,4.8722586469256318e-01
5,1,3,5.1970627464096697e-01
5,2,1,6.8560866842422319e-01
5,2,2,6.8643270863845840e-01
5,2,3,7.5811688044838399e-01
5,3,1,8.0627800735311150e-01
5,3,2,8.1059785235580906e-01
5,3,3,9.1275538914164545e-01
6,0,1,1.0820205915262338e-02
6,0,2,1.8012474343781698e-02
6,0,3,-1.5529969251287211e-02
6,1,1,4.9840684412922681e-01
6,1,2,5.0989543797664361e-01
6,1,3,4.6254978219807175e-01
6,2,1,7.1872158802567865e-01
6,2,2,7.6018361468592999e-01
6,2,3,7.1837097720421372e-01
6,3,1,8.6634379146212048e-01
6,3,2,9.2870383177268079e-01
6,3,3,6.4545463753874743e-01
7,0,1,-5.0697750685718222e-03
7,0,2,8.2465313183737662e-03
7,0,3,-1.4934942086993125e-03
7,1,1,4.9236524191126485e-01
7,1,2,4.8744391854240188e-01
7,1,3,4.6563939113979863e-01
7,2,1,7.1412133575534098e-01
7,2,2,7.0052035133912327e-01
7,2,3,6.8041734120002995e-01
7,3,1,8.8623552343706047e-01
7,3,2,8.7787396046240118e-01
7,3,3,7.4421929515224972e-01
8,0,1,1.9316808162028874e-02
8,0,2,1.7120584511770211e-02
8,0,3,-1.1284206335272448e-02
8,1,1,5.1038411773111481e-01
8,1,2,5.0688728170675790e-01
8,1,3,4.3319157328765112e-01
8,2,1,7.3452321639140650e-01
8,2,2,6.9919153672365109e-01
8,2,3,6.5117636516468003e-01
8,3,1,8.8683478554197437e-01
8,3,2,8.5019641126318235e-01
8,3,3,1.0174540870616791e+00
9,0,1,-1.4162662106734592e-03
9,0,2,6.9526048273395426e-03
9,0,3,1.1229364466769193e-02
9,1,1,4.8332721744968726e-01
9,1,2,4.8904460954079082e-01
9,1,3,4.8869123432575140e-01
9,2,1,7.2692332826523343e-01
9,2,2,7.2085785658766732e-01
9,2,3,7.5200367923736378e-01
9,3,1,8.5245440264409311e-01
9,3,2,8.6060476714419709e-01
9,3,3,8.8549974660138087e-01
10,0,1,1.0874500769186980e-02
10,0,2,1.0798249457563974e-02
10,0,3,-3.4914425239173019e-03
10,1,1,4.9187624618110598e-01
10,1,2,5.1244199713831462e-01
10,1,3,4.3754652420374762e-01
10,2,1,7.1591612073077737e-01
10,2,2,7.9414549593629435e-01
10,2,3,6.3223759213995900e-01
10,3,1,8.7901371931402505e-01
10,3,2,9.5552191414720344e-01
10,3,3,8.6546271118801921e-01
11,0,1,-6.6704304185092791e-03
11,0,2,-4.3955994694444762e-04
11,0,3,4.9331747597018511e-03
11,1,1,4.9464579104122136e-01
11,1,2,4.8118058023083649e-01
11,1,3,4.7861265212908671e-01
11,2,1,7.4391945236353063e-01
11,2,2,6.9884285546510139e-01
11,2,3,6.7895429405473784e-01
11,3,1,8.9182607648977785e-01
11,3,2,7.6827667206485106e-01
11,3,3,8.7359049908393005e-01
12,0,1,8.1091080913958027e-03
12,0,2,2.3218749724981218e-03
12,0,3,1.3292537488746824e-03
12,1,1,4.9744817812831804e-01
12,1,2,4.8985029841725064e-01
12,1,3,4.8068690686150184e-01
12,2,1,7.2232695684187753e-01
12,2,2,6.9181418940034756e-01
12,2,3,6.4373963631305642e-01
12,3,1,8.6547723235259111e-01
12,3,2,7.6677348250594279e-01
12,3,3,8.4742954708687612e-01
13,0,1,2.2579304409336406e-02
13,0,2,-1.6509281465892784e-04
13,0,3,-9.5861198160865965e-03
13,1,1,5.0991032523898550e-01
13,1,2,4.7099536615725152e-01
13,1,3,4.7365663777451877e-01
13,2,1,7.3264243529606921e-01
13,2,2,6.8976353657904699e-01
13,2,3,7.2060158607193903e-01
13,3,1,8.6863673228144322e-01
13,3,2,8.2399987587228840e-01
13,3,3,9.4806224377572212e-01
14,0,1,1.0330438151576244e-02
14,0,2,7.1816290184147846e-03
14,0,3,-6.4796067656313645e-03
14,1,1,4.9733042729854710e-01
14,1,2,4.7040796258995948e-01
14,1,3,4.6470308936734389e-01
14,2,1,7.3263568817659508e-01
14,2,2,7.0988383457053350e-01
14,2,3,7.2213664936206412e-01
14,3,1,8.8648449161214804e-01
14,3,2,8.4244401750732822e-01
14,3,3,8.1976400914232361e-01
15,0,1,-4.5417927771895924e-03
15,0,2,2.8950197831758857e-02
15,0,3,-1.1770424269755022e-02
15,1,1,4.7647269300699197e-01
15,1,2,5.0868715073953619e-01
15,1,3,4.6698738221848435e-01
15,2,1,7.0801707435005001e-01
15,2,2,7.3747673938225833e-01
15,2,3,7.2023420162797147e-01
15,3,1,8.9633536832915217e-01
15,3,2,9.0882463604866026e-01
15,3,3,8.1685473776652240e-01
16,0,1,-1.4185267021001927e-04
16,0,2,7.5904464120464853e-03
16,0,3,1.0569813001847171e-02
16,1,1,4.8681614562741210e-01
16,1,2,4.9225102790410441e-01
16,1,3,4.9553811664622061e-01
16,2,1,7.0833083730708435e-01
16,2,2,7.1791095343138223e-01
16,2,3,7.0337402074925315e-01
16,3,1,8.7838678968480965e-01
16,3,2,8.7780286353886949e-01
16,3,3,7.2944656586478263e-01
17,0,1,1.3352711561532952e-03
17,0,2,1.4574821597743010e-02
17,0,3,1.9005626990023065e-02
17,1,1,4.7958185006461618e-01
17,1,2,5.0846418564058027e-01
17,1,3,4.9368458190882364e-01
17,2,1,7.0590034195946705e-01
17,2,2,7.4481857980526167e-01
17,2,3,7.0588218323267304e-01
17,3,1,8.1754723617076053e-01
17,3,2,9.1513102850930528e-01
17,3,3,9.4845234822786473e-01
18,0,1,1.0115741889624840e-02
18,0,2,-2.2432265041445795e-03
18,0,3,1.3228276250531041e-02
18,1,1,4.9092707001552682e-01
18,1,2,4.8711874458776844e-01
18,1,3,4.5933765787145292e-01
18,2,1,7.1351663092966666e-01
18,2,2,7.1368456881170828e-01
18,2,3,6.0007619064260942e-01
18,3,1,8.7028134142254032e-01
18,3,2,7.8648037967757667e-01
18,3,3,7.5973281671593484e-01
19,0,1,1.9718853085937599e-02
19,0,2,5.1858469834313060e-03
19,0,3,-9.4252743118248964e-04
19,1,1,5.0158336614706223e-01
19,1,2,5.1444506568034598e-01
19,1,3,4.9400096792517828e-01
19,2,1,7.0788484873825475e-01
19,2,2,7.3429853271861367e-01
19,2,3,7.1764196681944958e-01
19,3,1,8.4996314101751924e-01
19,3,2,8.7561381608557265e-01
19,3,3,8.9097020427220774e-01
20,0,1,1.9137047011595226e-02
20,0,2,1.2168693752997121e-02
20,0,3,-1.8210684563051176e-02
20,1,1,5.1205053892663743e-01
20,1,2,4.9515554354271712e-01
20,1,3,4.8001866318190767e-01
20,2,1,7.5648960879571669e-01
20,2,2,7.1120409145893893e-01
20,2,3,6.9842745319030419e-01
20,3,1,9.3706305371335075e-01
20,3,2,8.2443984738279952e-01
20,3,3,8.7977124049627753e-01
21,0,1,7.8444835142514584e-03
21,0,2,-6.9268898160505087e-03
21,0,3,1.6249115127968582e-02
21,1,1,4.9361589580900606e-01
21,1,2,4.7137325987336398e-01
21,1,3,5.0601931668971267e-01
21,2,1,7.0129233822721770e-01
21,2,2,7.0632839877893294e-01
21,2,3,6.7265681537251065e-01
21,3,1,8.5628461391038968e-01
21,3,2,7.9697228744597259e-01
21,3,3,7.9847588202960540e-01
22,0,1,1.4019237171679676e-02
22,0,2,-3.2800701707544834e-03
22,0,3,1.1340803488751562e-03
22,1,1,4.9717646277746269e-01
22,1,2,4.7022664905401051e-01
22,1,3,4.9780962036580234e-01
22,2,1,7.1376951284929080e-01
22,2,2,6.9082848108659578e-01
22,2,3,6.8441198723176400e-01
22,3,1,8.1799529648295444e-01
22,3,2,8.9367822677883924e-01
22,3,3,7.0027835947777339e-01
23,0,1,-2.6879108531864689e-04
23,0,2,1.1915686671980242e-02
23,0,3,9.3011648842094945e-03
23,1,1,4.8817438866432844e-01
23,1,2,4.9926602839904388e-01
23,1,3,5.0283857040332980e-01
23,2,1,7.0017691299429441e-01
23,2,2,7.4348921174198135e-01
23,2,3,7.8155199965445521e-01
23,3,1,7.8380687500066792e-01
23,3,2,8.3530723889819003e-01
23,3,3,8.9502509236972172e-01
24,0,1,1.6435458208032105e-02
24,0,2,-9.7455811272404976e-04
24,0,3,-8.4493702029216529e-03
24,1,1,4.9495011874268774e-01
24,1,2,4.8923125188176281e-01
24,1,3,4.6612523588911026e-01
24,2,1,7.1506395217726715e-01
24,2,2,7.0427502271314468e-01
24,2,3,7.8581383916868430e-01
24,3,1,8.2216869706668427e-01
24,3,2,8.9924129339631842e-01
24,3,3,8.6385492733694469e-01
25,0,1,1.6789467716348948e-02
25,0,2,-4.0608172725327353e-04
25,0,3,-1.0818140606073455e-03
25,1,1,5.1091870257315142e-01
25,1,2,4.7573404585396623e-01
25,1,3,4.8002387120259493e-01
25,2,1,7.4935386557788697e-01
25,2,2,6.8030062798916080e-01
25,2,3,7.5388825376625113e-01
25,3,1,9.1701068318823031e-01
25,3,2,7.9616091894685270e-01
25,3,3,8.8455033615199907e-01
26,0,1,3.1087215554009358e-03
26,0,2,9.5486723643354414e-03
26,0,3,-2.6961829731164950e-03
26,1,1,4.9703539620494114e-01
26,1,2,4.9908695012058074e-01
26,1,3,4.8738104500671398e-01
26,2,1,7.4635664496281073e-01
26,2,2,6.9337639765724768e-01
26,2,3,7.0437614465188680e-01
26,3,1,8.9356634735794194e-01
26,3,2,7.9300581993190644e-01
26,3,3,9.0750510463093059e-01
27,0,1,1.1758200927222634e-03
27,0,2,1.5667972180132717e-02
27,0,3,5.8996931856977733e-03
27,1,1,4.8607052137673618e-01
27,1,2,5.0892624578449797e-01
27,1,3,4.8528999128436295e-01
27,2,1,7.1163577452296245e-01
27,2,2,7.6440642403117653e-01
27,2,3,6.4564496423714912e-01
27,3,1,8.6071177277152777e-01
27,3,2,8.7212951831506835e-01
27,3,3,8.1375698589939405e-01
28,0,1,1.5039776231352100e-02
28,0,2,-3.7926936424696961e-03
28,0,3,1.4371769374318833e-03
28,1,1,5.0058940738742408e-01
28,1,2,4.8396976142753556e-01
28,1,3,4.8704129581776329e-01
28,2,1,7.2860439044987291e-01
28,2,2,6.9168751263121231e-01
28,2,3,7.0310875282471053e-01
28,3,1,8.9072240729277274e-01
28,3,2,8.0327969379394504e-01
28,3,3,8.7533260744478691e-01
29,0,1,3.3816357049642159e-03
29,0,2,-2.2565332577689939e-03
29,0,3,7.9873469505125794e-03
29,1,1,4.9768079383844127e-01
29,1,2,4.8334987557858117e-01
29,1,3,4.6677810533701330e-01
29,2,1,7.2601612181050879e-01
29,2,2,6.8497651063121134e-01
29,2,3,6.9299279951808757e-01
29,3,1,8.7215423475108034e-01
29,3,2,8.1248910748128600e-01
29,3,3,8.3107565407221173e-01
30,0,1,1.9687362812879229e-02
30,0,2,1.0979308925315623e-02
30,0,3,2.5688002222730415e-03
30,1,1,4.9113253958908204e-01
30,1,2,4.9333493324606348e-01
30,1,3,4.7654778159610384e-01
30,2,1,7.0839785157527380e-01
30,2,2,7.5819047938537676e-01
30,2,3,5.8480677130876402e-01
30,3,1,8.5498199165750732e-01
30,3,2,9.1817686303351764e-01
30,3,3,7.4928742503973034e-01
31,0,1,2.8558956261741843e-02
31,0,2,4.4528528168801158e-04
31,0,3,-1.0184352889711966e-02
31,1,1,5.1586560960587990e-01
31,1,2,4.7423102112600829e-01
31,1,3,5.0562288183716653e-01
31,2,1,7.2316475070571007e-01
31,2,2,6.7758940959829084e-01
31,2,3,7.3749115262653597e-01
31,3,1,8.6084239844682486e-01
31,3,2,7.7767388280042826e-01
31,3,3,8.4256679288303682e-01
32,0,1,9.0655871562569136e-03
32,0,2,1.0431653300082437e-02
32,0,3,3.9375443933089239e-03
32,1,1,4.9719950913952199e-01
32,1,2,5.0315321844217775e-01
32,1,3,4.8464508625872676e-01
32,2,1,7.3220944535873655e-01
32,2,2,7.3782686534824549e-01
32,2,3,7.9395888478876320e-01
32,3,1,8.6504249072783390e-01
32,3,2,8.8954674626211772e-01
32,3,3,8.8995440175756324e-01
33,0,1,1.3412104146524535e-02
33,0,2,-1.3350592123041603e-02
33,0,3,3.7854667546766509e-02
33,1,1,5.0994437511855639e-01
33,1,2,4.6977178975866191e-01
33,1,3,5.0223376325599711e-01
33,2,1,7.3633309456763896e-01
33,2,2,7.0281568098583125e-01
33,2,3,6.3059587560485075e-01
33,3,1,8.9629330910680538e-01
33,3,2,8.0376208228654011e-01
33,3,3,6.4866496628399628e-01
34,0,1,8.4294653533236522e-03
34,0,2,1.6233367764418152e-02
34,0,3,-8.4179684525105894e-03
34,1,1,5.0409705617830214e-01
34,1,2,5.1230341061532059e-01
34,1,3,4.9055242839472241e-01
34,2,1,7.4880930750394614e-01
34,2,2,7.3243704417517552e-01
34,2,3,7.0065281002007218e-01
34,3,1,9.1960347183132296e-01
34,3,2,8.4054276403129269e-01
34,3,3,9.1930495371586818e-01
35,0,1,-1.9912876272393533e-03
35,0,2,-2.7628117404084234e-03
35,0,3,7.3561221170507594e-03
35,1,1,4.9287870340948936e-01
35,1,2,4.7092018376358902e-01
35,1,3,4.7241847479556143e-01
35,2,1,7.0874284238118845e-01
35,2,2,7.2312704000474270e-01
35,2,3,7.6314054387269015e-01
35,3,1,8.2818562277611885e-01
35,3,2,9.0481023229512614e-01
35,3,3,8.4281466242164360e-01
36,0,1,-9.2182893789024547e-04
36,0,2,8.3892939157387252e-03
36,0,3,1.7944993418137962e-03
36,1,1,4.7897555223724558e-01
36,1,2,4.8313890949173355e-01
36,1,3,4.9234900323446495e-01
36,2,1,6.9841278631787140e-01
36,2,2,6.8887932204063318e-01
36,2,3,6.9824578925263014e-01
36,3,1,8.1082014564913263e-01
36,3,2,8.8033487140769251e-01
36,3,3,8.5277024568153936e-01
37,0,1,8.7746768823236659e-03
37,0,2,4.9622606979684005e-03
37,0,3,-1.7616847632114629e-03
37,1,1,4.8093725285504402e-01
37,1,2,4.7059638377825591e-01
37,1,3,4.6890588680687839e-01
37,2,1,6.9286485679948961e-01
37,2,2,6.7442735729224013e-01
37,2,3,6.3480972124612367e-01
37,3,1,8.3683010633826127e-01
37,3,2,8.5415601408493114e-01
37,3,3,6.4290769419952598e-01
38,0,1,1.7251916706930034e-02
38,0,2,-7.3109651851630932e-03
38,0,3,5.4532858778735468e-03
38,1,1,4.9775882808358185e-01
38,1,2,4.6401072479716060e-01
38,1,3,4.8074411918467352e-01
38,2,1,7.2958504003069657e-01
38,2,2,6.9716190267973788e-01
38,2,3,6.4743294178178812e-01
38,3,1,8.4588490911498770e-01
38,3,2,8.0260566616589035e-01
38,3,3,8.1593984768767880e-01
39,0,1,1.5366124055322260e-03
39,0,2,5.7854414727908782e-03
39,0,3,1.5147888895382048e-03
39,1,1,4.8666337753930955e-01
39,1,2,4.8431314273843729e-01
39,1,3,4.8175878905217029e-01
39,2,1,7.1689644047403056e-01
39,2,2,7.1755443341025815e-01
39,2,3,7.0383719678953416e-01
39,3,1,8.1669793340831021e-01
39,3,2,8.5308369136878182e-01
39,3,3,8.4253839879118275e-01
40,0,1,7.3264599759690898e-03
40,0,2,-4.3136826683389945e-03
40,0,3,-6.1064059861130459e-03
40,1,1,4.9489487509975011e-01
40,1,2,4.7960464310839246e-01
40,1,3,4.5180208978563730e-01
40,2,1,7.1745628101421410e-01
40,2,2,7.0357266398593010e-01
40,2,3,7.0506331357314067e-01
40,3,1,8.3331248042304751e-01
40,3,2,8.4439214364042192e-01
40,3,3,8.1444947828217173e-01
41,0,1,1.0136583471647951e-02
41,0,2,2.3858620577636814e-02
41,0,3,-1.2441301931571778e-02
41,1,1,4.9462432356790237e-01
41,1,2,5.0906450780593682e-01
41,1,3,4.6231116520345711e-01
41,2,1,7.0611434875199819e-01
41,2,2,7.8023823625418087e-01
41,2,3,7.0105591616991592e-01
41,3,1,8.6017593307683315e-01
41,3,2,8.5804551397153805e-01
41,3,3,9.0050185978286257e-01
42,0,1,1.6101376113999557e-02
42,0,2,1.3497210756260450e-03
42,0,3,3.1392331125126402e-03
42,1,1,4.9464593176957122e-01
42,1,2,4.7034199647963409e-01
42,1,3,5.1345599620329918e-01
42,2,1,7.4266384165251975e-01
42,2,2,6.7473662995515238e-01
42,2,3,7.1813371553389926e-01
42,3,1,9.1389491088486685e-01
42,3,2,8.2861335137494307e-01
42,3,3,8.1984002561386704e-01
43,0,1,2.4877420754887164e-02
43,0,2,9.1405753375882730e-03
43,0,3,-9.3689617737501753e-03
43,1,1,5.1900685537771163e-01
43,1,2,4.8504920399201451e-01
43,1,3,4.5611832539530567e-01
43,2,1,7.2066801888841792e-01
43,2,2,7.1772685007028525e-01
43,2,3,7.0911266411301566e-01
43,3,1,8.2742662305314274e-01
43,3,2,8.6364157167453515e-01
43,3,3,7.7482644380247234e-01
44,0,1,7.4233534596586702e-03
44,0,2,6.4216136802754138e-03
44,0,3,3.7516284970326120e-03
44,1,1,4.9011839061586482e-01
44,1,2,4.9801869827974021e-01
44,1,3,4.7337378759714605e-01
44,2,1,6.8754280250621991e-01
44,2,2,7.7694829434651147e-01
44,2,3,8.1261581989437881e-01
44,3,1,8.2433993683817142e-01
44,3,2,8.6465514083981876e-01
44,3,3,8.6052492449738349e-01
45,0,1,1.0447640716491931e-02
45,0,2,-4.6635437258880901e-03
45,0,3,8.4190157165884884e-03
45,1,1,4.9337444333636693e-01
45,1,2,4.7941115803087986e-01
45,1,3,4.8141725179095107e-01
45,2,1,7.2385649066215474e-01
45,2,2,7.0054997539029262e-01
45,2,3,7.1730413325203390e-01
45,3,1,8.7697979811435955e-01
45,3,2,8.2894390890526926e-01
45,3,3,8.8699933561166899e-01
46,0,1,1.2578544174715470e-02
46,0,2,1.4164022626923887e-03
46,0,3,-6.8506490706677558e-03
46,1,1,5.0578728653790950e-01
46,1,2,4.6665650514289414e-01
46,1,3,4.6695107450593104e-01
46,2,1,7.3785852368354776e-01
46,2,2,6.8281791546579784e-01
46,2,3,6.8724217751939720e-01
46,3,1,9.2318124061073137e-01
46,3,2,7.9983547642390795e-01
46,3,3,7.5824447900062819e-01
47,0,1,9.2817486233084424e-03
47,0,2,9.8967246865124450e-03
47,0,3,-7.2018968972467970e-03
47,1,1,4.9435987735881004e-01
47,1,2,5.0107281657772251e-01
47,1,3,4.5728094753943638e-01
47,2,1,7.1505408978092866e-01
47,2,2,7.4065152673150003e-01
47,2,3,6.6623727283552259e-01
47,3,1,8.3981803338975858e-01
47,3,2,9.0134113133259275e-01
47,3,3,6.6771005348185308e-01
48,0,1,1.6275887516690312e-03
48,0,2,4.1851594913772921e-03
48,0,3,5.2279012632003878e-03
48,1,1,4.8880210389445716e-01
48,1,2,4.8280517871902762e-01
48,1,3,4.7842219691360055e-01
48,2,1,7.0522430563104754e-01
48,2,2,7.2479742941472136e-01
48,2,3,6.8857763336833111e-01
48,3,1,8.2929027729114735e-01
48,3,2,8.7646347996008855e-01
48,3,3,9.1899737023965689e-01
49,0,1,1.5224045279141589e-02
49,0,2,4.7955225418228418e-03
49,0,3,-1.3146978805087309e-03
49,1,1,5.0280478428601505e-01
49,1,2,4.7478563925795075e-01
49,1,3,5.0289689829304907e-01
49,2,1,7.4681596993393007e-01
49,2,2,6.7425709784858734e-01
49,2,3,6.5081045190682052e-01
49,3,1,9.1411111393563538e-01
49,3,2,8.2339893986789114e-01
49,3,3,8.7219107991074951e-01
50,0,1,9.8020337813066877e-03
50,0,2,9.4224255246650075e-03
50,0,3,-3.5460055814149900e-03
50,1,1,5.0350399688258662e-01
50,1,2,5.0069293446300212e-01
50,1,3,4.6815832996870255e-01
50,2,1,7.4468181574141212e-01
50,2,2,6.8889606934803826e-01
50,2,3,6.4271268398233516e-01
50,3,1,9.1440067444033690e-01
50,3,2,7.9524255760988716e-01
50,3,3,7.9110946884728750e-01
51,0,1,7.4010459428819992e-03
51,0,2,7.0883011768504058e-03
51,0,3,-4.8794957677005648e-03
51,1,1,4.9545019178923172e-01
51,1,2,4.7642422971784654e-01
51,1,3,4.5812170388162904e-01
51,2,1,7.3481071715738699e-01
51,2,2,7.0729384466334544e-01
51,2,3,7.4545614386216330e-01
51,3,1,9.0057936441784470e-01
51,3,2,8.7638654444332775e-01
51,3,3,9.2435321770112588e-01
52,0,1,1.5640037921448573e-02
52,0,2,1.8777080593606915e-02
52,0,3,-1.4375949132386778e-02
52,1,1,4.9006163097154143e-01
52,1,2,5.0393893290730607e-01
52,1,3,4.5273588476896320e-01
52,2,1,7.1946770749357147e-01
52,2,2,7.4949895427422175e-01
52,2,3,6.4992117151026951e-01
52,3,1,8.4467985135509593e-01
52,3,2,8.8534862140677795e-01
52,3,3,7.8220602186108412e-01
53,0,1,1.8601495129724633e-02
53,0,2,-1.4618219024161518e-02
53,0,3,8.2035479397858969e-03
53,1,1,5.0184054632881825e-01
53,1,2,4.6914338924908372e-01
53,1,3,4.7392647137383831e-01
53,2,1,7.2862480706279831e-01
53,2,2,7.1129923919966409e-01
53,2,3,7.0604402884158746e-01
53,3,1,8.4907996461518020e-01
53,3,2,8.7371134068204570e-01
53,3,3,7.6722365852185004e-01
54,0,1,1.3162620965954623e-02
54,0,2,4.2920124171809725e-03
54,0,3,-5.7743393561122466e-05
54,1,1,5.2188543730512249e-01
54,1,2,4.7983705791987719e-01
54,1,3,4.4420080699022890e-01
54,2,1,7.5183753280506049e-01
54,2,2,7.1611071792066694e-01
54,2,3,6.4215920072975519e-01
54,3,1,9.0209993685435619e-01
54,3,2,8.9702827362555404e-01
54,3,3,7.7441315903483454e-01
55,0,1,1.6002608055956519e-02
55,0,2,2.5836012000372967e-03
55,0,3,-3.4651332581586950e-03
55,1,1,5.0076652126338994e-01
55,1,2,5.0197462280479610e-01
55,1,3,4.8088926132730081e-01
55,2,1,7.2514018848083595e-01
55,2,2,7.5258013452598682e-01
55,2,3,6.8220700911643195e-01
55,3,1,8.5935376402177477e-01
55,3,2,8.9133686153212510e-01
55,3,3,9.4627125040113191e-01
56,0,1,2.6722930702791543e-02
56,0,2,-1.2624020871212666e-02
56,0,3,1.5391337937916708e-02
56,1,1,5.2373403418052711e-01
56,1,2,4.6439734555578521e-01
56,1,3,5.1187008827552238e-01
56,2,1,7.6659618724037737e-01
56,2,2,6.4452712850990201e-01
56,2,3,7.4414997075598166e-01
56,3,1,9.2952212025297454e-01
56,3,2,7.5114457156926706e-01
56,3,3,7.8459467311751974e-01
57,0,1,2.2742784741823407e-02
57,0,2,-2.4550101001877371e-03
57,0,3,-8.7541840871175267e-03
57,1,1,5.1112324173107981e-01
57,1,2,4.8113371667721588e-01
57,1,3,4.5685799983927566e-01
57,2,1,7.5872113553172804e-01
57,2,2,6.8937878899964722e-01
57,2,3,6.8029927189124517e-01
57,3,1,9.2237117690864423e-01
57,3,2,8.5289919284819582e-01
57,3,3,7.2922509738530494e-01
58,0,1,2.3057414652983606e-02
58,0,2,-6.3083400070022984e-04
58,0,3,-7.3209570542224836e-03
58,1,1,5.2662253290641081e-01
58,1,2,4.7096238904486015e-01
58,1,3,4.9842801744816040e-01
58,2,1,7.8066713998675064e-01
58,2,2,7.2863735017268794e-01
58,2,3,6.7227870491150155e-01
58,3,1,9.1336267831199580e-01
58,3,2,8.4134790063676756e-01
58,3,3,7.5137956881849077e-01
59,0,1,4.6764681299817940e-03
59,0,2,4.1504702281012938e-03
59,0,3,5.6422507501564323e-03
59,1,1,4.8765407763477714e-01
59,1,2,4.9466619115596105e-01
59,1,3,4.6162275670091185e-01
59,2,1,7.1097988595267259e-01
59,2,2,6.9612182688473279e-01
59,2,3,6.6805252843009577e-01
59,3,1,8.3845710786069383e-01
59,3,2,8.3051965425797381e-01
59,3,3,9.3955829306426530e-01
60,0,1,-3.6194960994456772e-03
60,0,2,6.4516250843069710e-03
60,0,3,-8.3564386545903089e-04
60,1,1,4.7557170593719195e-01
60,1,2,4.9266596077746388e-01
60,1,3,4.6800124278159694e-01
60,2,1,6.6952197472049468e-01
60,2,2,6.7364424309365856e-01
60,2,3,7.2994049657370008e-01
60,3,1,8.0743760694162681e-01
60,3,2,7.3661777148803054e-01
60,3,3,7.7003480784260125e-01
61,0,1,1.5667786455634006e-02
61,0,2,2.7481405733479319e-05
61,0,3,1.5784854454641378e-02
61,1,1,5.0567814794013499e-01
61,1,2,4.8064448136963772e-01
61,1,3,4.9892298981891875e-01
61,2,1,7.4705181105092056e-01
61,2,2,6.7388629485026397e-01
61,2,3,6.5902921053542685e-01
61,3,1,8.8295270274221993e-01
61,3,2,7.3197369279619240e-01
61,3,3,8.2502459143769913e-01
62,0,1,2.0074368329162078e-02
62,0,2,-3.9816579672194629e-03
62,0,3,-3.2032084503877357e-03
62,1,1,5.0794829939798702e-01
62,1,2,4.7635206328822394e-01
62,1,3,4.6633726543652337e-01
62,2,1,7.3050102573884346e-01
62,2,2,6.9702533422175850e-01
62,2,3,6.5415283517713707e-01
62,3,1,8.8602311881157281e-01
62,3,2,8.3173032393745316e-01
62,3,3,7.5619356480645095e-01
63,0,1,1.8290727852504528e-02
63,0,2,4.1464284750845782e-03
63,0,3,-1.2556437449580855e-02
63,1,1,5.0161505302062925e-01
63,1,2,4.8782733909237574e-01
63,1,3,4.7553865567205461e-01
63,2,1,7.4080769334567365e-01
63,2,2,7.3539636712017298e-01
63,2,3,7.1200614784727445e-01
63,3,1,9.0789378511816810e-01
63,3,2,8.8423947966131355e-01
63,3,3,8.2226873370590281e-01
64,0,1,5.9372099440308714e-03
64,0,2,6.5572641069402068e-03
64,0,3,1.9854397683909618e-03
64,1,1,5.0891692776693942e-01
64,1,2,4.9551410624416109e-01
64,1,3,4.7447709700285967e-01
64,2,1,7.4100268878047537e-01
64,2,2,7.3168798992131290e-01
64,2,3,6.7505634180034724e-01
64,3,1,8.5118932496098088e-01
64,3,2,8.2738358446543392e-01
64,3,3,7.8707073512837900e-01
65,0,1,1.0398201195815582e-02
65,0,2,2.6853050754141326e-03
65,0,3,5.2339422651678498e-04
65,1,1,5.0439816733593301e-01
65,1,2,4.9196991374716420e-01
65,1,3,4.7815958302654249e-01
65,2,1,7.5429661148214144e-01
65,2,2,6.9992100126055667e-01
65,2,3,6.7008606419557060e-01
65,3,1,9.0445434833025851e-01
65,3,2,8.4734120779967115e-01
65,3,3,7.4322066259914188e-01
66,0,1,2.2926712493854817e-02
66,0,2,-6.1913963747709409e-03
66,0,3,-5.4532965832731562e-03
66,1,1,5.1158896140269794e-01
66,1,2,4.8275329343016471e-01
66,1,3,4.7281308371761654e-01
66,2,1,7.4645282971497795e-01
66,2,2,7.0126488518960528e-01
66,2,3,6.8663663091805704e-01
66,3,1,9.0365586081494842e-01
66,3,2,8.3125254754996103e-01
66,3,3,8.6769703678476551e-01
67,0,1,-2.0414145322117424e-04
67,0,2,2.7384673719802756e-03
67,0,3,-5.7684294880462313e-04
67,1,1,4.9512813062539168e-01
67,1,2,4.8063434467764254e-01
67,1,3,4.7428896300719586e-01
67,2,1,7.3698183055763133e-01
67,2,2,6.9454556813289958e-01
67,2,3,6.0958476414276752e-01
67,3,1,8.5764115676746144e-01
67,3,2,7.6858093085917378e-01
67,3,3,8.4227409186813429e-01
68,0,1,1.4357250293927561e-02
68,0,2,1.2053694457182202e-02
68,0,3,-8.9695611893409605e-03
68,1,1,5.0363678509178911e-01
68,1,2,4.8590907456139953e-01
68,1,3,4.6632350338683626e-01
68,2,1,7.4995899285055956e-01
68,2,2,6.9837230137462825e-01
68,2,3,6.9747746513390652e-01
68,3,1,9.0084843302517437e-01
68,3,2,8.2151313011781513e-01
68,3,3,8.2376583463825725e-01
69,0,1,8.6452747625142996e-03
69,0,2,1.0965578486335816e-02
69,0,3,5.9412917038920883e-03
69,1,1,5.0135444826779030e-01
69,1,2,4.9425959682568937e-01
69,1,3,4.8808421495863663e-01
69,2,1,7.2957738619810120e-01
69,2,2,7.0481153286634823e-01
69,2,3,6.8562373679866306e-01
69,3,1,8.6503641490256422e-01
69,3,2,8.4441202889927280e-01
69,3,3,8.4638910672654988e-01
70,0,1,-1.6999563914625787e-02
70,0,2,3.5694793348325076e-03
70,0,3,2.5258201742868955e-02
70,1,1,4.7221537385080775e-01
70,1,2,4.8830598192938723e-01
70,1,3,5.0943071701980835e-01
70,2,1,6.9623631395238905e-01
70,2,2,7.0514557639145925e-01
70,2,3,6.9001065123185634e-01
70,3,1,8.5359222693263093e-01
70,3,2,8.7521179815743877e-01
70,3,3,9.1545174529590734e-01
71,0,1,6.6244095969062262e-03
71,0,2,4.6361858429354906e-03
71,0,3,4.3282485316769159e-03
71,1,1,4.9679899399377586e-01
71,1,2,4.8565971994339652e-01
71,1,3,5.2395781322099932e-01
71,2,1,7.3388221490216776e-01
71,2,2,7.2619384409040855e-01
71,2,3,7.5812073527120893e-01
71,3,1,9.1812948266487182e-01
71,3,2,8.4503588607074509e-01
71,3,3,9.0849168113753564e-01
72,0,1,6.0412524618341521e-03
72,0,2,5.6563387407105854e-04
72,0,3,9.6582378189386184e-03
72,1,1,4.9306111084202009e-01
72,1,2,4.7848498273859402e-01
72,1,3,4.6756335141426891e-01
72,2,1,7.1905594161274189e-01
72,2,2,7.0810395947821581e-01
72,2,3,7.3211123760724406e-01
72,3,1,8.1526996048446609e-01
72,3,2,8.6946179585889360e-01
72,3,3,8.8326866394426140e-01
73,0,1,3.8176344852658261e-03
73,0,2,1.3628575255649809e-02
73,0,3,2.2769351721909754e-03
73,1,1,4.7536097215920781e-01
73,1,2,4.9535715103010830e-01
73,1,3,5.0127162677999260e-01
73,2,1,6.8050090260224227e-01
73,2,2,7.4681021610571496e-01
73,2,3,8.3679551253446094e-01
73,3,1,7.9333639511844123e-01
73,3,2,8.8204435937224035e-01
73,3,3,1.0318036259276608e+00
74,0,1,2.6922532875065376e-03
74,0,2,1.6792732377799203e-02
74,0,3,-1.6673661832689285e-02
74,1,1,4.7708065661634724e-01
74,1,2,4.9636674031136080e-01
74,1,3,4.5120648952990339e-01
74,2,1,7.2154407112761143e-01
74,2,2,7.4063738536782031e-01
74,2,3,6.6273782749413068e-01
74,3,1,8.8712748304238920e-01
74,3,2,9.2409863419006222e-01
74,3,3,6.3913085811325676e-01
75,0,1,1.0707769166583064e-02
75,0,2,1.0092531088732112e-02
75,0,3,-9.4321816145407997e-03
75,1,1,5.0263116130112551e-01
75,1,2,4.8570077957183644e-01
75,1,3,4.7665509689765095e-01
75,2,1,7.2900345583590842e-01
75,2,2,7.3488591473694231e-01
75,2,3,5.9391806167774408e-01
75,3,1,8.8756524485032173e-01
75,3,2,9.2858793560869446e-01
75,3,3,7.8240635195648844e-01
76,0,1,-9.7103088026797191e-04
76,0,2,-5.5786870704515462e-03
76,0,3,3.3745673960919000e-04
76,1,1,4.8895037973007949e-01
76,1,2,4.7667329394685981e-01
76,1,3,4.8366110109564042e-01
76,2,1,7.0305026221773848e-01
76,2,2,7.1942833534752293e-01
76,2,3,6.9139073569159737e-01
76,3,1,8.3559657257912656e-01
76,3,2,8.7228969852224947e-01
76,3,3,8.8569874774830359e-01
77,0,1,1.1330681105314358e-02
77,0,2,-8.1200533676751736e-03
77,0,3,8.5642757170801519e-03
77,1,1,5.0332243883588468e-01
77,1,2,4.7052851819673674e-01
77,1,3,4.8745850048857536e-01
77,2,1,7.2944588560404799e-01
77,2,2,6.3617092254207119e-01
77,2,3,7.4038503374353737e-01
77,3,1,8.5545144614631363e-01
77,3,2,7.7515052256694073e-01
77,3,3,8.8851881503239372e-01
78,0,1,1.3571251691513509e-02
78,0,2,1.4195526248919507e-02
78,0,3,5.7652826337407058e-04
78,1,1,4.8997909339614831e-01
78,1,2,4.9268624890707480e-01
78,1,3,4.9119708468791423e-01
78,2,1,7.2930097274162764e-01
78,2,2,7.2165980835635890e-01
78,2,3,7.0121465178038067e-01
78,3,1,8.5566724618061130e-01
78,3,2,9.0978963010977432e-01
78,3,3,7.8919033715740994e-01
79,0,1,3.2887066609667529e-03
79,0,2,-3.3713667095735520e-03
79,0,3,1.6360199030700538e-02
79,1,1,4.8839516846526054e-01
79,1,2,4.9164955749109907e-01
79,1,3,5.1225077027079824e-01
79,2,1,7.2082017803703458e-01
79,2,2,7.1746836719582285e-01
79,2,3,6.7021463785612889e-01
79,3,1,8.4041351684119836e-01
79,3,2,8.4300432655239710e-01
79,3,3,8.0161256506574752e-01
80,0,1,7.9821146254023360e-03
80,0,2,1.2536568514605181e-02
80,0,3,-6.9941452887924173e-03
80,1,1,5.0512132803518017e-01
80,1,2,5.0201758635794058e-01
80,1,3,4.7056310190780409e-01
80,2,1,7.1631087202499233e-01
80,2,2,7.4303948983902635e-01
80,2,3,6.8382568454907133e-01
80,3,1,8.5615750193064233e-01
80,3,2,9.4986291994193617e-01
80,3,3,7.0982744340088511e-01
81,0,1,1.1376087981493557e-02
81,0,2,-1.7204440139391680e-03
81,0,3,1.4328882377608531e-03
81,1,1,4.9386875930792279e-01
81,1,2,4.9518135486698772e-01
81,1,3,4.5731478418617982e-01
81,2,1,7.2244423133106428e-01
81,2,2,6.9977046614379312e-01
81,2,3,7.1020347081719193e-01
81,3,1,8.7742631527924630e-01
81,3,2,8.3449225304549834e-01
81,3,3,9.6284460668364580e-01
82,0,1,-6.6979446212053623e-03
82,0,2,9.4885196148062883e-03
82,0,3,2.1207117963483986e-03
82,1,1,4.8452663182438294e-01
82,1,2,4.9519513946841826e-01
82,1,3,4.8093743370890701e-01
82,2,1,7.1054771503987291e-01
82,2,2,7.5432568247904397e-01
82,2,3,6.6471700071940609e-01
82,3,1,8.4940878773031869e-01
82,3,2,8.9864616830511979e-01
82,3,3,7.1634527718424745e-01
83,0,1,3.1500085844057275e-03
83,0,2,7.6656008928381938e-03
83,0,3,-2.2186167929269937e-03
83,1,1,4.8753757922733942e-01
83,1,2,4.9865981746909160e-01
83,1,3,4.4228456228519802e-01
83,2,1,7.2399660625605655e-01
83,2,2,7.1522337978135953e-01
83,2,3,6.0210523256979609e-01
83,3,1,8.5086043214781060e-01
83,3,2,8.0291385346709665e-01
83,3,3,7.0743791358877672e-01
84,0,1,-1.0968820540368424e-02
84,0,2,1.3817821826010424e-02
84,0,3,1.2301746517933834e-02
84,1,1,4.6982154043100571e-01
84,1,2,4.7851596931535317e-01
84,1,3,5.0688830641752314e-01
84,2,1,6.9126451441801529e-01
84,2,2,7.0373626838239611e-01
84,2,3,7.5943542131413022e-01
84,3,1,8.2064553205869528e-01
84,3,2,7.8783129395782914e-01
84,3,3,8.3688542901825458e-01
85,0,1,6.2601407824877517e-03
85,0,2,-3.2088228204895340e-03
85,0,3,1.1378308964797790e-02
85,1,1,4.8736596885533945e-01
85,1,2,4.9862306371184317e-01
85,1,3,5.0054301341359042e-01
85,2,1,7.1173870042805376e-01
85,2,2,7.2926499867895933e-01
85,2,3,7.6240368255310431e-01
85,3,1,8.4339317734055042e-01
85,3,2,8.7675014352349545e-01
85,3,3,9.4040229880907189e-01
86,0,1,7.2254236061853926e-03
86,0,2,5.1680226619098199e-03
86,0,3,5.9711138673192391e-03
86,1,1,4.9476591471588549e-01
86,1,2,5.1793789282117642e-01
86,1,3,4.5514851374709953e-01
86,2,1,7.2886915076205494e-01
86,2,2,7.1523017366154118e-01
86,2,3,6.5936761193706395e-01
86,3,1,8.7259702627207703e-01
86,3,2,9.0821004658074722e-01
86,3,3,8.0846539661342498e-01
87,0,1,1.2966210531039454e-02
87,0,2,-9.4628905910878721e-04
87,0,3,9.4164285789306561e-03
87,1,1,4.9532582891901672e-01
87,1,2,4.6669455925137976e-01
87,1,3,5.2921709044586296e-01
87,2,1,7.3392916694430899e-01
87,2,2,6.9068232606708635e-01
87,2,3,7.6272693434447292e-01
87,3,1,9.0502115466579058e-01
87,3,2,8.5588483539703031e-01
87,3,3,7.0493466073859778e-01
88,0,1,7.8616450591433556e-03
88,0,2,9.4587450353689137e-03
88,0,3,-5.2239977172284921e-03
88,1,1,4.9974768209171355e-01
88,1,2,5.0238033878920030e-01
88,1,3,4.9467655074373795e-01
88,2,1,7.4898407657257848e-01
88,2,2,7.0530797371894549e-01
88,2,3,7.3410493505491692e-01
88,3,1,8.8561263384536326e-01
88,3,2,8.3498407528489305e-01
88,3,3,8.5438379782351148e-01
89,0,1,5.3838700050520107e-03
89,0,2,-1.2173714181602338e-04
89,0,3,5.8940413613224746e-03
89,1,1,4.9347473456997992e-01
89,1,2,4.8694778130704780e-01
89,1,3,4.6853946081585329e-01
89,2,1,7.1226795531107101e-01
89,2,2,7.3138746023361656e-01
89,2,3,5.8383181721072552e-01
89,3,1,8.5787653677047904e-01
89,3,2,9.6841239085261466e-01
89,3,3,6.6290584850516066e-01
90,0,1,6.7029296085899760e-03
90,0,2,-5.7071989969673109e-03
90,0,3,7.5192732263770811e-03
90,1,1,4.8907631099767684e-01
90,1,2,4.6893034474097389e-01
90,1,3,5.2873057452788974e-01
90,2,1,7.1801644461371006e-01
90,2,2,6.7842330720580613e-01
90,2,3,7.8443741077975560e-01
90,3,1,8.3558231579281395e-01
90,3,2,8.7677920065933501e-01
90,3,3,1.1022180922784490e+00
91,0,1,7.9143625169526017e-03
91,0,2,7.3956185927476293e-03
91,0,3,-6.3679464510457539e-03
91,1,1,5.0454873369934783e-01
91,1,2,4.7671161209728413e-01
91,1,3,4.7693919912966559e-01
91,2,1,7.4333480325919665e-01
91,2,2,7.1476922550196942e-01
91,2,3,6.2889915464126611e-01
91,3,1,9.0365338591412503e-01
91,3,2,8.3300704538995174e-01
91,3,3,7.8602233889136031e-01
92,0,1,1.0202107143484677e-02
92,0,2,-7.8169888259271489e-04
92,0,3,5.1462508591401676e-03
92,1,1,5.1212548276350645e-01
92,1,2,4.6686359054113191e-01
92,1,3,4.8862500961443217e-01
92,2,1,7.3520555128859444e-01
92,2,2,6.6492686648494692e-01
92,2,3,7.4064597765208739e-01
92,3,1,9.1328447495772846e-01
92,3,2,7.4236075756806685e-01
92,3,3,9.6116316468559337e-01
93,0,1,-6.7277941575831345e-03
93,0,2,2.8347962532670489e-03
93,0,3,1.5140606369028075e-02
93,1,1,4.8069621675120883e-01
93,1,2,4.9817621564349651e-01
93,1,3,4.9398984158503212e-01
93,2,1,7.1329647762388437e-01
93,2,2,7.1398132946270121e-01
93,2,3,7.9403548994052842e-01
93,3,1,8.6223413672503624e-01
93,3,2,8.4266196449224406e-01
93,3,3,8.9967684245044255e-01
94,0,1,1.4087437930128944e-02
94,0,2,1.5207877831791476e-03
94,0,3,-1.1695683698266299e-02
94,1,1,5.0391908363589666e-01
94,1,2,4.6826847684884321e-01
94,1,3,4.9946324462117975e-01
94,2,1,7.2287457649158859e-01
94,2,2,7.1069537243082070e-01
94,2,3,7.1606827943282614e-01
94,3,1,8.8398851980450333e-01
94,3,2,8.2222692750178417e-01
94,3,3,8.5158419741407332e-01
95,0,1,7.1360352695100677e-03
95,0,2,4.1968032256170049e-03
95,0,3,4.9012121182380659e-04
95,1,1,5.0312377563037269e-01
95,1,2,4.7709939818505481e-01
95,1,3,4.8795614524076580e-01
95,2,1,7.3812563818097054e-01
95,2,2,6.7481998158984013e-01
95,2,3,7.3652048523694813e-01
95,3,1,8.6608423634842568e-01
95,3,2,8.6042229375710566e-01
95,3,3,8.1190242906364063e-01
96,0,1,-1.3199589224482383e-02
96,0,2,1.2187129419771217e-02
96,0,3,-7.2663157427516004e-03
96,1,1,4.8091264504553360e-01
96,1,2,4.9815994539524960e-01
96,1,3,4.6598466510733255e-01
96,2,1,7.0592584876553222e-01
96,2,2,7.6676110996731273e-01
96,2,3,7.0860064187338145e-01
96,3,1,8.5119488314736713e-01
96,3,2,9.1249432226937233e-01
96,3,3,7.3059855723094436e-01
97,0,1,1.3252833119864683e-02
97,0,2,1.3423634900848637e-02
97,0,3,-4.9910519552871981e-03
97,1,1,4.9731196447442544e-01
97,1,2,5.0215261000046019e-01
97,1,3,4.6442614069987431e-01
97,2,1,7.3841934384962815e-01
97,2,2,7.4434167436462706e-01
97,2,3,6.0829032286811435e-01
97,3,1,8.8613134141925687e-01
97,3,2,8.5345385912534977e-01
97,3,3,5.8449532966656070e-01
98,0,1,2.7525842456370509e-02
98,0,2,-5.1939236977963342e-03
98,0,3,1.4161434476481591e-03
98,1,1,5.1766136175191713e-01
98,1,2,4.7136742410512511e-01
98,1,3,5.0990312151384742e-01
98,2,1,7.5319337180144563e-01
98,2,2,6.7126878184977878e-01
98,2,3,8.1719997918758724e-01
98,3,1,9.0912302081672902e-01
98,3,2,8.1296533087581946e-01
98,3,3,9.6413607681960922e-01
99,0,1,9.8947292866560753e-03
99,0,2,4.1085700108318066e-03
99,0,3,8.7545740517279771e-03
99,1,1,4.9705499248486196e-01
99,1,2,4.8180873876941616e-01
99,1,3,4.8259643310199185e-01
99,2,1,7.3081417393546877e-01
99,2,2,6.9963826184573108e-01
99,2,3,6.9839083601694518e-01
99,3,1,8.9128889785336696e-01
99,3,2,8.7121222554761335e-01
99,3,3,8.3265164443978601e-01
100,0,1,-7.8081566121491960e-03
100,0,2,6.2744887847763046e-03
100,0,3,-9.3549436521934131e-03
100,1,1,4.7049417376205238e-01
100,1,2,4.9240780052461308e-01
100,1,3,4.6602066953271809e-01
100,2,1,6.9152512149738088e-01
100,2,2,7.4093726471922272e-01
100,2,3,6.5892692420753740e-01
100,3,1,8.1254673137491884e-01
100,3,2,8.7154428214773727e-01
100,3,3,8.4485067813826831e-01
