R,tau,dx,x_mid,dy,profile_label,rho_S_mean,rho_S_err,minus_rho_S
4,4,1,-1.0,-6,left_dip,-0.0005524060569038,0.0002120218266684,0.0005524060569038
4,4,1,-1.0,-5,left_dip,-0.0007539489977499,0.0002273113323451,0.0007539489977499
4,4,1,-1.0,-4,left_dip,-0.0010885928015199,0.0002135888230572,0.0010885928015199
4,4,1,-1.0,-3,left_dip,-0.0014573748727104,0.0002100742303964,0.0014573748727104
4,4,1,-1.0,-2,left_dip,-0.003341717124482,0.0002061793361809,0.003341717124482
4,4,1,-1.0,-1,left_dip,-0.0073417344970173,0.0001794535638166,0.0073417344970173
4,4,1,-1.0,0,left_dip,-0.0173527760945215,0.0002420833195753,0.0173527760945215
4,4,1,-1.0,1,left_dip,-0.0078800839766657,0.0002138490084748,0.0078800839766657
4,4,1,-1.0,2,left_dip,-0.0037584588006928,0.0002271044018354,0.0037584588006928
4,4,1,-1.0,3,left_dip,-0.0021266184940058,0.0002122209356487,0.0021266184940058
4,4,1,-1.0,4,left_dip,-0.0007169125344489,0.0002104090032899,0.0007169125344489
4,4,1,-1.0,5,left_dip,-0.0007806553459063,0.0002267321952765,0.0007806553459063
4,4,1,-1.0,6,left_dip,-0.0004161404704674,0.0002015843307532,0.0004161404704674
4,4,2,0.0,-6,midpoint_region,-0.0004671024401988,0.0001967770358476,0.0004671024401988
4,4,2,0.0,-5,midpoint_region,-0.000479944861361,0.0002192924501037,0.000479944861361
4,4,2,0.0,-4,midpoint_region,-0.0008595950560291,0.000209008948486,0.0008595950560291
4,4,2,0.0,-3,midpoint_region,-0.001638860936559,0.0002217389754016,0.001638860936559
4,4,2,0.0,-2,midpoint_region,-0.0037907241438115,0.0002342823172457,0.0037907241438115
4,4,2,0.0,-1,midpoint_region,-0.0063482809486054,0.0002012023215244,0.0063482809486054
4,4,2,0.0,0,midpoint_region,-0.010960638443532,0.0002177627669637,0.010960638443532
4,4,2,0.0,1,midpoint_region,-0.0067809331319191,0.0002147660398433,0.0067809331319191
4,4,2,0.0,2,midpoint_region,-0.0034376114143721,0.0002091312756923,0.0034376114143721
4,4,2,0.0,3,midpoint_region,-0.0017009315258524,0.0002102007931064,0.0017009315258524
4,4,2,0.0,4,midpoint_region,-0.0009689413919566,0.0002106406002143,0.0009689413919566
4,4,2,0.0,5,midpoint_region,-0.0005139524048598,0.0002305292473906,0.0005139524048598
4,4,2,0.0,6,midpoint_region,-0.0002950896749296,0.0002385998729449,0.0002950896749296
4,4,3,1.0,-6,right_dip,-0.0004290514155122,0.000216115024999,0.0004290514155122
4,4,3,1.0,-5,right_dip,-0.0004016413111726,0.0002336254971196,0.0004016413111726
4,4,3,1.0,-4,right_dip,-0.0007233616961094,0.0002277405317039,0.0007233616961094
4,4,3,1.0,-3,right_dip,-0.0018536786246423,0.0002123618352982,0.0018536786246423
4,4,3,1.0,-2,right_dip,-0.003277621483134,0.0002307089164746,0.003277621483134
4,4,3,1.0,-1,right_dip,-0.0073995438879972,0.0002196869381152,0.0073995438879972
4,4,3,1.0,0,right_dip,-0.0169574302788793,0.0002200790215178,0.0169574302788793
4,4,3,1.0,1,right_dip,-0.0075283569380096,0.0002473029218241,0.0075283569380096
4,4,3,1.0,2,right_dip,-0.0032853465784064,0.0002070823615766,0.0032853465784064
4,4,3,1.0,3,right_dip,-0.0013635008931155,0.0002275238613143,0.0013635008931155
4,4,3,1.0,4,right_dip,-0.0006683030992184,0.0002135944149023,0.0006683030992184
4,4,3,1.0,5,right_dip,-0.0006351426621339,0.0001963790744787,0.0006351426621339
4,4,3,1.0,6,right_dip,-0.0003688163640739,0.0002145313334411,0.0003688163640739
5,4,1,-1.5,-6,left_dip,-0.0003007082905937,0.0003133800680643,0.0003007082905937
5,4,1,-1.5,-5,left_dip,-0.0005589691452407,0.0003410078258245,0.0005589691452407
5,4,1,-1.5,-4,left_dip,-0.0017093118144754,0.0003011537727685,0.0017093118144754
5,4,1,-1.5,-3,left_dip,-0.0018933885487362,0.000308422974634,0.0018933885487362
5,4,1,-1.5,-2,left_dip,-0.0036691357733942,0.000309836484579,0.0036691357733942
5,4,1,-1.5,-1,left_dip,-0.0076350923297189,0.0003026292601119,0.0076350923297189
5,4,1,-1.5,0,left_dip,-0.0158123655556924,0.0003538203978132,0.0158123655556924
5,4,1,-1.5,1,left_dip,-0.0073115979748139,0.000354445649494,0.0073115979748139
5,4,1,-1.5,2,left_dip,-0.0036796941132251,0.0002881867022646,0.0036796941132251
5,4,1,-1.5,3,left_dip,-0.0016347458343411,0.0003256897899667,0.0016347458343411
5,4,1,-1.5,4,left_dip,-0.0013655659376334,0.0002820104337878,0.0013655659376334
5,4,1,-1.5,5,left_dip,-0.0003341456344257,0.0003165339832288,0.0003341456344257
5,4,1,-1.5,6,left_dip,-0.0003828389773107,0.0003751538607049,0.0003828389773107
5,4,2,-0.5,-6,midpoint_region,-0.0002798781650077,0.0003331514130173,0.0002798781650077
5,4,2,-0.5,-5,midpoint_region,-0.0002212470765798,0.0003491265329236,0.0002212470765798
5,4,2,-0.5,-4,midpoint_region,-0.0004337452934918,0.0003015317714243,0.0004337452934918
5,4,2,-0.5,-3,midpoint_region,-0.0021048469692066,0.0003140340581311,0.0021048469692066
5,4,2,-0.5,-2,midpoint_region,-0.0040542204147023,0.0003181654460182,0.0040542204147023
5,4,2,-0.5,-1,midpoint_region,-0.0062885766965611,0.000330957543767,0.0062885766965611
5,4,2,-0.5,0,midpoint_region,-0.008713408303045,0.0003102509653657,0.008713408303045
5,4,2,-0.5,1,midpoint_region,-0.0065347685026356,0.0003239643753429,0.0065347685026356
5,4,2,-0.5,2,midpoint_region,-0.0031010901183807,0.0003073455828435,0.0031010901183807
5,4,2,-0.5,3,midpoint_region,-0.0010916054842393,0.0003109098485268,0.0010916054842393
5,4,2,-0.5,4,midpoint_region,-0.0012360842237274,0.0002796768858395,0.0012360842237274
5,4,2,-0.5,5,midpoint_region,-0.0009745073773544,0.0002887655433387,0.0009745073773544
5,4,2,-0.5,6,midpoint_region,-0.0003639365856088,0.0002988801967813,0.0003639365856088
5,4,3,0.5,-6,midpoint_region,-0.0003454944066964,0.0003315815235402,0.0003454944066964
5,4,3,0.5,-5,midpoint_region,-0.0007797450829515,0.0003111437806661,0.0007797450829515
5,4,3,0.5,-4,midpoint_region,-0.0012164290491222,0.0003017110640697,0.0012164290491222
5,4,3,0.5,-3,midpoint_region,-0.0019608611167305,0.0002699236720559,0.0019608611167305
5,4,3,0.5,-2,midpoint_region,-0.0036422187815052,0.0003309467032018,0.0036422187815052
5,4,3,0.5,-1,midpoint_region,-0.0063702594490181,0.0003180290506997,0.0063702594490181
5,4,3,0.5,0,midpoint_region,-0.0091146065956555,0.0003469870664901,0.0091146065956555
5,4,3,0.5,1,midpoint_region,-0.0071535745624126,0.0002905662422539,0.0071535745624126
5,4,3,0.5,2,midpoint_region,-0.0040475445547588,0.0003184977783488,0.0040475445547588
5,4,3,0.5,3,midpoint_region,-0.0019643618260885,0.000304662098239,0.0019643618260885
5,4,3,0.5,4,midpoint_region,-0.0012201559092438,0.0003377189781044,0.0012201559092438
5,4,3,0.5,5,midpoint_region,-0.0005744873019469,0.0003112833334318,0.0005744873019469
5,4,3,0.5,6,midpoint_region,-0.0006197067596737,0.0003650831192053,0.0006197067596737
5,4,4,1.5,-6,right_dip,-0.0004667181683099,0.0002891692189571,0.0004667181683099
5,4,4,1.5,-5,right_dip,-0.0003527997169702,0.0003174617124506,0.0003527997169702
5,4,4,1.5,-4,right_dip,-0.0010351105463091,0.0003243208851661,0.0010351105463091
5,4,4,1.5,-3,right_dip,-0.0015748072827687,0.0003738758624075,0.0015748072827687
5,4,4,1.5,-2,right_dip,-0.0033085094649238,0.0003323723896808,0.0033085094649238
5,4,4,1.5,-1,right_dip,-0.0078514140907788,0.0003386200920296,0.0078514140907788
5,4,4,1.5,0,right_dip,-0.0159945522811123,0.000343092171475,0.0159945522811123
5,4,4,1.5,1,right_dip,-0.0073098979133172,0.0003359008469566,0.0073098979133172
5,4,4,1.5,2,right_dip,-0.0041391363958307,0.0003135760598698,0.0041391363958307
5,4,4,1.5,3,right_dip,-0.0021812745450901,0.0003296296184486,0.0021812745450901
5,4,4,1.5,4,right_dip,-0.000896533676748,0.0003107329743596,0.000896533676748
5,4,4,1.5,5,right_dip,-0.00055931910054,0.0002561533864934,0.00055931910054
5,4,4,1.5,6,right_dip,-0.0007292143888181,0.0003037191857771,0.0007292143888181
6,4,1,-2.0,-6,left_dip,-0.0001541928864271,0.0005038739303022,0.0001541928864271
6,4,1,-2.0,-5,left_dip,-0.0011542575235797,0.000432943572551,0.0011542575235797
6,4,1,-2.0,-4,left_dip,-0.0007333233204631,0.0004900493020107,0.0007333233204631
6,4,1,-2.0,-3,left_dip,-0.0020930464456632,0.0004958242143592,0.0020930464456632
6,4,1,-2.0,-2,left_dip,-0.003016282119905,0.0004130527741925,0.003016282119905
6,4,1,-2.0,-1,left_dip,-0.0075984921097482,0.0004288167987792,0.0075984921097482
6,4,1,-2.0,0,left_dip,-0.0147617613197844,0.0004789265135665,0.0147617613197844
6,4,1,-2.0,1,left_dip,-0.0066365652314197,0.0004966244045749,0.0066365652314197
6,4,1,-2.0,2,left_dip,-0.0029940527894822,0.0004242672857921,0.0029940527894822
6,4,1,-2.0,3,left_dip,-0.0015641533657737,0.000457549779702,0.0015641533657737
6,4,1,-2.0,4,left_dip,-0.0007147293129191,0.000462184969779,0.0007147293129191
6,4,1,-2.0,5,left_dip,0.0001704046583277,0.0004649035841042,0.0
6,4,1,-2.0,6,left_dip,0.0002288320115777,0.0004633378992492,0.0
6,4,3,0.0,-6,midpoint_region,-0.0008519052159886,0.00047809215717,0.0008519052159886
6,4,3,0.0,-5,midpoint_region,-0.0012523409566803,0.0004165980406523,0.0012523409566803
6,4,3,0.0,-4,midpoint_region,-0.0022920234955655,0.0004656878245512,0.0022920234955655
6,4,3,0.0,-3,midpoint_region,-0.0025971267657132,0.0004426067332468,0.0025971267657132
6,4,3,0.0,-2,midpoint_region,-0.0039227369660927,0.0004244543794637,0.0039227369660927
6,4,3,0.0,-1,midpoint_region,-0.0064053773947609,0.0005395327677086,0.0064053773947609
6,4,3,0.0,0,midpoint_region,-0.0068665281951805,0.0004126899224441,0.0068665281951805
6,4,3,0.0,1,midpoint_region,-0.0061454010998496,0.0004843118306942,0.0061454010998496
6,4,3,0.0,2,midpoint_region,-0.0037761797273447,0.0004693861193573,0.0037761797273447
6,4,3,0.0,3,midpoint_region,-0.0008405998435402,0.0005294379214936,0.0008405998435402
6,4,3,0.0,4,midpoint_region,-0.0005378613415902,0.0004833321445452,0.0005378613415902
6,4,3,0.0,5,midpoint_region,-0.0001863851982687,0.0004118236238936,0.0001863851982687
6,4,3,0.0,6,midpoint_region,-0.0001155363921715,0.0004669777587553,0.0001155363921715
6,4,5,2.0,-6,right_dip,-0.0002798281290004,0.0005377705625253,0.0002798281290004
6,4,5,2.0,-5,right_dip,-0.0014131621206084,0.0004872740364767,0.0014131621206084
6,4,5,2.0,-4,right_dip,-0.0017325352657465,0.0004824697822863,0.0017325352657465
6,4,5,2.0,-3,right_dip,-0.0019200180934761,0.0003808841482927,0.0019200180934761
6,4,5,2.0,-2,right_dip,-0.0032258615438464,0.0005026990468158,0.0032258615438464
6,4,5,2.0,-1,right_dip,-0.0070186279310429,0.0005059502331323,0.0070186279310429
6,4,5,2.0,0,right_dip,-0.0156361591553206,0.0004728804891666,0.0156361591553206
6,4,5,2.0,1,right_dip,-0.0082426991684934,0.0004427576530472,0.0082426991684934
6,4,5,2.0,2,right_dip,-0.0035402177700555,0.0004530905877067,0.0035402177700555
6,4,5,2.0,3,right_dip,-0.0017743185994613,0.0004348094192953,0.0017743185994613
6,4,5,2.0,4,right_dip,-0.0005657395671033,0.0005067560398706,0.0005657395671033
6,4,5,2.0,5,right_dip,-0.0007863072106281,0.000501386504435,0.0007863072106281
6,4,5,2.0,6,right_dip,-0.0004218539689409,0.0004674881230793,0.0004218539689409
