model,fit_label,Rmin,Rmax,omitted_cfg,V0,sigma,alpha,a_sqrt_sigma
cornell,R1-6,1,6,1,0.6738043194573695,0.08535873513416094,0.27866495463075586,0.2921621726612823
cornell,R1-6,1,6,2,0.6739051858225673,0.08534678408868186,0.2787555774514554,0.2921417191855382
cornell,R1-6,1,6,3,0.6736573078268486,0.08537916773521037,0.27853147807990414,0.2921971384788194
cornell,R1-6,1,6,4,0.6739958629202077,0.08532681934399405,0.27880647021280625,0.29210754756423885
cornell,R1-6,1,6,5,0.6739338541395768,0.08535730258844328,0.2788152435528976,0.2921597210233527
cornell,R1-6,1,6,6,0.6742637869869348,0.0852407556079906,0.2789922186391979,0.2919601952458427
cornell,R1-6,1,6,7,0.6739871799325773,0.08531226061326233,0.27875433644278225,0.29208262634614596
cornell,R1-6,1,6,8,0.6736466067895344,0.08535698619342533,0.27845334325521864,0.2921591795467418
cornell,R1-6,1,6,9,0.673411170268927,0.08544194224812102,0.27836239285652403,0.2923045368243897
cornell,R1-6,1,6,10,0.6735682816593348,0.08540968970648902,0.27843735601917996,0.2922493622003118
cornell,R1-6,1,6,11,0.6732956934540849,0.08548858970194409,0.27824271580218835,0.292384318495271
cornell,R1-6,1,6,12,0.6739612764186927,0.08531842170560157,0.2787791709686227,0.29209317298697957
cornell,R1-6,1,6,13,0.6741825421027319,0.08526344132959116,0.27889838922526183,0.29199904337102056
cornell,R1-6,1,6,14,0.6734685179216139,0.0854774899693576,0.2784312514310537,0.2923653364702416
cornell,R1-6,1,6,15,0.6740365783473509,0.08529839589163953,0.2788215649995495,0.29205889113608496
cornell,R1-6,1,6,16,0.6744669135997486,0.08519442323660091,0.27912792849355206,0.2918808373919071
cornell,R1-6,1,6,17,0.6742067849480692,0.08526422616754115,0.27895398793309834,0.2920003872729301
cornell,R1-6,1,6,18,0.6744274005950444,0.08520855366042043,0.2791156426844622,0.2919050421976647
cornell,R1-6,1,6,19,0.67382983896796,0.08540244096504421,0.278731023627359,0.29223696029941904
cornell,R1-6,1,6,20,0.6739051369411415,0.08538536950625357,0.27877267578803505,0.2922077505923715
cornell,R1-6,1,6,21,0.6735326048104728,0.08543783171732869,0.27844400941243275,0.29229750549282607
cornell,R1-6,1,6,22,0.6739188627643383,0.0853735708086914,0.2787648596042974,0.29218756100951904
cornell,R1-6,1,6,23,0.6737926428385821,0.08538745996387201,0.27866966070235233,0.29221132757624574
cornell,R1-6,1,6,24,0.6743471714718658,0.08520170478431253,0.27899056592503946,0.29189331061932977
cornell,R1-6,1,6,25,0.6742004075664959,0.08529580894926664,0.27900504020804173,0.29205446229987075
cornell,R1-6,1,6,26,0.674100368131819,0.08524265054796994,0.2788597328497177,0.2919634404304243
cornell,R1-6,1,6,27,0.6740001078186858,0.0852849257166121,0.27877748507610856,0.29203582950831924
cornell,R1-6,1,6,28,0.6746298444067071,0.08515617385536339,0.279254303657578,0.2918153077810748
cornell,R1-6,1,6,29,0.6742853177660701,0.0852201805845427,0.27899956732120995,0.2919249571114856
cornell,R1-6,1,6,30,0.6745742775043698,0.08516011885222927,0.2792317694547461,0.2918220671097874
cornell,R1-6,1,6,31,0.6735623890366157,0.08544965511706769,0.278502093674381,0.2923177297343897
cornell,R1-6,1,6,32,0.673964288250855,0.08528689030180076,0.2787318079329599,0.292039193091956
cornell,R1-6,1,6,33,0.6739026690233716,0.08537213204166061,0.2787682042127691,0.2921850989384308
cornell,R1-6,1,6,34,0.6740165149387445,0.08532651013622082,0.27883682355757466,0.2921070182933317
cornell,R1-6,1,6,35,0.6744431400202133,0.08519271205182011,0.2791000853899557,0.2918779060700212
cornell,R1-6,1,6,36,0.6736106580727969,0.08540970043020864,0.278538959913658,0.2922493805471769
cornell,R1-6,1,6,37,0.6746032703601857,0.08521897811775876,0.27931015492200323,0.29192289755645884
cornell,R1-6,1,6,38,0.6736560501520569,0.08537013530492503,0.2784855781465942,0.29218168201467565
cornell,R1-6,1,6,39,0.6739005055400998,0.08533672014828077,0.2787247771573622,0.29212449426277276
cornell,R1-6,1,6,40,0.6739694232317096,0.08532015954841354,0.27875037281883164,0.29209614778085236
cornell,R1-6,1,6,41,0.6739395304108448,0.08532448972471568,0.278727516914204,0.29210355993160314
cornell,R1-6,1,6,42,0.6736059041166893,0.0854341080995498,0.2785220070408149,0.29229113585524585
cornell,R1-6,1,6,43,0.6745730127982883,0.08514673224756261,0.27916838761914364,0.2917991299636834
cornell,R1-6,1,6,44,0.6740451034344028,0.08525948653976244,0.27883026579580106,0.2919922713699156
cornell,R1-6,1,6,45,0.6737406966513997,0.08536822169089639,0.27859615410199,0.29217840729748734
cornell,R1-6,1,6,46,0.6739514577277749,0.08534032144817773,0.27877690336306726,0.2921306581791403
cornell,R1-6,1,6,47,0.6737061200678686,0.08537837501973009,0.27861489154965974,0.2921957820019483
cornell,R1-6,1,6,48,0.6741334705120505,0.0853136964766934,0.27893251405298775,0.2920850843105368
cornell,R1-6,1,6,49,0.6739632434609705,0.08532529892373991,0.2787633537059231,0.2921049450518425
cornell,R1-6,1,6,50,0.6734799476124179,0.08548141537209451,0.27843924620467586,0.29237204957398805
cornell,R1-6,1,6,51,0.6739694271228222,0.0853366356341317,0.2787875632722357,0.29212434960840167
cornell,R1-6,1,6,52,0.6744461624071644,0.08519211271530683,0.2791260948666632,0.2918768793777726
cornell,R1-6,1,6,53,0.6744328558725682,0.08519739906036031,0.27907901749737846,0.2918859350163353
cornell,R1-6,1,6,54,0.6739375395205341,0.08534664374288772,0.2787636619251731,0.29214147898387816
cornell,R1-6,1,6,55,0.6740400665608887,0.08529536665227923,0.2788102814753583,0.292053705082266
cornell,R1-6,1,6,56,0.6739289283126794,0.08533985510707062,0.27874658185853485,0.2921298600059067
cornell,R1-6,1,6,57,0.6734764169832483,0.0854134258052972,0.2783454201964575,0.2922557541012618
cornell,R1-6,1,6,58,0.673773398817899,0.0853384483263467,0.27858788114405897,0.29212745219569264
cornell,R1-6,1,6,59,0.6737997864016217,0.08542279881019982,0.27870757578374994,0.2922717892821677
cornell,R1-6,1,6,60,0.673896775431251,0.08530882525612014,0.27866151156897023,0.2920767454901539
cornell,R1-6,1,6,61,0.6735075907555776,0.08543803794748502,0.2784384567144189,0.29229785826701676
cornell,R1-6,1,6,62,0.6737977065081021,0.08535892868588346,0.27865997754844873,0.2921625039013108
cornell,R1-6,1,6,63,0.6736904188239834,0.08538430105456324,0.27855497036777105,0.29220592234683274
cornell,R1-6,1,6,64,0.6734163861086276,0.08545480369060424,0.2783626306240076,0.29232653606986186
cornell,R1-6,1,6,65,0.6737491261710977,0.08536235317190888,0.27860865212181907,0.29216836442693256
cornell,R1-6,1,6,66,0.6742413913128117,0.08526095720122687,0.2790044240925849,0.2919947896816429
cornell,R1-6,1,6,67,0.6738983423195447,0.08534592083473605,0.27874710114998413,0.2921402417243062
cornell,R1-6,1,6,68,0.6741707261131215,0.08526581894241746,0.27888691997711107,0.2920031146108162
cornell,R1-6,1,6,69,0.6745523975502794,0.08518222222473774,0.2791941163657893,0.2918599359705572
cornell,R1-6,1,6,70,0.6737118398743759,0.08537472257245343,0.2785978139820019,0.29218953193510105
cornell,R1-6,1,6,71,0.6739845458989117,0.0853535623329401,0.278846233759,0.2921533199074419
cornell,R1-6,1,6,72,0.674200903825975,0.0852557777636002,0.2789228458874392,0.2919859204886431
cornell,R1-6,1,6,73,0.6741448162167679,0.08526958462453765,0.2788683808963293,0.2920095625566698
cornell,R1-6,1,6,74,0.674253932288569,0.08528355345446283,0.27901181490160437,0.29203348002320356
cornell,R1-6,1,6,75,0.6742943470589687,0.08519196292848653,0.2789685901854777,0.29187662278518733
cornell,R1-6,1,6,76,0.6742130005815693,0.08521095461172949,0.27893827471064914,0.29190915472408446
cornell,R1-6,1,6,77,0.6748615726631436,0.08513517770968108,0.2794863187217801,0.291779330504546
cornell,R1-6,1,6,78,0.6741125025739153,0.08529384887253443,0.27889412077112463,0.29205110661069994
cornell,R1-6,1,6,79,0.6742428734182333,0.08524799590345694,0.2789351706678384,0.2919725944390277
cornell,R1-6,1,6,80,0.6736342796789669,0.08538584398749648,0.27851129077230474,0.29220856248148597
cornell,R1-6,1,6,81,0.6746510960020996,0.08518077570031103,0.2792746588387284,0.29185745784596806
cornell,R1-6,1,6,82,0.674165957177304,0.08527248509262629,0.27891171232682116,0.29201452890674173
cornell,R1-6,1,6,83,0.6743436737659224,0.08531671461411602,0.2791173645925673,0.29209025080292567
cornell,R1-6,1,6,84,0.6738561096314529,0.08536614849377203,0.27870311896298733,0.29217485944853644
cornell,R1-6,1,6,85,0.67405002648316,0.08529531283910677,0.27883161870302214,0.29205361295335275
cornell,R1-6,1,6,86,0.6739317487733496,0.08533270600045208,0.27877052599279156,0.29211762357045845
cornell,R1-6,1,6,87,0.6735578245722924,0.0854373609454065,0.27846613529936876,0.2922967001958908
cornell,R1-6,1,6,88,0.6741457309883421,0.08525022072300263,0.27887878962305285,0.29197640439426376
cornell,R1-6,1,6,89,0.6741931531854355,0.08521943236590376,0.2788846497334766,0.2919236755830259
cornell,R1-6,1,6,90,0.6737829967135055,0.08537773981016819,0.27865739132205,0.29219469504111156
cornell,R1-6,1,6,91,0.6744586319354212,0.08519635338408281,0.27910394730250104,0.2918841437695491
cornell,R1-6,1,6,92,0.6740613674936048,0.08526319130920192,0.2787941790027025,0.2919986152521993
cornell,R1-6,1,6,93,0.6734719259076468,0.08543413791152815,0.27839308967071535,0.29229118685230343
cornell,R1-6,1,6,94,0.6736508912577975,0.08539358966266215,0.27852117161674256,0.29222181585682844
cornell,R1-6,1,6,95,0.6739894736607297,0.08533288420117513,0.2787699185381833,0.2921179285856572
cornell,R1-6,1,6,96,0.6746219116748098,0.08515197625965157,0.27929021037448415,0.2918081154794218
cornell,R1-6,1,6,97,0.6742856741689063,0.08527324513100203,0.2790180678726497,0.2920158302746651
cornell,R1-6,1,6,98,0.6740172344937051,0.0852858904899383,0.27880797953433994,0.2920374813100851
cornell,R1-6,1,6,99,0.6742926442041323,0.0852169177458158,0.2789989932048219,0.2919193685691578
cornell,R1-6,1,6,100,0.6741902241916111,0.08526221542739165,0.27891755454346,0.29199694420899625
cornell,R1-5,1,5,1,0.6670277501264146,0.08735007689792018,0.2739248703929413,0.2955504642153691
cornell,R1-5,1,5,2,0.667146601587319,0.08733284080768515,0.2740280734536578,0.2955213034752066
cornell,R1-5,1,5,3,0.6669828505502561,0.08734050316560184,0.2738628193253591,0.2955342673288528
cornell,R1-5,1,5,4,0.6671502468008772,0.08733845098403592,0.2740180890304368,0.2955307953226464
cornell,R1-5,1,5,5,0.6670526988045103,0.08737937767281388,0.27400200334996627,0.29560002989312073
cornell,R1-5,1,5,6,0.6675882352541561,0.08720241265190133,0.2743227943329018,0.29530054631155245
cornell,R1-5,1,5,7,0.667303676488135,0.08727625432263839,0.27407935006203876,0.2954255478502805
cornell,R1-5,1,5,8,0.6668551349880918,0.08735270715120075,0.27370283501640724,0.2955549139351277
cornell,R1-5,1,5,9,0.66679519603652,0.08738609203151752,0.2737346419039041,0.2956113868434664
cornell,R1-5,1,5,10,0.6669332273386943,0.08735944630576814,0.2737962588996322,0.2955663145653918
cornell,R1-5,1,5,11,0.6665154154386846,0.08748102128827642,0.27350003740856643,0.29577190753733934
cornell,R1-5,1,5,12,0.6671760959456389,0.08731229391302008,0.2740330633970327,0.29548653761723237
cornell,R1-5,1,5,13,0.6671641639393601,0.08732584029107425,0.2739891642055669,0.2955094588859623
cornell,R1-5,1,5,14,0.6666592782470314,0.08747843213953568,0.2736683148953711,0.2957675305701011
cornell,R1-5,1,5,15,0.6672647347772851,0.08728834895787875,0.2740847863436022,0.2954460169944397
cornell,R1-5,1,5,16,0.6676783122726914,0.08718930068562664,0.2743794280981966,0.29527834442374307
cornell,R1-5,1,5,17,0.6673631176317049,0.087275285138354,0.2741669699021655,0.2954239075267166
cornell,R1-5,1,5,18,0.6675599041569115,0.08722661498346372,0.2743119566259515,0.2953415226199386
cornell,R1-5,1,5,19,0.6669844468938101,0.08741400676786043,0.27394279916042724,0.29565859833236785
cornell,R1-5,1,5,20,0.6671370413366127,0.08737422120689936,0.274038518764288,0.2955913077323137
cornell,R1-5,1,5,21,0.6667996467181688,0.08741635801700082,0.27373443042511086,0.29566257459644907
cornell,R1-5,1,5,22,0.6670708594104747,0.08738590395411074,0.2739748085957618,0.2956110687273241
cornell,R1-5,1,5,23,0.6670430382087279,0.08737087796372862,0.2739484377715535,0.2955856524997934
cornell,R1-5,1,5,24,0.6676417321862197,0.08717214449233185,0.27430023583126656,0.29524929211148304
cornell,R1-5,1,5,25,0.6672756192617091,0.08733070588354937,0.274161279554139,0.29551769132075556
cornell,R1-5,1,5,26,0.6672148163142427,0.08726601756913137,0.27404341738902316,0.2954082219050976
cornell,R1-5,1,5,27,0.667513969096804,0.08719092243731523,0.27424055164883165,0.2952810905515543
cornell,R1-5,1,5,28,0.6679138478423747,0.08712971589273732,0.27455658894367513,0.29517743120492346
cornell,R1-5,1,5,29,0.667528462761396,0.0872057291571827,0.2742732728880441,0.2953061617325021
cornell,R1-5,1,5,30,0.6679193707196528,0.08711570923537448,0.2745767859057296,0.29515370442427874
cornell,R1-5,1,5,31,0.6668423704742149,0.08742437904638962,0.2738015656476178,0.2956761387842949
cornell,R1-5,1,5,32,0.6669572938852423,0.08734594405558344,0.27383054566811765,0.29554347236165346
cornell,R1-5,1,5,33,0.6670008368519719,0.08740028315738585,0.2739405009473054,0.29563538887857427
cornell,R1-5,1,5,34,0.667070453540487,0.08736765831614188,0.27397818277035885,0.29558020623198344
cornell,R1-5,1,5,35,0.6676464599530864,0.08718996349448685,0.27434593406614455,0.2952794667674792
cornell,R1-5,1,5,36,0.6668870842553014,0.08738546909582784,0.27383594505206593,0.2956103332020514
cornell,R1-5,1,5,37,0.6677760719268493,0.08722519759339696,0.27453465656851295,0.2953391230321458
cornell,R1-5,1,5,38,0.6666989416297276,0.087414529758655,0.27361921010150986,0.2956594827815523
cornell,R1-5,1,5,39,0.6671334397291965,0.0873252692369479,0.27399134045510737,0.2955084926646744
cornell,R1-5,1,5,40,0.6672723850777996,0.08728813052577106,0.2740659191604907,0.29544564732920175
cornell,R1-5,1,5,41,0.6669984847402955,0.08736416399836151,0.2738723845352535,0.29557429522602524
cornell,R1-5,1,5,42,0.6669291110612979,0.08739612991469521,0.27385171445243345,0.2956283645300214
cornell,R1-5,1,5,43,0.6677040493455073,0.08716522466300611,0.2743636754111653,0.2952375732575481
cornell,R1-5,1,5,44,0.6673261221099412,0.0872339056695427,0.2741304632976886,0.29535386516777246
cornell,R1-5,1,5,45,0.6669285742281389,0.08737001097671022,0.2738312011372118,0.29558418593813546
cornell,R1-5,1,5,46,0.6669668359248968,0.08739280086967514,0.27389129028984416,0.29562273402036443
cornell,R1-5,1,5,47,0.6669646884416061,0.08735939132595757,0.273899385482898,0.29556622155780515
cornell,R1-5,1,5,48,0.6674733513913553,0.08727081854081349,0.2742738845718778,0.29541634778869885
cornell,R1-5,1,5,49,0.6674559936610964,0.08723749928071271,0.2742116534721471,0.2953599486740081
cornell,R1-5,1,5,50,0.6667056574481618,0.08747208738695696,0.27370075620158646,0.2957568044643385
cornell,R1-5,1,5,51,0.6673545182743806,0.08728047234708165,0.2741605575358896,0.29543268665989153
cornell,R1-5,1,5,52,0.6675610081940188,0.08721536289765668,0.27431005752287413,0.2953224727271135
cornell,R1-5,1,5,53,0.6677741642714904,0.08715410163796822,0.274421386539696,0.2952187352421391
cornell,R1-5,1,5,54,0.6672910681584929,0.08729975531874114,0.2741145787974635,0.29546531999329656
cornell,R1-5,1,5,55,0.667358976221945,0.08725865125391585,0.27413698301703976,0.29539575361524045
cornell,R1-5,1,5,56,0.6670796299796165,0.08735256879108354,0.27395562503612947,0.2955546798666594
cornell,R1-5,1,5,57,0.6665966538961046,0.08743509176798699,0.27353315384506,0.29569425386366066
cornell,R1-5,1,5,58,0.6668265607865558,0.08737982472527087,0.27372869711644127,0.29560078607011664
cornell,R1-5,1,5,59,0.6670870184456208,0.08739539209868685,0.27401211942133996,0.29562711664982094
cornell,R1-5,1,5,60,0.6669959709716461,0.08733667437162697,0.27383452716879675,0.2955277895082406
cornell,R1-5,1,5,61,0.666711779020908,0.08743503422465389,0.2736849127730151,0.2956941565615626
cornell,R1-5,1,5,62,0.6669729882005684,0.08736441935940228,0.27388621399683977,0.295574727200081
cornell,R1-5,1,5,63,0.6666767493133097,0.08744531634588656,0.27364903896308207,0.29571154246306747
cornell,R1-5,1,5,64,0.666487992963506,0.08749075993215,0.27351634845132256,0.2957883701773111
cornell,R1-5,1,5,65,0.6668901147193019,0.08737792112303608,0.27381090115347406,0.2955975661656166
cornell,R1-5,1,5,66,0.6674819543911944,0.08724726448801683,0.2742763236565278,0.2953764792396592
cornell,R1-5,1,5,67,0.6669032820461678,0.08740146767298071,0.27385418656074834,0.29563739221042507
cornell,R1-5,1,5,68,0.6673731113515142,0.08726334505152139,0.2741321148518914,0.29540369843913833
cornell,R1-5,1,5,69,0.6677035279673978,0.08719480991754468,0.2744034594461634,0.29528767315542426
cornell,R1-5,1,5,70,0.6669134545804817,0.08737247510779873,0.27384246988377575,0.295588354147789
cornell,R1-5,1,5,71,0.6672887120119052,0.08732117942813938,0.274162622462965,0.29550157263226096
cornell,R1-5,1,5,72,0.6674200495475502,0.08724837868880767,0.2741797644085475,0.2953783653025517
cornell,R1-5,1,5,73,0.6672811801431957,0.08728651155275713,0.27406739509104594,0.2954429074334957
cornell,R1-5,1,5,74,0.6672138165904435,0.08735234014086724,0.2740873848805556,0.2955542930509845
cornell,R1-5,1,5,75,0.6674407224316964,0.08720594792397304,0.27417460720071957,0.2953065321390183
cornell,R1-5,1,5,76,0.6674370359366265,0.08720211868432227,0.27419861343945595,0.2953000485681001
cornell,R1-5,1,5,77,0.6680790321643083,0.0871282741424177,0.27474205776306654,0.2951749890190863
cornell,R1-5,1,5,78,0.6672770431931746,0.08730249588469896,0.27411284403853603,0.2954699576686248
cornell,R1-5,1,5,79,0.667431190431007,0.08724965605795289,0.27417052508039474,0.2953805275537859
cornell,R1-5,1,5,80,0.6669056073006869,0.08736311090046323,0.2738047095622503,0.29557251377701416
cornell,R1-5,1,5,81,0.6679054453181746,0.08716303180581109,0.2745562016195844,0.2952338595178593
cornell,R1-5,1,5,82,0.6672423531017235,0.08730703403296684,0.27406878001922785,0.29547763711145186
cornell,R1-5,1,5,83,0.6676461745699044,0.0872848210718854,0.27443258844384527,0.29544004649316824
cornell,R1-5,1,5,84,0.6670408128604288,0.08736887058362955,0.2739359456009748,0.2955822568822925
cornell,R1-5,1,5,85,0.6671929048604069,0.08731032545090005,0.27403518963495155,0.29548320671554257
cornell,R1-5,1,5,86,0.6671243086363587,0.08733311936406332,0.2740088482001928,0.2955217747714427
cornell,R1-5,1,5,87,0.6668039452145101,0.08742203510362824,0.2737419222758721,0.2956721750581685
cornell,R1-5,1,5,88,0.6673788372499585,0.08723871924696969,0.27414547328232597,0.295362013886298
cornell,R1-5,1,5,89,0.667539877081447,0.08717454356223918,0.2742308068153081,0.2952533548704217
cornell,R1-5,1,5,90,0.666980112526441,0.08737681437638525,0.27389890033170755,0.29559569411002123
cornell,R1-5,1,5,91,0.6678447117739778,0.08713989956452078,0.27447763313432544,0.2951946807862919
cornell,R1-5,1,5,92,0.6674502506221968,0.08720591372347589,0.27416982568377984,0.29530647423223877
cornell,R1-5,1,5,93,0.666582915107936,0.08745852137851173,0.27357435471633695,0.2957338691771907
cornell,R1-5,1,5,94,0.6669586686918033,0.08736014554620657,0.2738400863726041,0.29556749744551847
cornell,R1-5,1,5,95,0.6671666133115339,0.08733782890078681,0.2739974545938838,0.2955297428361261
cornell,R1-5,1,5,96,0.6678640636182399,0.08713781664745888,0.2745632213199828,0.2951911527255837
cornell,R1-5,1,5,97,0.6673913081988273,0.08729920225183388,0.2741955870761771,0.2954643840665637
cornell,R1-5,1,5,98,0.6671218900950682,0.0873121351287686,0.27398481434528504,0.2954862689343933
cornell,R1-5,1,5,99,0.6673782157493001,0.08724877036654194,0.27416247907332286,0.2953790283120011
cornell,R1-5,1,5,100,0.6673123085998781,0.08728333849077789,0.2741065804807483,0.2954375373759704
cornell,R1-4,1,4,1,0.656398271319207,0.09050512925934014,0.26637366201186846,0.30084070412651964
cornell,R1-4,1,4,2,0.6563549062273217,0.09053604244596285,0.26636162602698343,0.3008920777387847
cornell,R1-4,1,4,3,0.6562630870550227,0.09052235391698261,0.26624747247566766,0.3008693303030115
cornell,R1-4,1,4,4,0.656479489681199,0.09050575561479089,0.2664375564327449,0.3008417451332027
cornell,R1-4,1,4,5,0.6565914568010718,0.09048449382055493,0.26657031081587684,0.30080640588350993
cornell,R1-4,1,4,6,0.65689247736797,0.0903771380347777,0.2667245011280335,0.3006279062808004
cornell,R1-4,1,4,7,0.6564100968950162,0.09050969733926911,0.2663405238208422,0.3008482962213167
cornell,R1-4,1,4,8,0.6564763611623494,0.09043334501327042,0.26632972808241023,0.3007213743871068
cornell,R1-4,1,4,9,0.6562255985404729,0.09052337036322161,0.2662259733563366,0.30087101948047706
cornell,R1-4,1,4,10,0.6563822009894815,0.09049121233139076,0.2663007833413131,0.3008175731758216
cornell,R1-4,1,4,11,0.6560506904934804,0.09058717124622034,0.26606587058391845,0.3009770277715898
cornell,R1-4,1,4,12,0.6563315316995855,0.09053118814609235,0.26632905778121935,0.30088401111739443
cornell,R1-4,1,4,13,0.6559947312462242,0.09064116229635548,0.2660543712308566,0.3010667073861796
cornell,R1-4,1,4,14,0.6562396754559646,0.09057118889527786,0.2662662029620944,0.30095047581832773
cornell,R1-4,1,4,15,0.6566223690707103,0.09044722642145267,0.26652442307692503,0.30074445368360936
cornell,R1-4,1,4,16,0.6573466731591137,0.09025594797603997,0.2670398057818364,0.3004262771064475
cornell,R1-4,1,4,17,0.6567867364415338,0.09041457701282472,0.2666534822012928,0.30069016780204955
cornell,R1-4,1,4,18,0.6568638989138924,0.0904014137870388,0.26671348769816894,0.3006682786511387
cornell,R1-4,1,4,19,0.6562793952394314,0.09059149073615898,0.26633790363934534,0.3009842034661603
cornell,R1-4,1,4,20,0.6567606132382562,0.09045416280785752,0.26666707824090385,0.3007559854896616
cornell,R1-4,1,4,21,0.6562389932902616,0.0905509815615966,0.2662321157659628,0.3009169014222973
cornell,R1-4,1,4,22,0.656161595914188,0.09062400228231617,0.2662248404704529,0.30103820734637016
cornell,R1-4,1,4,23,0.6566746450519642,0.09044843462541485,0.26658270529081196,0.30074646236558605
cornell,R1-4,1,4,24,0.6575132464715215,0.09017849159093959,0.2671049341985542,0.30029733863446006
cornell,R1-4,1,4,25,0.6567316759522334,0.0904603695143457,0.2666708358049989,0.30076630382133185
cornell,R1-4,1,4,26,0.6566862784334137,0.09039110854543438,0.26656391769499777,0.3006511409348622
cornell,R1-4,1,4,27,0.6568318174510592,0.09036160920251217,0.26665192435126844,0.3006020778413086
cornell,R1-4,1,4,28,0.657538779844886,0.0902092537872171,0.2671861146393564,0.30034855382907555
cornell,R1-4,1,4,29,0.6568928542172446,0.09036260095315525,0.26671770992648575,0.30060372744388125
cornell,R1-4,1,4,30,0.656908744981783,0.09038389400389062,0.26675480978999566,0.3006391425012562
cornell,R1-4,1,4,31,0.6561464267526587,0.09059915958910351,0.2662031404248365,0.3009969428235169
cornell,R1-4,1,4,32,0.6564128440396221,0.09047575803693672,0.2663397420744309,0.30079188492533626
cornell,R1-4,1,4,33,0.6567990308004905,0.09042839327052195,0.2666931123636079,0.3007131411669965
cornell,R1-4,1,4,34,0.6562746395002722,0.09057208246513551,0.266308809422937,0.3009519603942388
cornell,R1-4,1,4,35,0.6569715469524701,0.09035850167791212,0.26676244912021996,0.30059690896267066
cornell,R1-4,1,4,36,0.6562431173484566,0.09054482182924159,0.26627444428870495,0.300906666309076
cornell,R1-4,1,4,37,0.6571875615062294,0.09036808967798773,0.2670125522319344,0.3006128568075353
cornell,R1-4,1,4,38,0.6562534954693631,0.09051495736870817,0.2661987389739226,0.30085703809069875
cornell,R1-4,1,4,39,0.6566230058145782,0.09044498657618157,0.2665247018640454,0.30074072982584443
cornell,R1-4,1,4,40,0.6566270166839921,0.09044789924992452,0.26650342277727956,0.3007455722864836
cornell,R1-4,1,4,41,0.6566587494103826,0.09043321441567595,0.2665270106465209,0.30072115724650295
cornell,R1-4,1,4,42,0.6564763417790237,0.09049873118100131,0.2664260409606906,0.3008300702739028
cornell,R1-4,1,4,43,0.6570574306778688,0.09032536449466874,0.26680029083029133,0.30054178493958
cornell,R1-4,1,4,44,0.6568205695317826,0.09035217412568403,0.2666672924202797,0.30058638379953945
cornell,R1-4,1,4,45,0.656504235676502,0.09046417340556609,0.26642572490775795,0.30077262742072475
cornell,R1-4,1,4,46,0.6566691361128539,0.09044937426320271,0.26657577853834297,0.30074802453749006
cornell,R1-4,1,4,47,0.6564365636045556,0.09048435970219973,0.26642017921620786,0.30080618295207917
cornell,R1-4,1,4,48,0.6570230347414847,0.09037269181435548,0.2668499534363401,0.30062051130013645
cornell,R1-4,1,4,49,0.6571074450584267,0.09030916566232107,0.2668600186123625,0.3005148343465278
cornell,R1-4,1,4,50,0.656014895491221,0.0906453298731975,0.26610601211737317,0.3010736286578376
cornell,R1-4,1,4,51,0.6566597183357282,0.09045491339102836,0.26656294485934917,0.30075723331455945
cornell,R1-4,1,4,52,0.657320413850322,0.09025498618986465,0.26703511363918747,0.30042467639970033
cornell,R1-4,1,4,53,0.6573686505808145,0.0902426764530656,0.2670292835386427,0.30040418847457107
cornell,R1-4,1,4,54,0.6564762327598891,0.09050982540605323,0.2664316926293761,0.3008485090640358
cornell,R1-4,1,4,55,0.65688256625916,0.09036826957027906,0.26669451512662046,0.3006131560166306
cornell,R1-4,1,4,56,0.6560756003502279,0.09061879569618826,0.2661383348123898,0.3010295595056875
cornell,R1-4,1,4,57,0.6560484632315752,0.09056601610289075,0.266039692764246,0.3009418816032271
cornell,R1-4,1,4,58,0.6563095075125085,0.09050150682928555,0.2662573561158531,0.3008346835544159
cornell,R1-4,1,4,59,0.6565652196423605,0.09051848277535306,0.2665374071849068,0.30086289697360996
cornell,R1-4,1,4,60,0.6562554134376014,0.09052469723007416,0.2662044081818255,0.3008732245150342
cornell,R1-4,1,4,61,0.6560310986473443,0.09060528428539372,0.2660973306708968,0.30100711666901453
cornell,R1-4,1,4,62,0.656406277456179,0.09050084084263814,0.2663795962048837,0.30083357665433247
cornell,R1-4,1,4,63,0.656251432661026,0.09053976909553894,0.26624286788847845,0.30089827034321576
cornell,R1-4,1,4,64,0.6556851920225876,0.09069725793988714,0.2658420115921323,0.3011598544625215
cornell,R1-4,1,4,65,0.6560958545866942,0.09058188403964446,0.26614263170590996,0.30096824423790036
cornell,R1-4,1,4,66,0.6569794307058261,0.09036463390521912,0.26681530451214674,0.3006071088733916
cornell,R1-4,1,4,67,0.656505610693833,0.09048771471749287,0.266467654776505,0.3008117596063905
cornell,R1-4,1,4,68,0.6568824144562994,0.09037720402922984,0.2666794974888728,0.3006280160418018
cornell,R1-4,1,4,69,0.6566519278451636,0.09047515674315608,0.266552375025099,0.3007908854057185
cornell,R1-4,1,4,70,0.6565200462326859,0.09045745680310789,0.2664589665486393,0.30076146163215106
cornell,R1-4,1,4,71,0.6564932933851815,0.09052548621011142,0.2664935300182782,0.30087453566247746
cornell,R1-4,1,4,72,0.6569095182072475,0.09036812494602882,0.266713056606035,0.30061291546776364
cornell,R1-4,1,4,73,0.656500980811666,0.0904863009285505,0.2664091144718027,0.3008094096409727
cornell,R1-4,1,4,74,0.6563931961068014,0.09056412736281429,0.2664003889735599,0.30093874353897054
cornell,R1-4,1,4,75,0.656722013233139,0.09038748573797688,0.2665600093260284,0.30064511593900356
cornell,R1-4,1,4,76,0.6571828245081335,0.09024578381304187,0.26691399594460663,0.3004093603951812
cornell,R1-4,1,4,77,0.6576561448532886,0.09022200581260527,0.2673376124985839,0.300369781790055
cornell,R1-4,1,4,78,0.656848992092748,0.09039776027594056,0.2667047304051189,0.30066220293868096
cornell,R1-4,1,4,79,0.6570258219000777,0.09033818778659139,0.2667785252011892,0.3005631178082091
cornell,R1-4,1,4,80,0.6559898543828104,0.09060313542517204,0.26605013133558225,0.3010035471969924
cornell,R1-4,1,4,81,0.6573198195052657,0.09030506767830176,0.2670361465155527,0.30050801599674803
cornell,R1-4,1,4,82,0.656929661521304,0.09036805729793919,0.26674261807790467,0.30061280295080445
cornell,R1-4,1,4,83,0.6571722671526146,0.09039369658023164,0.2669918983680167,0.3006554449535741
cornell,R1-4,1,4,84,0.6566886932907365,0.09044159690318421,0.26658177391726906,0.3007350942327553
cornell,R1-4,1,4,85,0.6564159466126269,0.09050915280502463,0.26637921148972626,0.3008473912219028
cornell,R1-4,1,4,86,0.6567096685744904,0.09042440307764053,0.2666102618021746,0.30070650654357406
cornell,R1-4,1,4,87,0.6560629103430712,0.09061019964583043,0.2661114641872201,0.3010152814157953
cornell,R1-4,1,4,88,0.6567385273365391,0.09039698650799577,0.26658657045625817,0.30066091616303536
cornell,R1-4,1,4,89,0.6568414092463144,0.09035007331482901,0.2666305884559171,0.30058288925823606
cornell,R1-4,1,4,90,0.6561897444047464,0.09057962206248381,0.26623339577844923,0.3009644863808416
cornell,R1-4,1,4,91,0.6572170399040361,0.09029441558904312,0.26692770840601404,0.3004902920046555
cornell,R1-4,1,4,92,0.6568405192483395,0.09035510463229281,0.26663264592884384,0.30059125840964307
cornell,R1-4,1,4,93,0.6563249825243003,0.09050329102416342,0.2662870937035492,0.3008376489473407
cornell,R1-4,1,4,94,0.6562644526490474,0.09053441327759836,0.26624288849717204,0.30088937049619807
cornell,R1-4,1,4,95,0.6567033667283844,0.09044354004985106,0.2665643380013435,0.300738324877045
cornell,R1-4,1,4,96,0.6573955466852389,0.09024509214695302,0.2671263606577015,0.3004082091870211
cornell,R1-4,1,4,97,0.6567138538532793,0.09046849475976311,0.2666102967524449,0.30077981109070984
cornell,R1-4,1,4,98,0.6560876144245111,0.09058733969358207,0.26614603725810526,0.30097730760570984
cornell,R1-4,1,4,99,0.6569597391007603,0.090341192859551,0.2667611671545191,0.3005681168380156
cornell,R1-4,1,4,100,0.656493294436677,0.09049464892311056,0.2664207257078198,0.3008232852076291
cornell,R2-6,2,6,1,0.7761374820000376,0.06997323048059904,0.42498721647760834,0.2645245366324248
cornell,R2-6,2,6,2,0.7778900052880829,0.06971295743821133,0.42743948014611216,0.2640321144069625
cornell,R2-6,2,6,3,0.7768495848300402,0.06986449762636592,0.4260821547233435,0.26431893164577885
cornell,R2-6,2,6,4,0.7775359876232701,0.06975985130677416,0.4268545209328263,0.26412090282061007
cornell,R2-6,2,6,5,0.7772560191171726,0.06982310418608208,0.4265516420261844,0.2642406179717306
cornell,R2-6,2,6,6,0.7785484671906231,0.06956184573456535,0.4281048806955159,0.26374579756759226
cornell,R2-6,2,6,7,0.7775517838360784,0.06974161219675086,0.4268373890320636,0.2640863726070523
cornell,R2-6,2,6,8,0.7757868845769055,0.07000048122311843,0.42449980659287434,0.26457604053110784
cornell,R2-6,2,6,9,0.7765066434700134,0.06994182632005991,0.4257746534584037,0.2644651703345072
cornell,R2-6,2,6,10,0.7751611938974137,0.07013547961495462,0.4237011623643275,0.26483103974978955
cornell,R2-6,2,6,11,0.7760294876010388,0.07004285120767062,0.42513782540483985,0.2646560998875156
cornell,R2-6,2,6,12,0.7783733378694294,0.06962036041810342,0.42807397058154284,0.2638567043266163
cornell,R2-6,2,6,13,0.7799062347654203,0.06936817995940396,0.43006863997125344,0.26337839691099185
cornell,R2-6,2,6,14,0.775895146433358,0.07007793296886887,0.4248871566801134,0.2647223696042117
cornell,R2-6,2,6,15,0.7782531756899885,0.06962972208587298,0.4278368779856875,0.2638744437907411
cornell,R2-6,2,6,16,0.7770144807418081,0.06977668345143828,0.425756759248799,0.26415276536776644
cornell,R2-6,2,6,17,0.7773635697728628,0.0697548922084095,0.4264539156727417,0.26411151472135685
cornell,R2-6,2,6,18,0.7788640604397689,0.06950679407321397,0.4284456145969249,0.26364141190870216
cornell,R2-6,2,6,19,0.7766681424764822,0.0699409897806828,0.425775567155327,0.2644635887616343
cornell,R2-6,2,6,20,0.7767807839820902,0.06991830382628142,0.4258706153998746,0.2644206947768677
cornell,R2-6,2,6,21,0.7776694308194239,0.06978115130837668,0.4273452604299424,0.2641612221889819
cornell,R2-6,2,6,22,0.778686389741021,0.06962206627398249,0.42856792573095076,0.2638599368490459
cornell,R2-6,2,6,23,0.7760068062294747,0.0700198464998124,0.42482177022895024,0.2646126348075851
cornell,R2-6,2,6,24,0.7756302431351182,0.06997407835624958,0.4238113431230943,0.26452613926840873
cornell,R2-6,2,6,25,0.7783559530186832,0.06963631412440222,0.427933057439033,0.2638869343571262
cornell,R2-6,2,6,26,0.7770206105170178,0.06976888008277038,0.4260214376328505,0.2641379943945406
cornell,R2-6,2,6,27,0.776276287247605,0.06990798831475992,0.4250182689554714,0.2644011881871182
cornell,R2-6,2,6,28,0.776675250340805,0.06981393260273883,0.42516511337316404,0.2642232627963307
cornell,R2-6,2,6,29,0.7774178701615073,0.06971448990336088,0.42646484604009216,0.26403501643411026
cornell,R2-6,2,6,30,0.7789560454329919,0.06946661211101787,0.4284832535229786,0.2635651951814159
cornell,R2-6,2,6,31,0.776892194427999,0.06991430799987185,0.42624941688212376,0.26441313885635837
cornell,R2-6,2,6,32,0.7779021403052395,0.06966012507017613,0.4273485537289227,0.2639320463115007
cornell,R2-6,2,6,33,0.7759761337000141,0.07002567223560448,0.42471913404750133,0.2646236426240189
cornell,R2-6,2,6,34,0.7784806737564094,0.06962061615537692,0.42820611519610674,0.26385718894011
cornell,R2-6,2,6,35,0.7782393487102801,0.0695872425036935,0.42751430077517566,0.2637939394749119
cornell,R2-6,2,6,36,0.7759084932465601,0.07002950714771335,0.4248107085114845,0.26463088849889266
cornell,R2-6,2,6,37,0.778465922918173,0.0696035189200043,0.4278193758440261,0.2638247882970899
cornell,R2-6,2,6,38,0.7780847259056443,0.06966957610348119,0.4278041339135473,0.2639499499971182
cornell,R2-6,2,6,39,0.7782963036492252,0.06964110400868796,0.4279963224422556,0.2638960098385119
cornell,R2-6,2,6,40,0.7776188667703048,0.0697367557301523,0.42695473434641695,0.26407717760183724
cornell,R2-6,2,6,41,0.7766956276621676,0.06987539802110587,0.4256545168698595,0.26433955061833986
cornell,R2-6,2,6,42,0.7758891089075506,0.07005611445418714,0.4247728362156033,0.2646811562128803
cornell,R2-6,2,6,43,0.7799607986121582,0.0693019735322065,0.4298583380532168,0.2632526800095424
cornell,R2-6,2,6,44,0.7761092238719444,0.06991443161390935,0.42476783466164897,0.2644133726079476
cornell,R2-6,2,6,45,0.7773976473436552,0.06978368919308771,0.42681124982049,0.2641660258115864
cornell,R2-6,2,6,46,0.7773908395292609,0.06978849982432477,0.4266809056743662,0.26417513097247586
cornell,R2-6,2,6,47,0.7768760013516885,0.06986707204462844,0.4261335454134589,0.26432380150986867
cornell,R2-6,2,6,48,0.7764742345555772,0.06992704895874705,0.42526564499419195,0.2644372306592758
cornell,R2-6,2,6,49,0.7752571671624925,0.07009604092208777,0.4235996478170279,0.26475656917645646
cornell,R2-6,2,6,50,0.7771458595840308,0.06989553557100879,0.42666715531261884,0.2643776381825982
cornell,R2-6,2,6,51,0.7763674930261812,0.06994137294189375,0.42520262794372254,0.26446431317267316
cornell,R2-6,2,6,52,0.7767351893780289,0.06981324372147148,0.42538524895319924,0.26422195919618696
cornell,R2-6,2,6,53,0.7770544419652607,0.06976853073307981,0.4258136851094858,0.26413733309223786
cornell,R2-6,2,6,54,0.7778097936409022,0.06972974097709515,0.4272866117527602,0.26406389563341515
cornell,R2-6,2,6,55,0.776252376494361,0.06992803185035666,0.4249597408143213,0.2644390891119478
cornell,R2-6,2,6,56,0.7803278059247057,0.06934308156896114,0.43088225365179106,0.26333074558235914
cornell,R2-6,2,6,57,0.7762605036635482,0.0699601259693569,0.42531244116244665,0.26449976553743276
cornell,R2-6,2,6,58,0.7769469540447675,0.06982659298418771,0.426111788238025,0.26424721944457186
cornell,R2-6,2,6,59,0.7764744414504138,0.06998595171386006,0.42551812465953903,0.26454858100897094
cornell,R2-6,2,6,60,0.7786102146333432,0.0695654526669798,0.4283872396624822,0.2637526353744732
cornell,R2-6,2,6,61,0.7770574085880777,0.0698696125753763,0.4265003672682251,0.2643286071831354
cornell,R2-6,2,6,62,0.7765454548133056,0.06991109222296187,0.42557503966645843,0.2644070578160913
cornell,R2-6,2,6,63,0.7769310737372443,0.06986235746230436,0.4261748207282054,0.2643148831645777
cornell,R2-6,2,6,64,0.7791974251532595,0.06955092045235067,0.42961487876073995,0.2637250849888017
cornell,R2-6,2,6,65,0.7770064511279617,0.0698379032852381,0.4262523383378478,0.2642686195620625
cornell,R2-6,2,6,66,0.7770664444749331,0.06980149816937152,0.426030021458748,0.26419973158459403
cornell,R2-6,2,6,67,0.7776952594514353,0.0697403447743635,0.4271623295089795,0.26408397296004826
cornell,R2-6,2,6,68,0.7776670261632301,0.06970543981914495,0.4268723075077461,0.26401787784001474
cornell,R2-6,2,6,69,0.7790192708065444,0.06947592013564542,0.4285672892759024,0.26358285250684543
cornell,R2-6,2,6,70,0.775827058155137,0.07002198522884728,0.42460844569287237,0.2646166760218397
cornell,R2-6,2,6,71,0.7773724556217794,0.06980947939208516,0.4266766381204441,0.264214835677494
cornell,R2-6,2,6,72,0.7772089303306654,0.06976880920166072,0.42621006981411413,0.26413786022011443
cornell,R2-6,2,6,73,0.7778860425528324,0.06967238151949108,0.4272039791236373,0.2639552642390204
cornell,R2-6,2,6,74,0.7796218013000971,0.0694417891746104,0.4296732870643603,0.263518100278919
cornell,R2-6,2,6,75,0.7779228546807064,0.06961170676674487,0.4271430162490123,0.2638403054249765
cornell,R2-6,2,6,76,0.7774634496589966,0.06968753849429288,0.4265721293705504,0.26398397393457973
cornell,R2-6,2,6,77,0.7765176021333341,0.0698514781189047,0.4248403739748532,0.26429430209314897
cornell,R2-6,2,6,78,0.7771227391283616,0.06980654803579796,0.42618450476312925,0.2642092883223411
cornell,R2-6,2,6,79,0.7763877670112612,0.06989079695968498,0.42498823396885893,0.2643686762074603
cornell,R2-6,2,6,80,0.7773828808487661,0.06978753209683318,0.4268574339913433,0.2641732993639463
cornell,R2-6,2,6,81,0.7769981383786801,0.06979318425255712,0.42561676692742095,0.26418399696529143
cornell,R2-6,2,6,82,0.7768500010373245,0.0698342264147888,0.42573568590347033,0.26426166277912655
cornell,R2-6,2,6,83,0.7765833268183109,0.06994526885077229,0.42530592080791224,0.26447167873096034
cornell,R2-6,2,6,84,0.7767904190785726,0.06989026308517328,0.4258849376981049,0.26436766648963195
cornell,R2-6,2,6,85,0.7791989961171369,0.06948645946817458,0.4291800950465919,0.2636028441959126
cornell,R2-6,2,6,86,0.777434222454958,0.06977139868895774,0.42676474096218026,0.26414276194693986
cornell,R2-6,2,6,87,0.7772257564431522,0.06985117745812089,0.4266969325837254,0.2642937332933206
cornell,R2-6,2,6,88,0.7771481551119613,0.06976409446338157,0.42615800292003736,0.2641289353012683
cornell,R2-6,2,6,89,0.7761737773257662,0.0698869308747084,0.42470283044830803,0.2643613641868047
cornell,R2-6,2,6,90,0.7768609519807392,0.0698802576544455,0.4260446037026063,0.26434874248697593
cornell,R2-6,2,6,91,0.777001931674603,0.06977925519100232,0.4257266762621446,0.26415763322494074
cornell,R2-6,2,6,92,0.7764762245019209,0.06986540412131624,0.4252332526307703,0.2643206464151377
cornell,R2-6,2,6,93,0.7763515369359344,0.06996647625715122,0.42549669723592354,0.2645117696004305
cornell,R2-6,2,6,94,0.776394495236573,0.06994637628762287,0.42543030792144126,0.2644737724002569
cornell,R2-6,2,6,95,0.7769132735038256,0.06985857888213484,0.42593670999383826,0.2643077351916414
cornell,R2-6,2,6,96,0.7770505661982012,0.06975211465398051,0.4257490125398467,0.26410625637038687
cornell,R2-6,2,6,97,0.7786568980538443,0.06958132365725564,0.42825447541747036,0.26378272054335866
cornell,R2-6,2,6,98,0.7796864385431916,0.06939882133028334,0.42990031910344134,0.2634365603523614
cornell,R2-6,2,6,99,0.777661075066522,0.0696757633971307,0.42680154549121446,0.2639616703181178
cornell,R2-6,2,6,100,0.7783875798636682,0.06959643455295741,0.42790535460328083,0.2638113616828461
cornell,R2-5,2,5,1,0.7654394371517255,0.07185733382594935,0.41109355349461396,0.26806218275980176
cornell,R2-5,2,5,2,0.7679490230690806,0.07146372948305381,0.4145290223354377,0.26732700851775865
cornell,R2-5,2,5,3,0.7672224615121223,0.07155999390690895,0.4135793087574201,0.26750699786530624
cornell,R2-5,2,5,4,0.7667911831088883,0.0716521898057921,0.41290013068136583,0.26767926667150016
cornell,R2-5,2,5,5,0.7661691964930378,0.07177567775364666,0.41215306927050654,0.2679098313866937
cornell,R2-5,2,5,6,0.7693272376258079,0.07118585738507373,0.4161291732013806,0.2668067791212842
cornell,R2-5,2,5,7,0.7679996878975119,0.0714238949099146,0.414431981910151,0.2672524928039299
cornell,R2-5,2,5,8,0.7649069715832851,0.07191661456888901,0.4103699495431999,0.2681727327095151
cornell,R2-5,2,5,9,0.7672697740671356,0.07156859240576004,0.41377863434264,0.2675230689225885
cornell,R2-5,2,5,10,0.765215756950756,0.07188703621131065,0.41078491915215193,0.2681175790792365
cornell,R2-5,2,5,11,0.7654561580613196,0.07190499011620406,0.4114061315003981,0.2681510583909824
cornell,R2-5,2,5,12,0.7684000721802701,0.07137681811812711,0.41512158588977555,0.2671644027899808
cornell,R2-5,2,5,13,0.7687275525695174,0.07133693152294127,0.41555076822683495,0.2670897443237783
cornell,R2-5,2,5,14,0.7649940175984022,0.07199780277660064,0.41072974639491067,0.26832406298466904
cornell,R2-5,2,5,15,0.7683032140371192,0.07138207555812838,0.4149147584901274,0.2671742419435833
cornell,R2-5,2,5,16,0.7663098338331452,0.07166194952924784,0.411854522100823,0.26769749630739514
cornell,R2-5,2,5,17,0.7664877540785308,0.07167030395173724,0.412329379828602,0.2677131000749445
cornell,R2-5,2,5,18,0.7682992020561702,0.07136744107048594,0.4147249222717316,0.26714685300502033
cornell,R2-5,2,5,19,0.7656590715819902,0.0718798699775428,0.41147797138593983,0.2681042147701949
cornell,R2-5,2,5,20,0.7663501313049923,0.07175531497007116,0.41232421743247705,0.26787182563694745
cornell,R2-5,2,5,21,0.7679731126174143,0.07148883395703153,0.41475255034273906,0.2673739590106552
cornell,R2-5,2,5,22,0.7683891892684043,0.07143557426850765,0.415194843540379,0.2672743427052205
cornell,R2-5,2,5,23,0.7654605199086529,0.07187722264842888,0.41112519763636135,0.26809927759773783
cornell,R2-5,2,5,24,0.7650536003535364,0.07183680078169322,0.4100753462767163,0.268023880991402
cornell,R2-5,2,5,25,0.7672663529565246,0.071589376844924,0.4135308775954801,0.2675619121716019
cornell,R2-5,2,5,26,0.7657494151678839,0.07175392474882897,0.41138341808659573,0.26786923068696966
cornell,R2-5,2,5,27,0.76767681703998,0.07142249781777392,0.41385004685588733,0.26724987898551783
cornell,R2-5,2,5,28,0.7663103674427788,0.07163936059628642,0.41170413130725686,0.26765530182734365
cornell,R2-5,2,5,29,0.7671666094657341,0.07151990714032588,0.4131514263192538,0.2674320607936264
cornell,R2-5,2,5,30,0.7699223094867559,0.07105760302184867,0.4167510459566266,0.26656632011911907
cornell,R2-5,2,5,31,0.7669845764427611,0.07165920404911483,0.4133822895515681,0.26769236830570053
cornell,R2-5,2,5,32,0.766129951754851,0.07173340295827313,0.4120598890607184,0.26783092233398503
cornell,R2-5,2,5,33,0.7642652684063911,0.07208815007987512,0.409510110535657,0.26849236503087964
cornell,R2-5,2,5,34,0.7673527042353604,0.0715804363747575,0.41375410453409905,0.26754520435761414
cornell,R2-5,2,5,35,0.7679488044613461,0.0713995782266974,0.4141498630920711,0.2672069950931251
cornell,R2-5,2,5,36,0.76558393478219,0.0718478333388824,0.4114020962102515,0.2680444614963764
cornell,R2-5,2,5,37,0.7679777662943018,0.07145065746370878,0.41419829689818927,0.26730255790715657
cornell,R2-5,2,5,38,0.7668626679777533,0.07164596685370223,0.41322992965132566,0.267667642522779
cornell,R2-5,2,5,39,0.7684491145200276,0.07137535753292444,0.4152076747004627,0.26716166928083906
cornell,R2-5,2,5,40,0.7680001100381937,0.07143077851600257,0.4144627541531785,0.2672653709630235
cornell,R2-5,2,5,41,0.7649571328933699,0.07194274187475924,0.4104096106689875,0.26822144186242686
cornell,R2-5,2,5,42,0.76590051025438,0.07181527254378664,0.4118005384427519,0.2679837169377771
cornell,R2-5,2,5,43,0.7697455879839994,0.07110104175363116,0.4165917369330705,0.2666477859529892
cornell,R2-5,2,5,44,0.7657296424550596,0.07174244826070605,0.41128776347522655,0.2678478080192296
cornell,R2-5,2,5,45,0.7669416115393377,0.07162517072708306,0.41323188651970255,0.26762879278411555
cornell,R2-5,2,5,46,0.7655931147699441,0.07186627506285853,0.4113590768639532,0.26807885978356916
cornell,R2-5,2,5,47,0.7667514753653755,0.07165016919475034,0.4129847173882473,0.2676754923312001
cornell,R2-5,2,5,48,0.7666291645241208,0.07166092927468215,0.4124797493468497,0.2676955906896528
cornell,R2-5,2,5,49,0.7661314332583185,0.07170323420099353,0.4117479615383674,0.2677745958842876
cornell,R2-5,2,5,50,0.7669693971543872,0.07168777959123765,0.41345087688404747,0.2677457368311168
cornell,R2-5,2,5,51,0.7668741713875935,0.07161330452484833,0.4128735516212732,0.26760662272232416
cornell,R2-5,2,5,52,0.7652277453503383,0.07183989570287737,0.4104404107717106,0.26802965452143046
cornell,R2-5,2,5,53,0.7673261891504891,0.0714818375973356,0.41317950120594593,0.26736087521800117
cornell,R2-5,2,5,54,0.7686445952556586,0.07134388460644892,0.4153836725388635,0.26710276038717556
cornell,R2-5,2,5,55,0.7662055471355113,0.0716974453341825,0.41191181821362316,0.26776378645026383
cornell,R2-5,2,5,56,0.770639228637512,0.07104940091397408,0.4182995967718016,0.2665509349335959
cornell,R2-5,2,5,57,0.7649799805773335,0.07194681340480819,0.41066230758627104,0.26822903162187384
cornell,R2-5,2,5,58,0.7653243386767741,0.07187352855111112,0.41101737582964526,0.26809238808871677
cornell,R2-5,2,5,59,0.7663715338614645,0.07176524150521954,0.41239737267359067,0.2678903535128123
cornell,R2-5,2,5,60,0.767907069878244,0.07145045419060263,0.41448695337708324,0.26730217767650644
cornell,R2-5,2,5,61,0.7666798520949406,0.07169727259947553,0.4130229258715003,0.26776346389953115
cornell,R2-5,2,5,62,0.7656529948553232,0.07182943529750645,0.41142888774264885,0.26801014028858394
cornell,R2-5,2,5,63,0.7648460061624646,0.07199073854214368,0.4104798167913819,0.26831089903718724
cornell,R2-5,2,5,64,0.7686973670439062,0.07140015504527986,0.4159783432309552,0.26720807443877864
cornell,R2-5,2,5,65,0.766056714214893,0.07176633378269234,0.4120318002320827,0.2678923921702375
cornell,R2-5,2,5,66,0.766679832083893,0.0716307530874703,0.4125408190724913,0.2676392218780168
cornell,R2-5,2,5,67,0.7659567940194133,0.07180768346132321,0.4119174614080888,0.2679695569674347
cornell,R2-5,2,5,68,0.7672560309397757,0.07153898895892374,0.41335143888144815,0.26746773442589994
cornell,R2-5,2,5,69,0.7686018368704055,0.07131060323964676,0.41503805862595106,0.2670404524405371
cornell,R2-5,2,5,70,0.7648871817757792,0.07194867912257484,0.41040071356559743,0.2682325094439055
cornell,R2-5,2,5,71,0.7676634017150067,0.07151940500983299,0.4140673880399666,0.26743112199187474
cornell,R2-5,2,5,72,0.7667352935881487,0.07161339055314708,0.41260784799039285,0.2676067834587664
cornell,R2-5,2,5,73,0.7670858833080424,0.0715744689057328,0.41317769910356017,0.2675340518620626
cornell,R2-5,2,5,74,0.768149621164667,0.07146223059901051,0.4147742464693943,0.2673242050376481
cornell,R2-5,2,5,75,0.7671530734949964,0.07150844407233653,0.4131561885326889,0.2674106281962939
cornell,R2-5,2,5,76,0.7671173552402926,0.07150965752463796,0.4131355480996797,0.2674128970798491
cornell,R2-5,2,5,77,0.7655194191014975,0.07178844078235136,0.41055691838682434,0.26793364996273117
cornell,R2-5,2,5,78,0.7662513185919921,0.07172118571882426,0.41206567695670626,0.2678081136164927
cornell,R2-5,2,5,79,0.7653620597357029,0.07183260709950788,0.4106690323569977,0.2680160575404166
cornell,R2-5,2,5,80,0.7675707602979646,0.0715156094620788,0.41411433017990684,0.2674240255887245
cornell,R2-5,2,5,81,0.7665310605599666,0.07163661046864679,0.41202306324679505,0.26765016433517613
cornell,R2-5,2,5,82,0.7652115319812335,0.07188395407944656,0.4106206841441759,0.26811183129329924
cornell,R2-5,2,5,83,0.7664270712391746,0.07173395410907962,0.41211588522790726,0.267831951247568
cornell,R2-5,2,5,84,0.7660374202048357,0.0717840447469461,0.41191990534625617,0.26792544624754494
cornell,R2-5,2,5,85,0.7689797504060629,0.0712862383347058,0.41590825352196825,0.2669948282920585
cornell,R2-5,2,5,86,0.7669538403230075,0.0716171680155346,0.4131537588304967,0.26761384122562604
cornell,R2-5,2,5,87,0.7671990596378765,0.07161704526494894,0.41367515634138563,0.26761361188278326
cornell,R2-5,2,5,88,0.7667743087056351,0.0715911010795852,0.41268537985194326,0.26756513427497464
cornell,R2-5,2,5,89,0.7662422140936375,0.07163604407955453,0.4118046051746173,0.2676491062558486
cornell,R2-5,2,5,90,0.7662529895429153,0.07174849599143558,0.41226793169036924,0.267859097272121
cornell,R2-5,2,5,91,0.7675708528709905,0.0714402247771376,0.4134784353619157,0.26728304244216017
cornell,R2-5,2,5,92,0.7670169462809916,0.07153134009310957,0.41294838885168045,0.2674534353735423
cornell,R2-5,2,5,93,0.7650396965997641,0.07195867918036164,0.4108058916189586,0.26825114944835116
cornell,R2-5,2,5,94,0.7664676934226249,0.0716946509276609,0.41253826635145163,0.2677585683552646
cornell,R2-5,2,5,95,0.7661010781547705,0.07176278602620462,0.4118947985589874,0.2678857704810105
cornell,R2-5,2,5,96,0.7665253674277585,0.07160577693480384,0.41207982656997694,0.26759255769696555
cornell,R2-5,2,5,97,0.7678710981836664,0.07148088211918226,0.41424684406771817,0.2673590883422186
cornell,R2-5,2,5,98,0.7693852672386225,0.07121302865425347,0.41652207995178936,0.2668576936388634
cornell,R2-5,2,5,99,0.7663488852541597,0.07166802786890178,0.4121102860058552,0.2677088490672316
cornell,R2-5,2,5,100,0.7676559947479695,0.07148644489635116,0.41396813252345704,0.2673694913342791
cornell,R3-6,3,6,1,0.7757808416250189,0.07001748487740905,0.42429888127624765,0.2646081723556721
cornell,R3-6,3,6,2,0.7721895950492744,0.07042030364581907,0.4164373802515983,0.2653682415923561
cornell,R3-6,3,6,3,0.770107424893346,0.07070111131950822,0.4130694216004119,0.2658968057715403
cornell,R3-6,3,6,4,0.7748727434005062,0.07009032501339325,0.42171431562247264,0.2647457743069627
cornell,R3-6,3,6,5,0.772464127684537,0.07041771511584548,0.4173030325373231,0.2653633643060878
cornell,R3-6,3,6,6,0.7658847105414733,0.07113325197809094,0.4036631458272243,0.2667081775613394
cornell,R3-6,3,6,7,0.773175291292009,0.07028467756818317,0.418390521852409,0.26511257527356785
cornell,R3-6,3,6,8,0.7714323895454066,0.07054081699151488,0.41609539580154814,0.26559521266678526
cornell,R3-6,3,6,9,0.7645610016390526,0.0714241239254345,0.4027189190067221,0.26725292126641853
cornell,R3-6,3,6,10,0.7710461721369444,0.0706460998886774,0.41575894793075185,0.2657933405649536
cornell,R3-6,3,6,11,0.7701772859402344,0.07076903274154413,0.4138427598608267,0.2660244965065137
cornell,R3-6,3,6,12,0.7727913335801682,0.0703130139990642,0.4173004005700553,0.2651660121491142
cornell,R3-6,3,6,13,0.784396760158642,0.06881096460575234,0.43873559671484236,0.26231844122316744
cornell,R3-6,3,6,14,0.7717372720351495,0.0705938706933575,0.4168622343393203,0.2656950708864534
cornell,R3-6,3,6,15,0.7686237597083025,0.0708246064171437,0.4092515846260701,0.26612892818546374
cornell,R3-6,3,6,16,0.7694736345618216,0.07071240364071042,0.4112025185035392,0.265918039329246
cornell,R3-6,3,6,17,0.7744363948116121,0.07011811626090263,0.4208043097703959,0.2647982557739054
cornell,R3-6,3,6,18,0.7731827063250103,0.07021177566555445,0.41748029405190284,0.2649750472507826
cornell,R3-6,3,6,19,0.7782469197021692,0.06974508421660101,0.4288226925418111,0.26409294616971696
cornell,R3-6,3,6,20,0.7677748622056071,0.07103582069748364,0.40848869955911143,0.2665254597547552
cornell,R3-6,3,6,21,0.7650588204493982,0.0713459627951367,0.40300610075317245,0.267106650600723
cornell,R3-6,3,6,22,0.7753015161919483,0.07004208472315325,0.42203493681334125,0.26465465180713005
cornell,R3-6,3,6,23,0.7693679931572487,0.07084363620141935,0.4120085021408258,0.2661646787261964
cornell,R3-6,3,6,24,0.7665250637801322,0.07110391179218833,0.4062378547904806,0.2666531676020151
cornell,R3-6,3,6,25,0.7730100460329614,0.07029967112401349,0.4176151679855535,0.265140851480894
cornell,R3-6,3,6,26,0.7758967868053857,0.069908331877832,0.4238523971219404,0.264401837886638
cornell,R3-6,3,6,27,0.765670182032902,0.07122406698048253,0.4045479125814549,0.26687837488354604
cornell,R3-6,3,6,28,0.7696698278316678,0.07068321373110467,0.4116442692548281,0.26586314850145115
cornell,R3-6,3,6,29,0.7724267786013908,0.07033381895845713,0.41683176953748796,0.2652052393118528
cornell,R3-6,3,6,30,0.7719576455808815,0.07033502181967784,0.414975963512311,0.2652075070952514
cornell,R3-6,3,6,31,0.7707734644962034,0.07067356219936247,0.4144399373679867,0.2658449965663497
cornell,R3-6,3,6,32,0.7769620794187925,0.06977677430681653,0.42553418540387133,0.26415293734277595
cornell,R3-6,3,6,33,0.7724770195944861,0.07045986644072603,0.4179656546806877,0.26544277432381924
cornell,R3-6,3,6,34,0.7780402390137842,0.06967526833509408,0.4273560523357891,0.26396073256280767
cornell,R3-6,3,6,35,0.7724230078815176,0.07030897417826139,0.41628844857545444,0.2651583945083794
cornell,R3-6,3,6,36,0.7739137162584943,0.07027703283066886,0.4209606810979104,0.26509815697335365
cornell,R3-6,3,6,37,0.7716332143718491,0.07045136850897608,0.4146318790099227,0.2654267667530464
cornell,R3-6,3,6,38,0.7704988869052399,0.07061087931214298,0.41316305459280656,0.26572707673879037
cornell,R3-6,3,6,39,0.7646584137008365,0.07133338742877887,0.4016744576499218,0.267083109590964
cornell,R3-6,3,6,40,0.7678633181924168,0.07094729146366267,0.4081259982580643,0.26635932772039855
cornell,R3-6,3,6,41,0.7744385529063782,0.07015547141966341,0.4212982405861455,0.2648687815120223
cornell,R3-6,3,6,42,0.7678439856996404,0.07105440881415001,0.4092453135478898,0.26656032865779183
cornell,R3-6,3,6,43,0.768512914757913,0.07072250589571413,0.40776330340276773,0.26593703370481164
cornell,R3-6,3,6,44,0.7720235432532893,0.07042141103644425,0.41688225021780206,0.26537032810102235
cornell,R3-6,3,6,45,0.7673413602707441,0.07103154263269786,0.4074020721804052,0.2665174340126699
cornell,R3-6,3,6,46,0.7725588618978041,0.0703880849260381,0.4173549276549314,0.26530752896598714
cornell,R3-6,3,6,47,0.768695181925688,0.07088220452697795,0.41034412170981144,0.2662371208659265
cornell,R3-6,3,6,48,0.7674167050308807,0.07105096967519078,0.40778412340973674,0.2665538776217498
cornell,R3-6,3,6,49,0.7629919231410202,0.07161799697096634,0.3999270638616492,0.26761539001142354
cornell,R3-6,3,6,50,0.7714269249150543,0.07060518041764025,0.4156293022665444,0.2657163533124001
cornell,R3-6,3,6,51,0.7706232681372531,0.07065415597339654,0.4141159634060886,0.2658084949233123
cornell,R3-6,3,6,52,0.7723518394192932,0.07035716000819862,0.4169251465925619,0.26524924129617905
cornell,R3-6,3,6,53,0.7655494227661269,0.07119615284413804,0.4036083761549633,0.26682607227206645
cornell,R3-6,3,6,54,0.7686655644183377,0.0708644199898582,0.40963775506488415,0.26620371896323725
cornell,R3-6,3,6,55,0.7692570694280093,0.07079605778483448,0.41145842004734684,0.2660752859339523
cornell,R3-6,3,6,56,0.7709816590416039,0.07050281591729617,0.41284368496447454,0.26552366357312895
cornell,R3-6,3,6,57,0.7760163610128047,0.0699904208728501,0.4248412326499721,0.2645570276383716
cornell,R3-6,3,6,58,0.7767776111428965,0.0698476062190851,0.4257849472841582,0.26428697701378534
cornell,R3-6,3,6,59,0.7694618353911149,0.07085612422666199,0.411983415901084,0.2661881369006928
cornell,R3-6,3,6,60,0.7738816912424346,0.07015220045319359,0.4192609339194964,0.26486260674771284
cornell,R3-6,3,6,61,0.7725594663397094,0.07042774826353183,0.4178190955943441,0.26538226817843696
cornell,R3-6,3,6,62,0.7746750265284076,0.07014318786142522,0.42196501197163444,0.264845592490087
cornell,R3-6,3,6,63,0.7770867984745418,0.0698430340631434,0.4264753778893745,0.26427832688879993
cornell,R3-6,3,6,64,0.7716500117318803,0.07048745555021672,0.4150479628846046,0.26549473733054807
cornell,R3-6,3,6,65,0.7790273007515529,0.06958714232986875,0.43015268734839096,0.26379374960348995
cornell,R3-6,3,6,66,0.7707586261720046,0.07058421575774519,0.41385559116720455,0.2656769010616941
cornell,R3-6,3,6,67,0.7737216281518812,0.07023342034478722,0.4194930063077957,0.2650158869667764
cornell,R3-6,3,6,68,0.7692963655498828,0.07074412910500398,0.4107164800507061,0.26597768535161737
cornell,R3-6,3,6,69,0.7803200400636341,0.0693145117172141,0.43107784425534823,0.2632764929066287
cornell,R3-6,3,6,70,0.7722001481661036,0.07047203722836608,0.41760831336292037,0.26546569877926995
cornell,R3-6,3,6,71,0.7721955515862331,0.07045186534033772,0.41668493349621005,0.2654277026618317
cornell,R3-6,3,6,72,0.7710313682811571,0.07053536369597352,0.4142870411326363,0.2655849462902096
cornell,R3-6,3,6,73,0.7773746144001102,0.0697358430510434,0.42621689514430156,0.26407544954244305
cornell,R3-6,3,6,74,0.7790254423582644,0.06951578950408625,0.4285222820711323,0.26365847133002623
cornell,R3-6,3,6,75,0.7762056389790197,0.06982479073145972,0.42382869712165033,0.2642438092585325
cornell,R3-6,3,6,76,0.7642010124398047,0.07133323315094198,0.4009749086405568,0.2670828207709024
cornell,R3-6,3,6,77,0.7751898151021898,0.07001623908900924,0.42227767323210086,0.2646058183204013
cornell,R3-6,3,6,78,0.7713056336219676,0.0705283745968389,0.414957176694243,0.2655717880288471
cornell,R3-6,3,6,79,0.7734141099920597,0.07025978882642922,0.4192489151820998,0.26506563116788495
cornell,R3-6,3,6,80,0.7744024530441556,0.07015736412931628,0.42110504722275327,0.26487235440739426
cornell,R3-6,3,6,81,0.7743547123282247,0.0701211987837071,0.4205148117608854,0.26480407622184954
cornell,R3-6,3,6,82,0.7736491416392293,0.07023141111930101,0.4195578542440787,0.26501209617544064
cornell,R3-6,3,6,83,0.7700576024828432,0.0707550257221581,0.4127109200947166,0.26599816864436887
cornell,R3-6,3,6,84,0.7688554318687199,0.07087489101109297,0.4105699834600155,0.2662233855450963
cornell,R3-6,3,6,85,0.7713512612693758,0.07046026051938789,0.41403354258374286,0.26544351662714966
cornell,R3-6,3,6,86,0.7677426619747446,0.07097399433810106,0.4080595053612047,0.2664094486652098
cornell,R3-6,3,6,87,0.7717889361220021,0.07052581561125278,0.41620357547857917,0.26556697010594665
cornell,R3-6,3,6,88,0.7733129611882948,0.0702399917696585,0.41875587133751613,0.26502828484835067
cornell,R3-6,3,6,89,0.7741328841695336,0.07014017896978812,0.4207637963373756,0.2648399119653005
cornell,R3-6,3,6,90,0.7774265024253304,0.06981008025571367,0.42713614663187177,0.26421597274902525
cornell,R3-6,3,6,91,0.7690073994842662,0.0707712718686722,0.41029679699303506,0.26602870497123465
cornell,R3-6,3,6,92,0.7686099165808262,0.07084150984753272,0.4100508531324281,0.2661606842633463
cornell,R3-6,3,6,93,0.7695703890274328,0.07080792784666319,0.41240871521991995,0.2660975908321291
cornell,R3-6,3,6,94,0.7720333746298256,0.07048753420308013,0.417013109411746,0.2654948854555962
cornell,R3-6,3,6,95,0.7717987348777526,0.07049322610036098,0.41606537398103915,0.26550560464962125
cornell,R3-6,3,6,96,0.7718965340438187,0.07039166250151326,0.41580145188259643,0.2653142711983531
cornell,R3-6,3,6,97,0.7739722714324133,0.07016262442963778,0.4192128928124068,0.26488228409925374
cornell,R3-6,3,6,98,0.7764951805335369,0.06979481462831483,0.4237410186427418,0.2641870826295541
cornell,R3-6,3,6,99,0.7730315093579782,0.07025023183178858,0.4178662334243209,0.26504760295424024
cornell,R3-6,3,6,100,0.7770431217957618,0.06976326418025287,0.42531047785842957,0.2641273635582896
linear,R3-6,3,6,1,0.5523585916914959,0.09813926238166272,,0.31327186656586753
linear,R3-6,3,6,2,0.5529069606657633,0.09802103480180098,,0.31308311165216335
linear,R3-6,3,6,3,0.5525982500515354,0.09807862014799483,,0.3131750631004883
linear,R3-6,3,6,4,0.5528114432572153,0.0980408020889443,,0.31311467881423943
linear,R3-6,3,6,5,0.5527256684335288,0.09807582017039176,,0.31317059276118464
linear,R3-6,3,6,6,0.5533285803327772,0.09788732952709482,,0.3128695087845647
linear,R3-6,3,6,7,0.5528641948734814,0.09801485948624863,,0.31307324939420905
linear,R3-6,3,6,8,0.5523298332593025,0.09811888202453842,,0.3132393366493717
linear,R3-6,3,6,9,0.5525020711402637,0.09811561979503404,,0.31323412935859024
linear,R3-6,3,6,10,0.5521207785623057,0.09820186575339802,,0.31337176923487864
linear,R3-6,3,6,11,0.5522608958505714,0.09819779705868437,,0.31336527736602277
linear,R3-6,3,6,12,0.553054260239127,0.09797094461148693,,0.3130031063927113
linear,R3-6,3,6,13,0.5533725966041336,0.09788958201077363,,0.31287310848133565
linear,R3-6,3,6,14,0.5522309230477113,0.09822276042494264,,0.313405105933108
linear,R3-6,3,6,15,0.5531249359758822,0.09794907578057924,,0.312968170555057
linear,R3-6,3,6,16,0.5529475113110406,0.0979661774422409,,0.31299549108931407
linear,R3-6,3,6,17,0.55285427470837,0.09800827976215759,,0.31306274093567504
linear,R3-6,3,6,18,0.5533509068174961,0.09788162929897533,,0.31286039905839047
linear,R3-6,3,6,19,0.5524425751277496,0.09816669191012763,,0.31331564261959155
linear,R3-6,3,6,20,0.5526777494029644,0.0981097273913932,,0.3132247234676618
linear,R3-6,3,6,21,0.5528486692079613,0.0980564925616739,,0.31313973328479716
linear,R3-6,3,6,22,0.5530713871617539,0.09801381200272465,,0.31307157648487455
linear,R3-6,3,6,23,0.5524174646449914,0.09815082916929699,,0.31329032728333156
linear,R3-6,3,6,24,0.5526131739998715,0.09802863648592462,,0.31309525145860106
linear,R3-6,3,6,25,0.553107226216311,0.09797846396260461,,0.3130151177860338
linear,R3-6,3,6,26,0.5527096411785619,0.0980005172040227,,0.31305034292270423
linear,R3-6,3,6,27,0.5526481618876065,0.09803678530113044,,0.3131082645046765
linear,R3-6,3,6,28,0.5529110927331587,0.0979662659891392,,0.31299563254003915
linear,R3-6,3,6,29,0.5529364714063529,0.09796068953699533,,0.3129867242184488
linear,R3-6,3,6,30,0.5534445466130661,0.09783889286549534,,0.31279209207634284
linear,R3-6,3,6,31,0.5525426197894135,0.09814190638279022,,0.3132760865160158
linear,R3-6,3,6,32,0.5528893577547872,0.09798042557826586,,0.3130182511903513
linear,R3-6,3,6,33,0.5523896446695046,0.0981618889160041,,0.31330797774075925
linear,R3-6,3,6,34,0.5530081803659427,0.09799966971634269,,0.31304898932330494
linear,R3-6,3,6,35,0.5532187961657039,0.09789983440682717,,0.31288949232409063
linear,R3-6,3,6,36,0.5522492560045725,0.0981775603462413,,0.31333298636792345
linear,R3-6,3,6,37,0.5533012993219815,0.09793243424408947,,0.31294158279795525
linear,R3-6,3,6,38,0.5529404079178071,0.09799459396934024,,0.31304088226514476
linear,R3-6,3,6,39,0.5531494632199148,0.09795565825163934,,0.3129786865772801
linear,R3-6,3,6,40,0.552957192319765,0.09799715895846367,,0.31304497912993856
linear,R3-6,3,6,41,0.5525963445987242,0.09807837177957117,,0.3131746665673505
linear,R3-6,3,6,42,0.5523484641168555,0.09817846254164371,,0.3133344260397247
linear,R3-6,3,6,43,0.553797772421126,0.09774833461861941,,0.31264730067380947
linear,R3-6,3,6,44,0.5525066545430196,0.0980516273849641,,0.31313196480871147
linear,R3-6,3,6,45,0.5528164307674297,0.09803342959070312,,0.3131029057525706
linear,R3-6,3,6,46,0.5527930763340283,0.09804962949696175,,0.3131287746230962
linear,R3-6,3,6,47,0.5526210630318685,0.09807908531108876,,0.3131758057562697
linear,R3-6,3,6,48,0.5526905995428695,0.09807817831124074,,0.31317435768472607
linear,R3-6,3,6,49,0.5524030944632061,0.09812445363193605,,0.31324823005395586
linear,R3-6,3,6,50,0.552569798609715,0.09815235359761884,,0.3132927602061989
linear,R3-6,3,6,51,0.5525630177795914,0.0981010277370851,,0.31321083591901017
linear,R3-6,3,6,52,0.5528123628470573,0.09799021945237553,,0.31303389505351575
linear,R3-6,3,6,53,0.553022132518939,0.09794660035637974,,0.3129642157761487
linear,R3-6,3,6,54,0.5529633956569634,0.09801448404523923,,0.31307264978793536
linear,R3-6,3,6,55,0.5525961965910237,0.09806679228693611,,0.3131561787462226
linear,R3-6,3,6,56,0.5535913499081839,0.09786536332181876,,0.3128344023949712
linear,R3-6,3,6,57,0.5523085261543165,0.09814814446448236,,0.31328604256251563
linear,R3-6,3,6,58,0.5525728462754712,0.09806787754332093,,0.3131579115132187
linear,R3-6,3,6,59,0.55252451649211,0.09816165452305149,,0.31330760367895877
linear,R3-6,3,6,60,0.5531122636074479,0.09794007173969208,,0.3129537853097356
linear,R3-6,3,6,61,0.5525492647523542,0.09812005706243884,,0.31324121226690277
linear,R3-6,3,6,62,0.5524817176882948,0.09811028064647598,,0.31322560662639953
linear,R3-6,3,6,63,0.5525184748846034,0.09810906590365391,,0.3132236675343259
linear,R3-6,3,6,64,0.5530990001923821,0.09799609858676386,,0.3130432854842344
linear,R3-6,3,6,65,0.5525226233570399,0.0980968997208913,,0.31320424601351005
linear,R3-6,3,6,66,0.5528354795258996,0.09801383051112005,,0.3130716060442404
linear,R3-6,3,6,67,0.5528299986035032,0.09803667297768243,,0.3131080851362392
linear,R3-6,3,6,68,0.5530261746370801,0.09796568913970108,,0.31299471104109905
linear,R3-6,3,6,69,0.5533282045670957,0.09788558686758536,,0.3128667238099721
linear,R3-6,3,6,70,0.552300937774976,0.0981503757547233,,0.31328960364928055
linear,R3-6,3,6,71,0.5527825635644479,0.09806900388642319,,0.3131597098708951
linear,R3-6,3,6,72,0.5528810338524184,0.09799357418803055,,0.31303925343003
linear,R3-6,3,6,73,0.5529423995745875,0.09798474311353988,,0.3130251477334367
linear,R3-6,3,6,74,0.5533792843504944,0.09791748652428985,,0.3129176992825587
linear,R3-6,3,6,75,0.5530309730159929,0.09791540526365486,,0.31291437369295594
linear,R3-6,3,6,76,0.5530604221420159,0.09790913910586917,,0.3129043609569371
linear,R3-6,3,6,77,0.5528318688204922,0.09800405450800738,,0.3130559926083629
linear,R3-6,3,6,78,0.5528024271929903,0.09803100048566668,,0.3130990266443936
linear,R3-6,3,6,79,0.552651011040624,0.09804686353232397,,0.3131243579351884
linear,R3-6,3,6,80,0.5526619741961508,0.09806745997565994,,0.31315724480787593
linear,R3-6,3,6,81,0.5529250326378403,0.09799217487021585,,0.3130370183703772
linear,R3-6,3,6,82,0.5527233652371424,0.09803896175842756,,0.31311174005205805
linear,R3-6,3,6,83,0.552737203092823,0.09810877370652538,,0.31322320109871393
linear,R3-6,3,6,84,0.5526623813853261,0.09808674151152005,,0.31318802900417514
linear,R3-6,3,6,85,0.5533344110864069,0.09790166957711607,,0.31289242492766756
linear,R3-6,3,6,86,0.5528715491395467,0.09801945480160001,,0.3130805883500285
linear,R3-6,3,6,87,0.5526294158703909,0.0981110506014508,,0.31322683569811
linear,R3-6,3,6,88,0.5528094833905647,0.09799438840377625,,0.31304055392836283
linear,R3-6,3,6,89,0.5525720971471885,0.09802765731253886,,0.3130936877558199
linear,R3-6,3,6,90,0.5525102391031664,0.09811990667683286,,0.31324097221920516
linear,R3-6,3,6,91,0.5529582002759946,0.09796501605446901,,0.31299363580505757
linear,R3-6,3,6,92,0.5526902235605732,0.09801895331034449,,0.3130797874509699
linear,R3-6,3,6,93,0.5524091210800056,0.09814164622778422,,0.31327567129891243
linear,R3-6,3,6,94,0.5524475796442281,0.09812642366694117,,0.3132513745651265
linear,R3-6,3,6,95,0.5527119871242243,0.09806930134035419,,0.31316018479422664
linear,R3-6,3,6,96,0.5529487592445995,0.09795024545279597,,0.312970039225476
linear,R3-6,3,6,97,0.5532281407112508,0.09794731163674242,,0.3129653521346132
linear,R3-6,3,6,98,0.5533666832593589,0.09787961798639531,,0.3128571846488351
linear,R3-6,3,6,99,0.5529964864936981,0.09794566484248401,,0.31296272117056373
linear,R3-6,3,6,100,0.553088197385851,0.09795208851225798,,0.3129729836779174
linear,R3-5,3,5,1,0.5431288344039744,0.10085707109248143,,0.3175800231319367
linear,R3-5,3,5,2,0.5438355791332828,0.10069220794104138,,0.317320355384021
linear,R3-5,3,5,3,0.5436252944898429,0.10072081062252969,,0.31736542127731826
linear,R3-5,3,5,4,0.5435510481914804,0.1007676324476694,,0.31743917913148245
linear,R3-5,3,5,5,0.5434003416130012,0.1008217704347964,,0.31752444068889624
linear,R3-5,3,5,6,0.5444423417090151,0.10050398519698193,,0.31702363507628567
linear,R3-5,3,5,7,0.5438863980819079,0.10065847551687654,,0.3172671989299816
linear,R3-5,3,5,8,0.5430830016511378,0.10084171846641542,,0.31755585094029587
linear,R3-5,3,5,9,0.5436462460389864,0.10072331985170599,,0.31736937447035746
linear,R3-5,3,5,10,0.5431010929935263,0.10085781641862474,,0.3175811965759697
linear,R3-5,3,5,11,0.5430810023521918,0.10090092280046455,,0.3176490560358468
linear,R3-5,3,5,12,0.5439648293711649,0.10064743258617406,,0.31724979525001124
linear,R3-5,3,5,13,0.5439304052892017,0.1006699443762751,,0.31728527286383007
linear,R3-5,3,5,14,0.5429721931986906,0.10094910044135941,,0.31772488168438967
linear,R3-5,3,5,15,0.5440619640045953,0.10061777262732835,,0.31720304637145014
linear,R3-5,3,5,16,0.5437347115421625,0.1006789928157002,,0.3172995316978898
linear,R3-5,3,5,17,0.5435711784635987,0.10074179474542996,,0.31739847943150257
linear,R3-5,3,5,18,0.5441195843858188,0.10059989888458067,,0.3171748711430032
linear,R3-5,3,5,19,0.5431202791498804,0.10091174970788112,,0.31766609782581634
linear,R3-5,3,5,20,0.5435325775138041,0.10080262895402672,,0.31749429751418645
linear,R3-5,3,5,21,0.5438647553383221,0.10070190983663951,,0.3173356422412073
linear,R3-5,3,5,22,0.5438900078783663,0.1007173752510733,,0.3173600089032538
linear,R3-5,3,5,23,0.5432522017053869,0.10084964677394599,,0.3175683340226887
linear,R3-5,3,5,24,0.5434675445833009,0.10072167277279208,,0.31736677956709974
linear,R3-5,3,5,25,0.5437616401812603,0.1007303797868817,,0.31738049685965536
linear,R3-5,3,5,26,0.5433345544801879,0.10076111983958382,,0.3174289209249589
linear,R3-5,3,5,27,0.5439456091910541,0.10059935252670901,,0.31717400985375366
linear,R3-5,3,5,28,0.5437837581461379,0.10065391515199405,,0.3172600119019005
linear,R3-5,3,5,29,0.5438060300042444,0.10064925353746136,,0.3172526651384687
linear,R3-5,3,5,30,0.5445712825679971,0.10045172802072598,,0.31694120593688346
linear,R3-5,3,5,31,0.5434996628553473,0.1008047095704959,,0.3174975741174976
linear,R3-5,3,5,32,0.5433768490569576,0.10078149370988967,,0.31746101132247667
linear,R3-5,3,5,33,0.5429440742449809,0.1009432462993808,,0.317715668954776
linear,R3-5,3,5,34,0.5436284192337277,0.10076164879297539,,0.3174297541078583
linear,R3-5,3,5,35,0.5440661225801942,0.10059494493065525,,0.3171670615474678
linear,R3-5,3,5,36,0.5431154281273849,0.10086712153343522,,0.3175958462156506
linear,R3-5,3,5,37,0.5441025544147756,0.10064111100108326,,0.3172398319900628
linear,R3-5,3,5,38,0.543575914589413,0.1007520772646726,,0.31741467714123206
linear,R3-5,3,5,39,0.5441247944659128,0.10061307627335053,,0.31719564352832863
linear,R3-5,3,5,40,0.5439851657198573,0.10063907588946393,,0.31723662444532463
linear,R3-5,3,5,41,0.5431242023822864,0.10086755353419356,,0.3175965263257669
linear,R3-5,3,5,42,0.5433185788347915,0.10083741663033537,,0.31754907751454003
linear,R3-5,3,5,43,0.5446492449122788,0.10044222428225401,,0.31692621267773674
linear,R3-5,3,5,44,0.5433697660774833,0.10074208979777166,,0.31739894422913834
linear,R3-5,3,5,45,0.5436549266719409,0.10073114036025767,,0.3173816950617311
linear,R3-5,3,5,46,0.543301953872316,0.10084440020417867,,0.3175600733785321
linear,R3-5,3,5,47,0.5435387590740711,0.10075347468470498,,0.3174168783866179
linear,R3-5,3,5,48,0.5436902931383707,0.10072842255756076,,0.3173774134332195
linear,R3-5,3,5,49,0.5436088807944618,0.10071401149019385,,0.31735470926109455
linear,R3-5,3,5,50,0.5434564960658292,0.10083587086319042,,0.3175466436024642
linear,R3-5,3,5,51,0.5436306435957656,0.10073126855586752,,0.31738189701976943
linear,R3-5,3,5,52,0.5434068736829035,0.10075977444537715,,0.3174268017124218
linear,R3-5,3,5,53,0.5440505053706137,0.10058839966424461,,0.31715674305340663
linear,R3-5,3,5,54,0.5440880466007763,0.10062793315609216,,0.3172190617792256
linear,R3-5,3,5,55,0.5435454199284764,0.10073189808407357,,0.3173828887701313
linear,R3-5,3,5,56,0.544538958161384,0.10053094469918153,,0.3170661519291858
linear,R3-5,3,5,57,0.5429388115266436,0.10090716523173496,,0.3176588818713164
linear,R3-5,3,5,58,0.5431112134945945,0.10085396467317427,,0.3175751323280434
linear,R3-5,3,5,59,0.5434519961062286,0.10083316301083849,,0.31754237986580386
linear,R3-5,3,5,60,0.5438459107545359,0.10066865643771127,,0.31728324323498597
linear,R3-5,3,5,61,0.5433870291461912,0.100817983233766,,0.31751847699585295
linear,R3-5,3,5,62,0.5432042532532301,0.10084213727828774,,0.3175565103698675
linear,R3-5,3,5,63,0.5429478228269016,0.10092725501961283,,0.31769050193484355
linear,R3-5,3,5,64,0.5438719885049087,0.1007130988239147,,0.31735327133009783
linear,R3-5,3,5,65,0.5432045279406897,0.1008407206147554,,0.31755427979284956
linear,R3-5,3,5,66,0.5436863839519601,0.10070788744808667,,0.31734506053834627
linear,R3-5,3,5,67,0.5433412049142279,0.10083075795093942,,0.31753859285280495
linear,R3-5,3,5,68,0.5438668735818418,0.10066275119859094,,0.3172739371561915
linear,R3-5,3,5,69,0.5440990719300121,0.10060321164286297,,0.3171800933899588
linear,R3-5,3,5,70,0.5430354393426682,0.10087870885872034,,0.3176140879412
linear,R3-5,3,5,71,0.5437745599815353,0.10072151465589106,,0.31736653045948476
linear,R3-5,3,5,72,0.543708450418966,0.10069454739670333,,0.31732404163048117
linear,R3-5,3,5,73,0.5436544752448937,0.10071967978222075,,0.31736363966626796
linear,R3-5,3,5,74,0.543897473501307,0.10070951531957531,,0.31734762535676125
linear,R3-5,3,5,75,0.5437561806759698,0.10064647506619769,,0.31724828615171063
linear,R3-5,3,5,76,0.5439417865043746,0.10059422676253682,,0.3171659293848203
linear,R3-5,3,5,77,0.5435394012083186,0.10074032899872552,,0.3173961704222745
linear,R3-5,3,5,78,0.5435369936651893,0.1007593144777816,,0.31742607718614047
linear,R3-5,3,5,79,0.5433568835816953,0.10078362678410373,,0.3174643708892444
linear,R3-5,3,5,80,0.5436179342622166,0.10073058206519409,,0.31738081552796177
linear,R3-5,3,5,81,0.5437482888181873,0.10069437315269109,,0.3173237670781864
linear,R3-5,3,5,82,0.5432770303361177,0.10082054425074559,,0.31752250983315433
linear,R3-5,3,5,83,0.5436536776980481,0.10078352274637688,,0.3174642070318745
linear,R3-5,3,5,84,0.5434380789027394,0.10080294399197891,,0.31749479364546895
linear,R3-5,3,5,85,0.5441803502461559,0.1005971885941367,,0.3171705985650888
linear,R3-5,3,5,86,0.5437036118817627,0.10071905989014679,,0.31736266303733146
linear,R3-5,3,5,87,0.5435489634675478,0.10078489476331036,,0.3174663679247148
linear,R3-5,3,5,88,0.543650717987867,0.10069129273358461,,0.3173189132932114
linear,R3-5,3,5,89,0.5435307948307959,0.10068997327894665,,0.317316834219281
linear,R3-5,3,5,90,0.5432804764231023,0.100837716975548,,0.3175495504256745
linear,R3-5,3,5,91,0.5440414608575092,0.10059065303589028,,0.31716029549092406
linear,R3-5,3,5,92,0.5437742878866011,0.10064435361990422,,0.31724494262305303
linear,R3-5,3,5,93,0.543057213472914,0.10089542351201332,,0.31764039968494767
linear,R3-5,3,5,94,0.5434057198661788,0.1007889037843769,,0.3174726819497654
linear,R3-5,3,5,95,0.5434611480565985,0.10079331782498767,,0.31747963371685384
linear,R3-5,3,5,96,0.5437672482852779,0.10065384747464519,,0.3172599052427602
linear,R3-5,3,5,97,0.5439446559338241,0.10068094102794585,,0.3173026016721985
linear,R3-5,3,5,98,0.5441623520838712,0.10058993968465058,,0.3171591708979114
linear,R3-5,3,5,99,0.543614525637255,0.10070829165333998,,0.3173456973921972
linear,R3-5,3,5,100,0.5438084829305261,0.1006846076885412,,0.31730837948050034
linear,R4-6,4,6,1,0.5895156824869525,0.09001327964385725,,0.300022131923392
linear,R4-6,4,6,2,0.5893599887316263,0.09004902540971581,,0.30008169789195044
linear,R4-6,4,6,3,0.5887874197176856,0.09016431464917439,,0.30027373286582093
linear,R4-6,4,6,4,0.5896348988207959,0.08998778292489854,,0.29997963751711304
linear,R4-6,4,6,5,0.5889640683974884,0.09015074836716984,,0.3002511421579772
linear,R4-6,4,6,6,0.5885483770604283,0.09018501876726254,,0.3003082062935719
linear,R4-6,4,6,7,0.5896563533247949,0.08996868477069368,,0.29994780341034954
linear,R4-6,4,6,8,0.5885269908240903,0.09020282963097856,,0.3003378591369702
linear,R4-6,4,6,9,0.5876513762039134,0.09042872504416725,,0.3007136928112307
linear,R4-6,4,6,10,0.5885600236702255,0.09023287059294191,,0.3003878669203234
linear,R4-6,4,6,11,0.5882829404904367,0.09032004057512784,,0.3005329276054919
linear,R4-6,4,6,12,0.5895837597562466,0.08998221147490115,,0.2999703509930626
linear,R4-6,4,6,13,0.5919194675225575,0.0894596645717628,,0.2990980852024345
linear,R4-6,4,6,14,0.5885011430236344,0.09029072981890814,,0.3004841590149273
linear,R4-6,4,6,15,0.5887659796007721,0.0901546414195166,,0.30025762508139003
linear,R4-6,4,6,16,0.5886267467029512,0.09016339082235267,,0.30027219455412896
linear,R4-6,4,6,17,0.5895455427474858,0.08998416903843781,,0.2999736139036862
linear,R4-6,4,6,18,0.5897257163581721,0.08992672572362231,,0.2998778513388782
linear,R4-6,4,6,19,0.5900030774846178,0.0899524860279886,,0.29992079959213996
linear,R4-6,4,6,20,0.5881299442128838,0.09035659287856031,,0.3005937339309659
linear,R4-6,4,6,21,0.5878726133211916,0.09039701332954908,,0.30066096076735516
linear,R4-6,4,6,22,0.5900291436571695,0.08993142221168952,,0.2998856819051045
linear,R4-6,4,6,23,0.5882476621413937,0.09031502824638069,,0.3005245884222798
linear,R4-6,4,6,24,0.5878072074731051,0.09033195996053266,,0.3005527573663776
linear,R4-6,4,6,25,0.5893563221971302,0.09005105301908681,,0.30008507630184944
linear,R4-6,4,6,26,0.589636109951904,0.08992496980791213,,0.2998749236063465
linear,R4-6,4,6,27,0.5881961211043436,0.09026270781617451,,0.3004375273100458
linear,R4-6,4,6,28,0.5887464585361077,0.0901293347955561,,0.3002154806061075
linear,R4-6,4,6,29,0.5893616787627824,0.08999476432964494,,0.29999127375582935
linear,R4-6,4,6,30,0.5899750572611054,0.08984993860200695,,0.2997497933310496
linear,R4-6,4,6,31,0.5888021648035883,0.09021221031245381,,0.30035347561240877
linear,R4-6,4,6,32,0.5898385409429023,0.08989991070654312,,0.2998331381060858
linear,R4-6,4,6,33,0.588555341744976,0.09025271670029555,,0.3004208992402086
linear,R4-6,4,6,34,0.5903298479011979,0.0898376952548038,,0.29972937002369954
linear,R4-6,4,6,35,0.5895543603082984,0.08995351351167104,,0.29992251251226715
linear,R4-6,4,6,36,0.5891428101000773,0.09010921114832651,,0.30018196339608166
linear,R4-6,4,6,37,0.5893903670559155,0.09004002030232576,,0.3000666930905957
linear,R4-6,4,6,38,0.5886566292304886,0.09018371880034075,,0.3003060418978292
linear,R4-6,4,6,39,0.5879706642385849,0.09034051744459938,,0.30056699327204806
linear,R4-6,4,6,40,0.5885817633372451,0.09020632703560572,,0.30034368153101826
linear,R4-6,4,6,41,0.5891106128770528,0.09009296960299444,,0.3001549093434829
linear,R4-6,4,6,42,0.5880296618294439,0.0903752467766416,,0.30062476075107586
linear,R4-6,4,6,43,0.5891628046638987,0.09001426191877697,,0.30002376892302546
linear,R4-6,4,6,44,0.5889296751047732,0.0900861804135414,,0.30014359965446774
linear,R4-6,4,6,45,0.5881240922928272,0.0903119034452078,,0.3005193894663168
linear,R4-6,4,6,46,0.5888326090950751,0.09016804848980026,,0.30027995019614656
linear,R4-6,4,6,47,0.5883632605227299,0.09026252934278654,,0.30043723028743713
linear,R4-6,4,6,48,0.5882411111003599,0.09030354264811596,,0.3005054785658923
linear,R4-6,4,6,49,0.5873089960745118,0.0904907894276412,,0.3008168702510569
linear,R4-6,4,6,50,0.5888785620691239,0.09021189381495211,,0.30035294873690205
linear,R4-6,4,6,51,0.5889220880154789,0.0901495662320417,,0.300249173574286
linear,R4-6,4,6,52,0.5889084919197053,0.09009626124771963,,0.3001603925365897
linear,R4-6,4,6,53,0.5881301812744865,0.09026872805695586,,0.3004475462654935
linear,R4-6,4,6,54,0.5888804036445366,0.09015969830576123,,0.30026604587558886
linear,R4-6,4,6,55,0.5885048645439767,0.09021383045174942,,0.3003561726546492
linear,R4-6,4,6,56,0.5896565583097757,0.08997816724072717,,0.2999636098608082
linear,R4-6,4,6,57,0.5893547975152058,0.09004639712274878,,0.3000773185743114
linear,R4-6,4,6,58,0.589613574405312,0.08996734246548757,,0.29994556583734916
linear,R4-6,4,6,59,0.5884664072990359,0.09030142709381252,,0.3005019585523737
linear,R4-6,4,6,60,0.5896475842186512,0.08995006557260184,,0.2999167644073966
linear,R4-6,4,6,61,0.5890481906837877,0.09013801014439704,,0.3002299287952436
linear,R4-6,4,6,62,0.5893127783148882,0.09005559831102894,,0.3000926495451512
linear,R4-6,4,6,63,0.589503547983271,0.09002070217220172,,0.300034501636398
linear,R4-6,4,6,64,0.5892007685440118,0.09010090711323047,,0.3001681314084333
linear,R4-6,4,6,65,0.5902405248484469,0.08984827180455036,,0.29974701300355
linear,R4-6,4,6,66,0.5888970371142642,0.09012743283605604,,0.3002123129321248
linear,R4-6,4,6,67,0.5891170988090239,0.09010095078946577,,0.30016820416137646
linear,R4-6,4,6,68,0.588715872361184,0.09016061448463605,,0.3002675714835621
linear,R4-6,4,6,69,0.5912618800659116,0.08958977076126667,,0.2993155037101598
linear,R4-6,4,6,70,0.5886481809890903,0.09020150073244011,,0.30033564678945474
linear,R4-6,4,6,71,0.5893422130434557,0.09007367717470537,,0.30012277017031774
linear,R4-6,4,6,72,0.5889629539889735,0.09010272337329528,,0.3001711567977431
linear,R4-6,4,6,73,0.5902471425794402,0.08982646992244364,,0.2997106436589192
linear,R4-6,4,6,74,0.5907083587639788,0.08975389223290565,,0.2995895395919318
linear,R4-6,4,6,75,0.5900786224430609,0.08981335654897367,,0.29968876613742745
linear,R4-6,4,6,76,0.5876854871331137,0.09033689180691051,,0.30056096188113074
linear,R4-6,4,6,77,0.5896801783896273,0.08994559995556659,,0.2999093195543723
linear,R4-6,4,6,78,0.5888463433361465,0.09014846086504578,,0.3002473328192039
linear,R4-6,4,6,79,0.5891506463831215,0.0900646614712951,,0.30010774976880406
linear,R4-6,4,6,80,0.5896829646330434,0.08997124138624771,,0.29995206514749606
linear,R4-6,4,6,81,0.5897145457782151,0.08994657866472631,,0.29991095122507
linear,R4-6,4,6,82,0.5890703359841234,0.09009014632270451,,0.3001502062679693
linear,R4-6,4,6,83,0.5887487581266123,0.0902333112227431,,0.3003886003541797
linear,R4-6,4,6,84,0.5882550175736627,0.09030289350114824,,0.3005043984722158
linear,R4-6,4,6,85,0.5894102006225949,0.09001215947963521,,0.3000202651149339
linear,R4-6,4,6,86,0.5882465032429182,0.09028321226374751,,0.300471649683872
linear,R4-6,4,6,87,0.5890444811448925,0.09014734339289705,,0.30024547189407713
linear,R4-6,4,6,88,0.5894199046040136,0.08998795828679179,,0.2999799298066319
linear,R4-6,4,6,89,0.5895574151568922,0.08993924002084258,,0.29989871627074793
linear,R4-6,4,6,90,0.5899920318352485,0.08992291401129983,,0.29987149582996353
linear,R4-6,4,6,91,0.5888995025470218,0.09010491733370664,,0.3001748112911985
linear,R4-6,4,6,92,0.5886043718407387,0.09016479296786431,,0.3002745293358468
linear,R4-6,4,6,93,0.5880545596788412,0.09034625071821267,,0.30057653055122696
linear,R4-6,4,6,94,0.5890029646152529,0.09013202957178504,,0.3002199686426355
linear,R4-6,4,6,95,0.5889007584762908,0.09015508294989714,,0.3002583603330591
linear,R4-6,4,6,96,0.5891929668103518,0.09002390356973457,,0.3000398366379614
linear,R4-6,4,6,97,0.5897368003386546,0.08996313603091234,,0.2999385537587863
linear,R4-6,4,6,98,0.5904913386194192,0.08976072863998517,,0.29960094899713713
linear,R4-6,4,6,99,0.5892293818758205,0.09002179685086387,,0.30003632588548984
linear,R4-6,4,6,100,0.5902993477841114,0.08981428333653312,,0.2996903123835222
