]633;E;echo "cfg,T,R,Nsrc,Re,Im";635ec2c7-46c9-44f0-9801-9319e5a385b0]633;Ccfg,T,R,Nsrc,Re,Im
1,1,0,13824,+1.7895493332311580e-07,+0.0000000000000000e+00
1,1,1,13824,+1.0324741812839347e-07,+6.5697193818478039e-10
1,1,2,13824,+7.4858580386907227e-08,+1.5169181320364704e-09
1,1,3,13824,+5.6859390292362228e-08,+1.8003593601629062e-09
1,2,0,13824,+1.7540922112546417e-07,+0.0000000000000000e+00
1,2,1,13824,+6.2354293076060734e-08,+2.9343576925009522e-10
1,2,2,13824,+3.5941539481348549e-08,+1.0513975215355008e-09
1,2,3,13824,+2.2907342286015158e-08,+8.4197367478588448e-10
1,3,0,13824,+1.7421907908679933e-07,+0.0000000000000000e+00
1,3,1,13824,+3.8102714624432677e-08,+3.6904894097326980e-11
1,3,2,13824,+1.7693509437076497e-08,+5.4929487583028924e-10
1,3,3,13824,+9.9010901991483624e-09,+8.1634121101709209e-10
1,4,0,13824,+1.7339139126983323e-07,+0.0000000000000000e+00
1,4,1,13824,+2.3395462059813464e-08,-1.9775436001006671e-10
1,4,2,13824,+8.9353288755258177e-09,-1.0562881595083327e-10
1,4,3,13824,+4.0795579921920798e-09,+3.7356060950040558e-10
2,1,0,13824,+1.7906749168647608e-07,+0.0000000000000000e+00
2,1,1,13824,+1.0433453836272855e-07,-3.6273150880832194e-10
2,1,2,13824,+7.5883024035172408e-08,-5.2175860150277258e-11
2,1,3,13824,+5.8574539970462584e-08,+2.1102385990610877e-11
2,2,0,13824,+1.7582070859652906e-07,+0.0000000000000000e+00
2,2,1,13824,+6.2794123011628024e-08,-1.2327255707712699e-10
2,2,2,13824,+3.6055679323926425e-08,+1.6816982519181263e-10
2,2,3,13824,+2.4289277048724418e-08,-2.6798598749245674e-11
2,3,0,13824,+1.7441791526798048e-07,+0.0000000000000000e+00
2,3,1,13824,+3.8406176538964070e-08,-3.3216630341310304e-10
2,3,2,13824,+1.7307965463643241e-08,-3.9695223357256186e-10
2,3,3,13824,+1.0163453645878395e-08,+3.6269286348613081e-10
2,4,0,13824,+1.7384941139491783e-07,+0.0000000000000000e+00
2,4,1,13824,+2.3739559277762870e-08,-4.0643068734077303e-10
2,4,2,13824,+8.4491654466649557e-09,-4.2996044810371912e-11
2,4,3,13824,+4.0129131117436127e-09,-1.1477214754446165e-11
3,1,0,13824,+1.7731309775026420e-07,+0.0000000000000000e+00
3,1,1,13824,+1.0282469550931366e-07,-2.0943309745020987e-10
3,1,2,13824,+7.5022427013920400e-08,-2.3317475445996564e-10
3,1,3,13824,+5.7865377576315870e-08,-3.8820191741058801e-10
3,2,0,13824,+1.7462617720009247e-07,+0.0000000000000000e+00
3,2,1,13824,+6.2282036988894250e-08,+1.3052158301244857e-10
3,2,2,13824,+3.6253230449285281e-08,+1.7927546798749993e-10
3,2,3,13824,+2.4199421247387906e-08,-2.3093133751588979e-10
3,3,0,13824,+1.7525558372746036e-07,+0.0000000000000000e+00
3,3,1,13824,+3.8556714170983084e-08,+1.6444532972161537e-11
3,3,2,13824,+1.8042754375936515e-08,+1.6033046450982552e-10
3,3,3,13824,+9.8080618288108752e-09,-2.9768690276886171e-10
3,4,0,13824,+1.7432372764708847e-07,+0.0000000000000000e+00
3,4,1,13824,+2.4185301581769265e-08,-7.8720414386793203e-11
3,4,2,13824,+9.0788422071943148e-09,-8.4398538529683861e-11
3,4,3,13824,+4.4946851360144178e-09,-4.1881696465132764e-10
4,1,0,13824,+1.7621817998341567e-07,+0.0000000000000000e+00
4,1,1,13824,+1.0266929349602462e-07,+2.7546303094400349e-10
4,1,2,13824,+7.5819314607373762e-08,+1.1177594763387121e-09
4,1,3,13824,+6.0270861404405051e-08,+1.4688690946267824e-09
4,2,0,13824,+1.7382199295107419e-07,+0.0000000000000000e+00
4,2,1,13824,+6.2893396240224420e-08,-3.4697719584756094e-10
4,2,2,13824,+3.6635755324832287e-08,+2.7722121389069570e-11
4,2,3,13824,+2.4918055301601939e-08,-1.2014828331156145e-10
4,3,0,13824,+1.7283224542137495e-07,+0.0000000000000000e+00
4,3,1,13824,+3.8626918824781054e-08,+4.7058506009964161e-13
4,3,2,13824,+1.7783059269487344e-08,+2.2584833589467473e-10
4,3,3,13824,+1.0461582353149619e-08,+4.9212534146136299e-10
4,4,0,13824,+1.7515410690190032e-07,+0.0000000000000000e+00
4,4,1,13824,+2.4523689631389928e-08,-2.1448258665904033e-10
4,4,2,13824,+8.7254711286466741e-09,-3.2187420935337713e-11
4,4,3,13824,+4.2790662491151569e-09,-1.1276841222467682e-10
5,1,0,13824,+1.7753792643401233e-07,+0.0000000000000000e+00
5,1,1,13824,+1.0363241999433577e-07,+1.4597824924045741e-10
5,1,2,13824,+7.6072274062634707e-08,+6.4647847350067290e-11
5,1,3,13824,+5.9729878021570237e-08,-2.9392988229263335e-10
5,2,0,13824,+1.7844776227615058e-07,+0.0000000000000000e+00
5,2,1,13824,+6.4468147143018558e-08,-8.6912748828435895e-11
5,2,2,13824,+3.8323956413834615e-08,+4.3454935621440375e-11
5,2,3,13824,+2.6670400560578903e-08,+2.0650998877146536e-10
5,3,0,13824,+1.7645810668266715e-07,+0.0000000000000000e+00
5,3,1,13824,+3.9604604802233013e-08,-1.0559583312209766e-10
5,3,2,13824,+1.9291073690534968e-08,-1.9776206933627670e-10
5,3,3,13824,+1.1857451693829666e-08,-6.1729064189475594e-10
5,4,0,13824,+1.7180136884058264e-07,+0.0000000000000000e+00
5,4,1,13824,+2.3552668349234731e-08,-1.4773068777114035e-10
5,4,2,13824,+9.0387926167835517e-09,+2.7338695222343340e-10
5,4,3,13824,+4.7597784151847313e-09,-1.0885208579466268e-11
6,1,0,13824,+1.7736132617384410e-07,+0.0000000000000000e+00
6,1,1,13824,+1.0362962898296658e-07,+1.1762282981154442e-10
6,1,2,13824,+7.6588399153164695e-08,-3.9662347468250305e-10
6,1,3,13824,+6.0880935753663013e-08,-5.2152296575638269e-10
6,2,0,13824,+1.7545258521078164e-07,+0.0000000000000000e+00
6,2,1,13824,+6.2954764133117343e-08,-1.7957624517723196e-10
6,2,2,13824,+3.7327265201293273e-08,-4.6788189530957039e-10
6,2,3,13824,+2.5599588891585814e-08,-6.6572368200842131e-10
6,3,0,13824,+1.7232054262145733e-07,+0.0000000000000000e+00
6,3,1,13824,+3.7808010602519278e-08,-2.5392753047594073e-10
6,3,2,13824,+1.7453503732899052e-08,+1.0170884799768913e-10
6,3,3,13824,+1.0113513103569292e-08,-1.1419930074407988e-09
6,4,0,13824,+1.7501756346976205e-07,+0.0000000000000000e+00
6,4,1,13824,+2.3806799155392576e-08,+1.7995701695332351e-10
6,4,2,13824,+8.5093830106855307e-09,-4.8589819888642015e-11
6,4,3,13824,+5.3037696535504445e-09,-2.6665128806203635e-10
7,1,0,13824,+1.7512793025372916e-07,+0.0000000000000000e+00
7,1,1,13824,+1.0141445741809961e-07,-6.5790117455583248e-10
7,1,2,13824,+7.4197090930444035e-08,-1.3116120385994885e-09
7,1,3,13824,+5.7845332706092852e-08,-1.4216963169397253e-09
7,2,0,13824,+1.7601804389980543e-07,+0.0000000000000000e+00
7,2,1,13824,+6.1982396491296433e-08,+1.4308971720701992e-10
7,2,2,13824,+3.6328538169325478e-08,-4.2305178605930604e-10
7,2,3,13824,+2.3844110501754508e-08,-1.8852926209345437e-10
7,3,0,13824,+1.7457247424807769e-07,+0.0000000000000000e+00
7,3,1,13824,+3.8069235875517574e-08,-1.3679637052915725e-10
7,3,2,13824,+1.8030833353343980e-08,-7.7465460781891567e-10
7,3,3,13824,+9.9111787546547373e-09,-5.7210406357227968e-10
7,4,0,13824,+1.7483339201845638e-07,+0.0000000000000000e+00
7,4,1,13824,+2.3897338848524348e-08,+8.8401325945336573e-10
7,4,2,13824,+9.1309150609742079e-09,-3.5948920345129119e-10
7,4,3,13824,+4.7088512960553129e-09,-7.0693181791843287e-11
8,1,0,13824,+1.8100809462216775e-07,+0.0000000000000000e+00
8,1,1,13824,+1.0598469585269265e-07,+2.9897769949539835e-10
8,1,2,13824,+7.8421215661911961e-08,+8.4325471382576126e-10
8,1,3,13824,+6.2115175171953681e-08,+1.2302696109006984e-09
8,2,0,13824,+1.7754515017864426e-07,+0.0000000000000000e+00
8,2,1,13824,+6.3618899440023928e-08,-1.6639025539028982e-10
8,2,2,13824,+3.7621333969293835e-08,+3.6629379911006823e-10
8,2,3,13824,+2.5588820074125617e-08,-1.4794224006650282e-10
8,3,0,13824,+1.7453134608958551e-07,+0.0000000000000000e+00
8,3,1,13824,+3.8321967874485044e-08,+4.3616692068375477e-11
8,3,2,13824,+1.8697311539170351e-08,+1.7043977810513280e-11
8,3,3,13824,+1.0934895842991673e-08,+2.1101250925748289e-10
8,4,0,13824,+1.7651194755228560e-07,+0.0000000000000000e+00
8,4,1,13824,+2.4849353403264260e-08,-2.8676228596603280e-10
8,4,2,13824,+9.7493769499771387e-09,+3.7504365668341277e-10
8,4,3,13824,+3.9531196101161740e-09,+1.8041840027515442e-11
9,1,0,13824,+1.7707111632820569e-07,+0.0000000000000000e+00
9,1,1,13824,+1.0277757228005366e-07,+3.2861812095580642e-10
9,1,2,13824,+7.5690796244770036e-08,+3.6339843197338793e-10
9,1,3,13824,+5.8890997716166208e-08,+4.5264725394480499e-10
9,2,0,13824,+1.7732207383651947e-07,+0.0000000000000000e+00
9,2,1,13824,+6.3385805178209568e-08,+1.7185873254188138e-12
9,2,2,13824,+3.6588472903725618e-08,+4.6629278715324714e-10
9,2,3,13824,+2.5109188031804367e-08,+2.7004145199656474e-10
9,3,0,13824,+1.7609349937530651e-07,+0.0000000000000000e+00
9,3,1,13824,+3.8868934544457003e-08,-1.5251406202924947e-10
9,3,2,13824,+1.7794250263780801e-08,+2.8513814330677712e-10
9,3,3,13824,+1.0618832429608149e-08,+4.2712570804530678e-10
9,4,0,13824,+1.7412714242290335e-07,+0.0000000000000000e+00
9,4,1,13824,+2.3843320123378756e-08,+2.7750122878218926e-10
9,4,2,13824,+8.3885837743696743e-09,+3.2290957562846292e-10
9,4,3,13824,+4.3803530337526113e-09,+6.5997834601359176e-10
10,1,0,13824,+1.7704798348452852e-07,+0.0000000000000000e+00
10,1,1,13824,+1.0251729959583122e-07,-5.2102935094990744e-10
10,1,2,13824,+7.5293323834590541e-08,-1.2623755834846424e-09
10,1,3,13824,+5.9615139187677563e-08,-1.6237783364317302e-09
10,2,0,13824,+1.7513310559274595e-07,+0.0000000000000000e+00
10,2,1,13824,+6.2687076796783216e-08,-2.0913146657914520e-11
10,2,2,13824,+3.6799172159248143e-08,-5.6154923282659513e-10
10,2,3,13824,+2.4751741142134182e-08,-6.6489755520127901e-10
10,3,0,13824,+1.7325214842955288e-07,+0.0000000000000000e+00
10,3,1,13824,+3.7551499752633296e-08,+5.5725613850985012e-10
10,3,2,13824,+1.6632021667472577e-08,+2.2418478467806721e-10
10,3,3,13824,+9.5198007748262085e-09,-5.5098417906434230e-10
10,4,0,13824,+1.7385810556463444e-07,+0.0000000000000000e+00
10,4,1,13824,+2.4243942524084970e-08,-2.8129427144884667e-10
10,4,2,13824,+8.8382797665846935e-09,-4.0944249485990764e-10
10,4,3,13824,+4.0064726282714101e-09,-5.0056845308160448e-10
11,1,0,13824,+1.7533332919007822e-07,+0.0000000000000000e+00
11,1,1,13824,+1.0109587382507463e-07,-5.0316320482211114e-10
11,1,2,13824,+7.4577575515174823e-08,-9.8204824039774210e-10
11,1,3,13824,+5.8199656564934919e-08,-1.2167560761149206e-09
11,2,0,13824,+1.7650678734693157e-07,+0.0000000000000000e+00
11,2,1,13824,+6.1646935561542516e-08,-3.5699373796544050e-10
11,2,2,13824,+3.5442810064293176e-08,-2.4773203120556128e-10
11,2,3,13824,+2.3856420328809703e-08,-2.9855632382506859e-10
11,3,0,13824,+1.7658438971521008e-07,+0.0000000000000000e+00
11,3,1,13824,+3.8101091922803126e-08,+2.2853750538241110e-10
11,3,2,13824,+1.7620756572765219e-08,-1.7763754246538650e-10
11,3,3,13824,+1.1064886382023131e-08,-3.7616517338307637e-10
11,4,0,13824,+1.7571541322964138e-07,+0.0000000000000000e+00
11,4,1,13824,+2.3609054152449851e-08,-3.4204964096461799e-10
11,4,2,13824,+8.9363145711448060e-09,+2.6747007114326996e-10
11,4,3,13824,+4.6190368352252904e-09,+1.1213903302600710e-11
12,1,0,13824,+1.7695308433149486e-07,+0.0000000000000000e+00
12,1,1,13824,+1.0286359900317729e-07,-3.1687042564806219e-10
12,1,2,13824,+7.6049824579978474e-08,-6.8219641210205010e-10
12,1,3,13824,+5.9679832166333092e-08,-6.4423299820763391e-10
12,2,0,13824,+1.7552395495716999e-07,+0.0000000000000000e+00
12,2,1,13824,+6.2549337851091351e-08,+8.6227761061693048e-10
12,2,2,13824,+3.6931385874317065e-08,+6.2174681907236083e-10
12,2,3,13824,+2.5116296824168358e-08,+7.9949578973913902e-10
12,3,0,13824,+1.7511688304700172e-07,+0.0000000000000000e+00
12,3,1,13824,+3.8325112206871065e-08,+2.4565784022319587e-10
12,3,2,13824,+1.8490323955417241e-08,-3.8837506366971531e-10
12,3,3,13824,+1.1666755986838143e-08,+2.6272249467664719e-10
12,4,0,13824,+1.7488426291356415e-07,+0.0000000000000000e+00
12,4,1,13824,+2.3698658559265669e-08,+2.8599165074881318e-10
12,4,2,13824,+9.7134150947648159e-09,-3.0675843879808048e-10
12,4,3,13824,+4.9993798848860463e-09,-9.1814505690935074e-11
13,1,0,13824,+1.7769182941069778e-07,+0.0000000000000000e+00
13,1,1,13824,+1.0295327844581359e-07,+1.1615367194373315e-09
13,1,2,13824,+7.6200305953137008e-08,+1.6045702340982363e-09
13,1,3,13824,+5.9634592611667657e-08,+2.0329363253037303e-09
13,2,0,13824,+1.7372462837010898e-07,+0.0000000000000000e+00
13,2,1,13824,+6.1828532741245084e-08,+1.0189862119689617e-10
13,2,2,13824,+3.6624706092303209e-08,-3.9484778992740749e-11
13,2,3,13824,+2.5018088077783020e-08,-2.0236405147837771e-10
13,3,0,13824,+1.7375331142560023e-07,+0.0000000000000000e+00
13,3,1,13824,+3.8604528436608945e-08,+1.7068434745181971e-10
13,3,2,13824,+1.8374420477139206e-08,+6.8838110953891163e-11
13,3,3,13824,+1.0974772287896795e-08,-1.8347435698996774e-10
13,4,0,13824,+1.7542694047535727e-07,+0.0000000000000000e+00
13,4,1,13824,+2.4039851893832620e-08,-1.3914153353662435e-10
13,4,2,13824,+8.9384117774181257e-09,+2.9305516667277136e-10
13,4,3,13824,+4.2526272427718141e-09,-1.0267267230893942e-10
14,1,0,13824,+1.7672501578158731e-07,+0.0000000000000000e+00
14,1,1,13824,+1.0267615642969985e-07,+1.9491397759501910e-11
14,1,2,13824,+7.5271160383155391e-08,+4.1767357212820086e-11
14,1,3,13824,+5.8744124141460821e-08,+4.2124876804036846e-10
14,2,0,13824,+1.7490876641427012e-07,+0.0000000000000000e+00
14,2,1,13824,+6.2442709945118173e-08,-5.5807305740931540e-10
14,2,2,13824,+3.6178368212454729e-08,-6.1475139534387726e-10
14,2,3,13824,+2.4208568525525419e-08,-8.7499490436648628e-10
14,3,0,13824,+1.7365713629289454e-07,+0.0000000000000000e+00
14,3,1,13824,+3.9010917111833225e-08,-3.7632317024590328e-10
14,3,2,13824,+1.7788951146388250e-08,-7.5376289669915953e-10
14,3,3,13824,+1.0425582321367085e-08,-1.8731507673812230e-10
14,4,0,13824,+1.7478601965855854e-07,+0.0000000000000000e+00
14,4,1,13824,+2.4511403139493386e-08,-5.1391973573635730e-10
14,4,2,13824,+8.6403310071532788e-09,-5.7259338377864598e-10
14,4,3,13824,+4.5928402114074176e-09,+3.9424483717176371e-11
15,1,0,13824,+1.7796344562278062e-07,+0.0000000000000000e+00
15,1,1,13824,+1.0297530624092807e-07,-1.4331409572074644e-10
15,1,2,13824,+7.5444797401806784e-08,-6.8687256073963973e-10
15,1,3,13824,+5.9273630416370645e-08,-6.8343766226700188e-10
15,2,0,13824,+1.7877355700114444e-07,+0.0000000000000000e+00
15,2,1,13824,+6.3944564047507141e-08,-1.8414606481962065e-10
15,2,2,13824,+3.7165620514201285e-08,-3.7141040546748423e-10
15,2,3,13824,+2.4187335210617235e-08,-4.8873694293187158e-11
15,3,0,13824,+1.7367222572020270e-07,+0.0000000000000000e+00
15,3,1,13824,+3.8448872453144437e-08,+1.3721064326055773e-11
15,3,2,13824,+1.7777034272544936e-08,-2.9577933993753907e-10
15,3,3,13824,+9.7474383944914125e-09,-4.8826939461456920e-10
15,4,0,13824,+1.7572849936730346e-07,+0.0000000000000000e+00
15,4,1,13824,+2.4103136765875989e-08,+1.4461547360185706e-10
15,4,2,13824,+8.6509852243423499e-09,+9.8162781054525662e-11
15,4,3,13824,+4.3066045402935895e-09,-4.7988751806366193e-11
16,1,0,13824,+1.7803120231147766e-07,+0.0000000000000000e+00
16,1,1,13824,+1.0415101421934961e-07,+6.5535270806605017e-10
16,1,2,13824,+7.7065170993540428e-08,+5.8742938980829777e-10
16,1,3,13824,+6.0934982329092004e-08,+7.0261291403501138e-10
16,2,0,13824,+1.7805645830417889e-07,+0.0000000000000000e+00
16,2,1,13824,+6.4009131962568863e-08,+1.0543030080865052e-11
16,2,2,13824,+3.7951939266835924e-08,+2.2298561725043011e-10
16,2,3,13824,+2.5315595850539521e-08,+3.6395302830494648e-10
16,3,0,13824,+1.7671004669612067e-07,+0.0000000000000000e+00
16,3,1,13824,+3.9125511888696627e-08,+4.2552878569027100e-10
16,3,2,13824,+1.8511823752321307e-08,+3.6963125991630129e-10
16,3,3,13824,+1.0523572901363367e-08,+3.1181706525005605e-10
16,4,0,13824,+1.7485209096698853e-07,+0.0000000000000000e+00
16,4,1,13824,+2.3836943272610022e-08,-2.8866951022626351e-10
16,4,2,13824,+9.1617355286349857e-09,-2.4505702880254215e-10
16,4,3,13824,+5.0742118541408796e-09,+9.8615061769608819e-11
17,1,0,13824,+1.7845102836543885e-07,+0.0000000000000000e+00
17,1,1,13824,+1.0363025944274896e-07,-6.8077075021075006e-10
17,1,2,13824,+7.5852613760709196e-08,-1.0597649176499229e-09
17,1,3,13824,+5.9844698244005966e-08,-1.4238587121963055e-09
17,2,0,13824,+1.7821290686823991e-07,+0.0000000000000000e+00
17,2,1,13824,+6.4151502770829719e-08,-2.9527748042938199e-10
17,2,2,13824,+3.7445697724452916e-08,-6.0909329299704637e-10
17,2,3,13824,+2.6422227531211051e-08,-5.6792405213694738e-10
17,3,0,13824,+1.7563432239480452e-07,+0.0000000000000000e+00
17,3,1,13824,+3.8581902949831542e-08,+2.5257491868117759e-10
17,3,2,13824,+1.7779982450277161e-08,+7.7131992168691397e-11
17,3,3,13824,+1.0581154900816125e-08,+1.2009626830814344e-10
17,4,0,13824,+1.7232780274572672e-07,+0.0000000000000000e+00
17,4,1,13824,+2.3549362478695198e-08,-2.2907774357561089e-10
17,4,2,13824,+8.7774950033535428e-09,-3.2356145163579052e-10
17,4,3,13824,+4.0985048280409804e-09,+1.3867371118079232e-10
18,1,0,13824,+1.7690191171901834e-07,+0.0000000000000000e+00
18,1,1,13824,+1.0234058297711022e-07,-1.8882012064808876e-10
18,1,2,13824,+7.4934061359649909e-08,-1.3070229310577740e-10
18,1,3,13824,+5.8267507927643082e-08,-7.9474191489973450e-11
18,2,0,13824,+1.7512143822812492e-07,+0.0000000000000000e+00
18,2,1,13824,+6.2638445177752572e-08,-6.3473766332444802e-10
18,2,2,13824,+3.6711568156924109e-08,-5.4183466633210787e-10
18,2,3,13824,+2.4404395783728019e-08,-1.1162505151724645e-09
18,3,0,13824,+1.7551471622069369e-07,+0.0000000000000000e+00
18,3,1,13824,+3.8484689436722843e-08,-2.3845398791463081e-10
18,3,2,13824,+1.7982648939902877e-08,-3.4577499242025127e-11
18,3,3,13824,+1.1114859330008842e-08,-1.0047611627984724e-10
18,4,0,13824,+1.7320824800133151e-07,+0.0000000000000000e+00
18,4,1,13824,+2.4310851813780506e-08,-2.3774305324381094e-10
18,4,2,13824,+9.8683350825775418e-09,-1.8183471615678305e-10
18,4,3,13824,+5.1994355662835887e-09,+1.7195970137010219e-10
19,1,0,13824,+1.7783658377102897e-07,+0.0000000000000000e+00
19,1,1,13824,+1.0227682492324288e-07,-2.8840278602355940e-10
19,1,2,13824,+7.3887331356215472e-08,-2.7499861872739652e-10
19,1,3,13824,+5.7258334589677964e-08,-4.1252659583936695e-10
19,2,0,13824,+1.7436419854357163e-07,+0.0000000000000000e+00
19,2,1,13824,+6.1935885230922674e-08,+5.0233753028693190e-10
19,2,2,13824,+3.6403194616079078e-08,+5.9633617585346464e-10
19,2,3,13824,+2.4473969251123714e-08,+6.7841690054228489e-10
19,3,0,13824,+1.7346231303186654e-07,+0.0000000000000000e+00
19,3,1,13824,+3.7027270256453291e-08,-9.3066354201298768e-11
19,3,2,13824,+1.7467779321646855e-08,+4.8006459615355909e-10
19,3,3,13824,+1.0196007856773076e-08,+1.2931066201209971e-10
19,4,0,13824,+1.7362588309270100e-07,+0.0000000000000000e+00
19,4,1,13824,+2.2593306892151720e-08,+1.1682255696636030e-11
19,4,2,13824,+8.5225537805678115e-09,+2.5533494456517565e-10
19,4,3,13824,+4.1829889583810402e-09,-1.7411743576903110e-10
20,1,0,13824,+1.7893520991118029e-07,+0.0000000000000000e+00
20,1,1,13824,+1.0392930930281382e-07,+5.2470698435380356e-10
20,1,2,13824,+7.6588954971637453e-08,+6.0004208264706946e-10
20,1,3,13824,+5.9738967194650013e-08,+7.7504500978093779e-10
20,2,0,13824,+1.7554347578607913e-07,+0.0000000000000000e+00
20,2,1,13824,+6.2281249591828250e-08,+2.5318245369433689e-10
20,2,2,13824,+3.5944039352075706e-08,+5.6296795681356533e-10
20,2,3,13824,+2.3404339890815436e-08,+2.7973797763575222e-10
20,3,0,13824,+1.7342028541519573e-07,+0.0000000000000000e+00
20,3,1,13824,+3.7958933095098160e-08,+8.2894860895301765e-11
20,3,2,13824,+1.7650412869132975e-08,+2.3562475735994334e-10
20,3,3,13824,+1.0262347586845282e-08,-3.2067188890028863e-11
20,4,0,13824,+1.7660731848108279e-07,+0.0000000000000000e+00
20,4,1,13824,+2.3487919006531546e-08,-6.4816197715941100e-10
20,4,2,13824,+8.7787297513377126e-09,-3.6620078756764779e-10
20,4,3,13824,+4.2576202724666255e-09,+1.9957854621968335e-10
21,1,0,13824,+1.7592323491331972e-07,+0.0000000000000000e+00
21,1,1,13824,+1.0178582448276089e-07,+1.5866410646556222e-10
21,1,2,13824,+7.4065918234483684e-08,+5.2509692112252070e-10
21,1,3,13824,+5.7621655914394206e-08,+9.7856740179436243e-10
21,2,0,13824,+1.7454860667063978e-07,+0.0000000000000000e+00
21,2,1,13824,+6.2131614521213260e-08,+6.2236848924030697e-10
21,2,2,13824,+3.6732544947612600e-08,+6.0493074804989671e-10
21,2,3,13824,+2.4474061779911271e-08,+7.5778942148818036e-10
21,3,0,13824,+1.7576188290071234e-07,+0.0000000000000000e+00
21,3,1,13824,+3.8779109630250863e-08,+2.1023812668259850e-10
21,3,2,13824,+1.8125771160742951e-08,+5.9329869618136300e-10
21,3,3,13824,+1.1030250749569608e-08,+7.6419859831640753e-10
21,4,0,13824,+1.7292898619413455e-07,+0.0000000000000000e+00
21,4,1,13824,+2.3379565540710670e-08,+5.6633873221718321e-11
21,4,2,13824,+9.2505030262574390e-09,+6.2794759549296780e-11
21,4,3,13824,+4.9637707531310825e-09,+3.9928373852817133e-10
22,1,0,13824,+1.7887442046072349e-07,+0.0000000000000000e+00
22,1,1,13824,+1.0362934911387479e-07,+5.7869970809011206e-10
22,1,2,13824,+7.5743420846426254e-08,+1.2920932957834401e-09
22,1,3,13824,+5.9697276952061397e-08,+1.7583424609639369e-09
22,2,0,13824,+1.7638423358134169e-07,+0.0000000000000000e+00
22,2,1,13824,+6.3032099942971029e-08,-2.3307977664485735e-10
22,2,2,13824,+3.7098705404816728e-08,+2.1695048548810682e-10
22,2,3,13824,+2.6345332134056813e-08,+4.7143618772155764e-10
22,3,0,13824,+1.7696373612944870e-07,+0.0000000000000000e+00
22,3,1,13824,+3.9386277564718843e-08,+1.2738725551117281e-10
22,3,2,13824,+1.8592412979378858e-08,+4.1430644484462092e-10
22,3,3,13824,+1.0779141066814151e-08,+1.2984035370656615e-10
22,4,0,13824,+1.7676315879074742e-07,+0.0000000000000000e+00
22,4,1,13824,+2.3941368209700626e-08,-7.1929752379932296e-10
22,4,2,13824,+9.3777663525719895e-09,-2.3038801844501255e-12
22,4,3,13824,+5.3512732563070517e-09,-1.7628023107322510e-10
23,1,0,13824,+1.7596069027005008e-07,+0.0000000000000000e+00
23,1,1,13824,+1.0227735599289025e-07,-7.2640618573299353e-10
23,1,2,13824,+7.5841486064215606e-08,-7.8326887485119463e-10
23,1,3,13824,+5.9960565422878896e-08,-8.3776314057250860e-10
23,2,0,13824,+1.7600799329199168e-07,+0.0000000000000000e+00
23,2,1,13824,+6.2772301091162088e-08,-3.9755741167318528e-10
23,2,2,13824,+3.7655105130487959e-08,-6.2146996550541842e-11
23,2,3,13824,+2.7381845702290217e-08,+1.2904780308126836e-10
23,3,0,13824,+1.7392318283360415e-07,+0.0000000000000000e+00
23,3,1,13824,+3.8101280189779937e-08,-1.6671126573849325e-11
23,3,2,13824,+1.7903197492268336e-08,-4.5481969605422300e-10
23,3,3,13824,+1.1876634580027495e-08,+4.1604201438153879e-10
23,4,0,13824,+1.7231299455454413e-07,+0.0000000000000000e+00
23,4,1,13824,+2.3044089412652200e-08,-2.0523406127016361e-10
23,4,2,13824,+8.1942060732347465e-09,-4.8444840205241638e-10
23,4,3,13824,+4.8527613668697800e-09,-2.0388422058816967e-10
24,1,0,13824,+1.7667279416424139e-07,+0.0000000000000000e+00
24,1,1,13824,+1.0250159961915349e-07,+1.3622665270344575e-10
24,1,2,13824,+7.5060299654017337e-08,+6.4440847390082186e-11
24,1,3,13824,+5.8468799917051216e-08,-3.1873280394953566e-10
24,2,0,13824,+1.7379282745429718e-07,+0.0000000000000000e+00
24,2,1,13824,+6.2485109837277846e-08,-2.3247320476862725e-10
24,2,2,13824,+3.6716558320883042e-08,-6.5659653285514937e-10
24,2,3,13824,+2.5695723573733358e-08,-1.0809708552739955e-09
24,3,0,13824,+1.7396228122208634e-07,+0.0000000000000000e+00
24,3,1,13824,+3.8309466543101557e-08,+2.9306685956346673e-10
24,3,2,13824,+1.8155123565807572e-08,-3.1267078936836858e-10
24,3,3,13824,+1.0455030882750010e-08,-2.4504436529669968e-10
24,4,0,13824,+1.7543838020909838e-07,+0.0000000000000000e+00
24,4,1,13824,+2.4036458887962113e-08,-6.3070612519244697e-10
24,4,2,13824,+8.2741729597971022e-09,-1.6181585359936338e-10
24,4,3,13824,+4.4071506054222337e-09,+6.0406209330699818e-10
25,1,0,13824,+1.7755980444794992e-07,+0.0000000000000000e+00
25,1,1,13824,+1.0400146177134620e-07,-2.1468880890763933e-10
25,1,2,13824,+7.7446586523980377e-08,-2.2061092443166086e-10
25,1,3,13824,+6.1277125865534586e-08,-4.9164552775065375e-10
25,2,0,13824,+1.7460355620415402e-07,+0.0000000000000000e+00
25,2,1,13824,+6.2395069133906667e-08,-3.9909798112910623e-10
25,2,2,13824,+3.6606822386079207e-08,-6.9688286693797191e-10
25,2,3,13824,+2.4493210078127027e-08,-3.0280946685672259e-10
25,3,0,13824,+1.7467447391606091e-07,+0.0000000000000000e+00
25,3,1,13824,+3.8774088683690818e-08,-4.5540297044761632e-10
25,3,2,13824,+1.8540063757327132e-08,-1.6639208949798666e-10
25,3,3,13824,+1.1047840958757666e-08,+1.5046539867421712e-10
25,4,0,13824,+1.7486354146750112e-07,+0.0000000000000000e+00
25,4,1,13824,+2.3992189380637067e-08,-3.6417609620416642e-10
25,4,2,13824,+8.7237199373362984e-09,-5.7118448102247463e-10
25,4,3,13824,+4.5616512963789609e-09,+4.3790345230990488e-10
26,1,0,13824,+1.7708240279256537e-07,+0.0000000000000000e+00
26,1,1,13824,+1.0357743639527512e-07,-4.1037592842837467e-10
26,1,2,13824,+7.6377013465045801e-08,-8.4693812197998478e-10
26,1,3,13824,+5.9949330532337505e-08,-1.1380688813463712e-09
26,2,0,13824,+1.7653275769935077e-07,+0.0000000000000000e+00
26,2,1,13824,+6.3009412153039720e-08,-1.0017723512930901e-10
26,2,2,13824,+3.6209631068510324e-08,-5.1990859095827565e-10
26,2,3,13824,+2.4530895574330703e-08,-2.7271476093284471e-10
26,3,0,13824,+1.7485512655635537e-07,+0.0000000000000000e+00
26,3,1,13824,+3.8252050411552094e-08,+3.1407026812435746e-10
26,3,2,13824,+1.8100666076572695e-08,-5.2748642243295457e-10
26,3,3,13824,+1.1099805071312042e-08,-8.0075598989844896e-10
26,4,0,13824,+1.7532720408906482e-07,+0.0000000000000000e+00
26,4,1,13824,+2.3495669307018998e-08,-1.9554020344340099e-10
26,4,2,13824,+8.9492756204926418e-09,+8.0638297638818822e-12
26,4,3,13824,+4.4791013840511703e-09,+1.2447083616535798e-10
27,1,0,13824,+1.7734215186136191e-07,+0.0000000000000000e+00
27,1,1,13824,+1.0333978439743699e-07,+1.0112060909364170e-10
27,1,2,13824,+7.5889858768721642e-08,+3.8716537288148658e-10
27,1,3,13824,+5.9075429096069702e-08,+5.1874557812472525e-10
27,2,0,13824,+1.7713375194033429e-07,+0.0000000000000000e+00
27,2,1,13824,+6.3557939003155975e-08,+1.7882977580566104e-10
27,2,2,13824,+3.7249826529601696e-08,+6.6424321350813161e-10
27,2,3,13824,+2.4980694682451218e-08,+6.1382281832827884e-10
27,3,0,13824,+1.7438005400655848e-07,+0.0000000000000000e+00
27,3,1,13824,+3.8207264563587166e-08,+2.4406117022479900e-11
27,3,2,13824,+1.7343900074616003e-08,+3.6940915672908896e-10
27,3,3,13824,+1.0443437550439252e-08,+5.4021138448434419e-11
27,4,0,13824,+1.7335429400012209e-07,+0.0000000000000000e+00
27,4,1,13824,+2.3517284891243702e-08,-2.0175683387415704e-10
27,4,2,13824,+9.0938276177717421e-09,+2.1923832256269903e-10
27,4,3,13824,+4.6284257970236365e-09,-1.2449802293427260e-10
28,1,0,13824,+1.7780723014247675e-07,+0.0000000000000000e+00
28,1,1,13824,+1.0340806930430554e-07,-7.2498702083140167e-10
28,1,2,13824,+7.5746398432782150e-08,-1.6690791256134646e-09
28,1,3,13824,+5.9311859117207430e-08,-2.2221411599455977e-09
28,2,0,13824,+1.7515305829397377e-07,+0.0000000000000000e+00
28,2,1,13824,+6.2683207658842452e-08,-4.5078759869187508e-10
28,2,2,13824,+3.6553849691548283e-08,-1.2074363702186545e-10
28,2,3,13824,+2.4339167008672708e-08,-1.8535523920920526e-10
28,3,0,13824,+1.7581862152552555e-07,+0.0000000000000000e+00
28,3,1,13824,+3.8633656627317064e-08,-5.7714873736656339e-10
28,3,2,13824,+1.8303622566970835e-08,-4.0087580272336279e-10
28,3,3,13824,+1.0900483761461507e-08,+1.5566389496168183e-10
28,4,0,13824,+1.7556612054525201e-07,+0.0000000000000000e+00
28,4,1,13824,+2.3738128053937908e-08,-9.5977291422990847e-11
28,4,2,13824,+9.0610974304813596e-09,-6.9675725445824297e-10
28,4,3,13824,+4.5424865601375739e-09,+1.0559303110953314e-10
29,1,0,13824,+1.7586574610546532e-07,+0.0000000000000000e+00
29,1,1,13824,+1.0262505107466358e-07,+8.5574185765538904e-12
29,1,2,13824,+7.5770015961543131e-08,-2.2996544742008287e-10
29,1,3,13824,+5.9898733541977032e-08,-3.2065098539083257e-10
29,2,0,13824,+1.7527203663949744e-07,+0.0000000000000000e+00
29,2,1,13824,+6.2389767004593440e-08,-7.2608872255885118e-10
29,2,2,13824,+3.6660010352016102e-08,-8.5716484127337240e-10
29,2,3,13824,+2.5040665598164729e-08,-4.7542658686157138e-10
29,3,0,13824,+1.7566799039272325e-07,+0.0000000000000000e+00
29,3,1,13824,+3.8476643545244521e-08,+1.7516521235201969e-10
29,3,2,13824,+1.8480387122093504e-08,-6.6316973304224450e-12
29,3,3,13824,+1.1111849037189826e-08,-1.8577986129737864e-10
29,4,0,13824,+1.7427045792364965e-07,+0.0000000000000000e+00
29,4,1,13824,+2.4125594531180605e-08,+2.0589841092393532e-10
29,4,2,13824,+9.2416201818744452e-09,-1.6268005183378119e-10
29,4,3,13824,+4.8401047628995997e-09,-4.8364499096049576e-10
30,1,0,13824,+1.7890586491422697e-07,+0.0000000000000000e+00
30,1,1,13824,+1.0405697167735532e-07,-1.9235416198890947e-10
30,1,2,13824,+7.6429637621274920e-08,+1.0212369658523042e-10
30,1,3,13824,+6.0396064776989835e-08,-1.7782656278864533e-10
30,2,0,13824,+1.7541812509295511e-07,+0.0000000000000000e+00
30,2,1,13824,+6.3675891028756222e-08,-2.4620828235728241e-10
30,2,2,13824,+3.7636438733256406e-08,-4.9199525874259048e-10
30,2,3,13824,+2.5685893713376248e-08,-1.2548439228173678e-10
30,3,0,13824,+1.7350268962665991e-07,+0.0000000000000000e+00
30,3,1,13824,+3.8879654020619300e-08,+6.7804679100763582e-11
30,3,2,13824,+1.7633177574758729e-08,+1.7406944364811173e-11
30,3,3,13824,+1.0254996963536250e-08,+3.0739227334048824e-10
30,4,0,13824,+1.7305756783822651e-07,+0.0000000000000000e+00
30,4,1,13824,+2.4141281473094792e-08,+1.3982323758994494e-10
30,4,2,13824,+9.8254449637281002e-09,+6.0636847643528045e-10
30,4,3,13824,+4.8475705910401056e-09,+4.1752912004290798e-11
31,1,0,13824,+1.7790445025500837e-07,+0.0000000000000000e+00
31,1,1,13824,+1.0287094034680602e-07,-4.0875986915606426e-10
31,1,2,13824,+7.5407269770744175e-08,-4.6226470354252289e-10
31,1,3,13824,+5.8805957397324561e-08,-5.6465763154615730e-10
31,2,0,13824,+1.7289554976587924e-07,+0.0000000000000000e+00
31,2,1,13824,+6.1412265964685006e-08,-4.4550367609398177e-11
31,2,2,13824,+3.6588681198943375e-08,-1.2624660519469689e-10
31,2,3,13824,+2.4863497588705751e-08,+2.2001028966578680e-10
31,3,0,13824,+1.7281857906053206e-07,+0.0000000000000000e+00
31,3,1,13824,+3.8220750138884354e-08,+1.4765965311383880e-10
31,3,2,13824,+1.8581185306806208e-08,-8.4601510011766466e-11
31,3,3,13824,+1.1424119715110666e-08,+6.8190417888264588e-10
31,4,0,13824,+1.7458761742053430e-07,+0.0000000000000000e+00
31,4,1,13824,+2.3052072615658453e-08,+2.6871057308913672e-11
31,4,2,13824,+8.8876117909122334e-09,-1.9894282506595109e-10
31,4,3,13824,+4.9192697363822555e-09,-4.0298215338830762e-10
32,1,0,13824,+1.7765356756883088e-07,+0.0000000000000000e+00
32,1,1,13824,+1.0306542940899238e-07,-5.7907354248821977e-10
32,1,2,13824,+7.5223914513353494e-08,-8.3629447367374606e-10
32,1,3,13824,+5.8532032197154755e-08,-1.0822681590531933e-09
32,2,0,13824,+1.7605031187579025e-07,+0.0000000000000000e+00
32,2,1,13824,+6.2687653501242570e-08,-2.9417271286841902e-10
32,2,2,13824,+3.6171074309210407e-08,+6.6797281683137195e-11
32,2,3,13824,+2.4643955873175426e-08,+3.5573443465420669e-10
32,3,0,13824,+1.7422336168171173e-07,+0.0000000000000000e+00
32,3,1,13824,+3.7902281037027256e-08,+1.8536880153237678e-10
32,3,2,13824,+1.7295267027352473e-08,+4.6481952995786283e-10
32,3,3,13824,+1.0124770300024143e-08,+3.1586189116692486e-10
32,4,0,13824,+1.7353869829158449e-07,+0.0000000000000000e+00
32,4,1,13824,+2.3344612038953447e-08,+4.3304637387486407e-10
32,4,2,13824,+7.8183536136335275e-09,+7.9797643508927751e-10
32,4,3,13824,+4.1579847614756330e-09,+6.8448255129152050e-10
33,1,0,13824,+1.7853319503266767e-07,+0.0000000000000000e+00
33,1,1,13824,+1.0365901871090279e-07,-2.2510564027558580e-10
33,1,2,13824,+7.6625088824469222e-08,+1.9814331163878765e-10
33,1,3,13824,+6.0782412091331573e-08,+1.1550908304700288e-10
33,2,0,13824,+1.7615467535886996e-07,+0.0000000000000000e+00
33,2,1,13824,+6.2250245006110066e-08,+2.0618522274827054e-10
33,2,2,13824,+3.6693200260841381e-08,+3.0590267345319136e-10
33,2,3,13824,+2.4804055380350218e-08,-2.9518993655588218e-10
33,3,0,13824,+1.7852221343233604e-07,+0.0000000000000000e+00
33,3,1,13824,+3.8915424215045655e-08,-1.5676120727799593e-10
33,3,2,13824,+1.8170070781449038e-08,+5.2302826413039063e-10
33,3,3,13824,+1.1103330195305738e-08,+1.1010065486050736e-10
33,4,0,13824,+1.7189062457880064e-07,+0.0000000000000000e+00
33,4,1,13824,+2.3550732362248507e-08,+3.8420391600459343e-10
33,4,2,13824,+9.6714660139000512e-09,+6.5401065794654206e-10
33,4,3,13824,+5.8041902559815486e-09,+8.7437019594395511e-11
34,1,0,13824,+1.7829814734177976e-07,+0.0000000000000000e+00
34,1,1,13824,+1.0440336614908450e-07,+1.0707130699743293e-10
34,1,2,13824,+7.6602662429137867e-08,+2.1044809779458206e-10
34,1,3,13824,+6.0553364266992233e-08,-1.5604840639784535e-10
34,2,0,13824,+1.7680150609107206e-07,+0.0000000000000000e+00
34,2,1,13824,+6.3064931954075628e-08,-3.9220812484391185e-10
34,2,2,13824,+3.6227645897897965e-08,-1.5354175779203202e-10
34,2,3,13824,+2.4141239445922025e-08,-7.4312303888344939e-10
34,3,0,13824,+1.7395459223964696e-07,+0.0000000000000000e+00
34,3,1,13824,+3.7783082553223404e-08,-7.2594415147561283e-10
34,3,2,13824,+1.7415933089453479e-08,+1.3323636595343162e-11
34,3,3,13824,+1.0416371950822590e-08,-3.7520741210018405e-10
34,4,0,13824,+1.7542511724212077e-07,+0.0000000000000000e+00
34,4,1,13824,+2.3134130144720376e-08,-2.8544269006420575e-10
34,4,2,13824,+8.6428524413376142e-09,-3.2467288525702007e-10
34,4,3,13824,+4.1540087866466081e-09,-8.5509267835366464e-10
35,1,0,13824,+1.7504103068912537e-07,+0.0000000000000000e+00
35,1,1,13824,+1.0098365244010297e-07,+7.2760414548390987e-10
35,1,2,13824,+7.3802127711332325e-08,+8.6661459440437791e-10
35,1,3,13824,+5.7455564927782360e-08,+8.9329676545287453e-10
35,2,0,13824,+1.7538993499692107e-07,+0.0000000000000000e+00
35,2,1,13824,+6.1687415248164797e-08,-1.4611382178340428e-10
35,2,2,13824,+3.6330031728942501e-08,-4.1407447623165681e-10
35,2,3,13824,+2.5098955768184937e-08,-6.8212435029591286e-10
35,3,0,13824,+1.7587517437234385e-07,+0.0000000000000000e+00
35,3,1,13824,+3.8519313295031733e-08,+2.3212651937688007e-10
35,3,2,13824,+1.7628513556988943e-08,-2.4824735942607487e-10
35,3,3,13824,+1.0155505884775044e-08,+3.0443896660773468e-10
35,4,0,13824,+1.7458616199118485e-07,+0.0000000000000000e+00
35,4,1,13824,+2.4016504577919800e-08,+3.2253420240035723e-10
35,4,2,13824,+8.2184130901887799e-09,-1.0364345330875637e-09
35,4,3,13824,+4.3719159595135191e-09,-9.7424823235263380e-10
36,1,0,13824,+1.7689365530832639e-07,+0.0000000000000000e+00
36,1,1,13824,+1.0243835196585723e-07,+1.5865942407584062e-10
36,1,2,13824,+7.4087080934905819e-08,+3.6033047826978430e-10
36,1,3,13824,+5.7444771575058641e-08,+8.5966556720786643e-10
36,2,0,13824,+1.7705679618115488e-07,+0.0000000000000000e+00
36,2,1,13824,+6.3452120978925126e-08,-1.0458126704835031e-10
36,2,2,13824,+3.6848996433070899e-08,-5.5316598011793305e-11
36,2,3,13824,+2.5533819956288022e-08,-3.1141062908593235e-11
36,3,0,13824,+1.7557762794210886e-07,+0.0000000000000000e+00
36,3,1,13824,+3.9140068483547909e-08,-4.6665290152561566e-10
36,3,2,13824,+1.8503299404763114e-08,+3.3181870064140227e-11
36,3,3,13824,+1.0587446161124232e-08,-1.0898798039550131e-10
36,4,0,13824,+1.7526283653529069e-07,+0.0000000000000000e+00
36,4,1,13824,+2.3921980164174527e-08,+1.9306770345835958e-10
36,4,2,13824,+9.2045992087415190e-09,+4.9337732260912401e-11
36,4,3,13824,+4.5127139223389821e-09,+3.0299802450628761e-10
37,1,0,13824,+1.7806746215507560e-07,+0.0000000000000000e+00
37,1,1,13824,+1.0243615058380083e-07,+4.1470057148655195e-10
37,1,2,13824,+7.4672261479369974e-08,+5.3878548557310165e-10
37,1,3,13824,+5.8656909703443804e-08,+4.4856384005418007e-10
37,2,0,13824,+1.7651181285281031e-07,+0.0000000000000000e+00
37,2,1,13824,+6.3326408022081572e-08,+2.3707278301964012e-11
37,2,2,13824,+3.7346673104626312e-08,-2.9990132669212846e-10
37,2,3,13824,+2.5403203149646450e-08,-2.0497140761797649e-10
37,3,0,13824,+1.7563808484712672e-07,+0.0000000000000000e+00
37,3,1,13824,+3.9555551331011515e-08,-7.0018737993758666e-11
37,3,2,13824,+1.9026190489856540e-08,+2.8617362727942074e-10
37,3,3,13824,+1.0812677196533073e-08,+2.1873847305175398e-10
37,4,0,13824,+1.7594777649447490e-07,+0.0000000000000000e+00
37,4,1,13824,+2.4749373112564718e-08,+3.6635904631648147e-10
37,4,2,13824,+1.0084572245355971e-08,+5.7777718767689865e-10
37,4,3,13824,+5.6848887958950585e-09,+1.6601827692696747e-10
38,1,0,13824,+1.7715107579068882e-07,+0.0000000000000000e+00
38,1,1,13824,+1.0272497022878094e-07,-3.0760273450147560e-10
38,1,2,13824,+7.4999246089457189e-08,-9.4313001427887614e-10
38,1,3,13824,+5.8106158062029217e-08,-1.2829256283596506e-09
38,2,0,13824,+1.7412109185232673e-07,+0.0000000000000000e+00
38,2,1,13824,+6.2445638663004279e-08,-3.5648909710679534e-10
38,2,2,13824,+3.6157811872393155e-08,-6.5897830442238868e-11
38,2,3,13824,+2.4937850255053151e-08,-4.3742437850680416e-10
38,3,0,13824,+1.7539874985854347e-07,+0.0000000000000000e+00
38,3,1,13824,+3.9263120635455874e-08,-3.6408004703733622e-10
38,3,2,13824,+1.8006469655695616e-08,-1.5290200444676565e-10
38,3,3,13824,+1.1176139161583176e-08,-2.7837165326263918e-10
38,4,0,13824,+1.7444485363129436e-07,+0.0000000000000000e+00
38,4,1,13824,+2.4277295035714229e-08,-1.1658383748182026e-10
38,4,2,13824,+9.4243633016726094e-09,-3.4659833510849807e-10
38,4,3,13824,+4.9423514798626586e-09,+2.7603598666717054e-10
39,1,0,13824,+1.7537795071918232e-07,+0.0000000000000000e+00
39,1,1,13824,+1.0019793552617770e-07,+1.7742523672991404e-10
39,1,2,13824,+7.1663216080805739e-08,+9.4209418269923268e-11
39,1,3,13824,+5.4756456183139730e-08,+4.9812313986506902e-10
39,2,0,13824,+1.7510866972769148e-07,+0.0000000000000000e+00
39,2,1,13824,+6.1589056920759437e-08,+1.2076777893809282e-10
39,2,2,13824,+3.4990659348573420e-08,-5.0491686768836561e-11
39,2,3,13824,+2.4196242426859628e-08,+4.5315746357601307e-10
39,3,0,13824,+1.7409851368454088e-07,+0.0000000000000000e+00
39,3,1,13824,+3.7946264415770171e-08,-4.8419920802838196e-10
39,3,2,13824,+1.7073485706738049e-08,-4.8039801590267756e-10
39,3,3,13824,+1.0309993402547889e-08,+5.6880524448137072e-10
39,4,0,13824,+1.7383499083146105e-07,+0.0000000000000000e+00
39,4,1,13824,+2.3439257218529545e-08,-9.8166437715525098e-10
39,4,2,13824,+8.4459709745697969e-09,-5.1836473292692828e-10
39,4,3,13824,+4.4396487339064353e-09,+3.2870916186397926e-10
40,1,0,13824,+1.7561370885166241e-07,+0.0000000000000000e+00
40,1,1,13824,+1.0148037713964046e-07,-2.8586812252542467e-10
40,1,2,13824,+7.2949777146504764e-08,-6.2537001018171610e-10
40,1,3,13824,+5.5676064145348130e-08,-7.9367733410116126e-10
40,2,0,13824,+1.7433178376311026e-07,+0.0000000000000000e+00
40,2,1,13824,+6.1865988879856019e-08,-3.1452245010883409e-10
40,2,2,13824,+3.5598907139919890e-08,-2.1474300340276660e-10
40,2,3,13824,+2.4197222311538526e-08,+3.0263971242744185e-10
40,3,0,13824,+1.7508542006256198e-07,+0.0000000000000000e+00
40,3,1,13824,+3.8296784341499411e-08,-8.1129988836305877e-12
40,3,2,13824,+1.7614849626509181e-08,-5.1243365397250065e-10
40,3,3,13824,+1.0400414929507558e-08,-1.8350155231826279e-10
40,4,0,13824,+1.7615783368382951e-07,+0.0000000000000000e+00
40,4,1,13824,+2.4375142015020075e-08,+2.4100511233334464e-10
40,4,2,13824,+8.7030971930660739e-09,-4.5766728666599070e-10
40,4,3,13824,+4.6061677661902818e-09,+2.7223318897108383e-10
41,1,0,13824,+1.7907311183601446e-07,+0.0000000000000000e+00
41,1,1,13824,+1.0340939201351590e-07,-1.0773801443443780e-10
41,1,2,13824,+7.5734947723127925e-08,-3.2613951634776309e-10
41,1,3,13824,+5.8913822411241719e-08,-1.5162975208990040e-10
41,2,0,13824,+1.7726709119393005e-07,+0.0000000000000000e+00
41,2,1,13824,+6.3059042259354251e-08,+3.8401618155027934e-10
41,2,2,13824,+3.7379609902072624e-08,+6.9971734703592848e-11
41,2,3,13824,+2.4925710126185861e-08,+5.6167976712022217e-10
41,3,0,13824,+1.7308779726601149e-07,+0.0000000000000000e+00
41,3,1,13824,+3.7902116635363247e-08,+3.6498856707665747e-11
41,3,2,13824,+1.7130956178338610e-08,-4.1895318105600709e-10
41,3,3,13824,+1.0568250726338109e-08,+1.0211924422754786e-10
41,4,0,13824,+1.7525468632270432e-07,+0.0000000000000000e+00
41,4,1,13824,+2.3871750997310370e-08,-2.5448700267654247e-10
41,4,2,13824,+8.4980031599787161e-09,+7.9651145810531056e-11
41,4,3,13824,+4.2945742868283652e-09,-3.1152606527702305e-10
42,1,0,13824,+1.7885984346942252e-07,+0.0000000000000000e+00
42,1,1,13824,+1.0309240642560017e-07,-1.1412156213245655e-10
42,1,2,13824,+7.5777930970591142e-08,+1.0984466461216488e-10
42,1,3,13824,+5.9440569566819309e-08,+3.1873610315197004e-10
42,2,0,13824,+1.7600301501292405e-07,+0.0000000000000000e+00
42,2,1,13824,+6.2864386062132749e-08,+2.5955037524706754e-10
42,2,2,13824,+3.6058523109413749e-08,+2.0236435015443209e-10
42,2,3,13824,+2.3833259704205612e-08,+2.2481714908515673e-10
42,3,0,13824,+1.7576562027856490e-07,+0.0000000000000000e+00
42,3,1,13824,+3.9276949007531911e-08,-4.4494167137470931e-10
42,3,2,13824,+1.8364264519102193e-08,-2.6973978734899826e-10
42,3,3,13824,+1.0406896593048181e-08,+1.3110998641300196e-11
42,4,0,13824,+1.7521471618395292e-07,+0.0000000000000000e+00
42,4,1,13824,+2.3504263056134238e-08,-2.8060024758180667e-10
42,4,2,13824,+8.9555451921327165e-09,-7.8667958225863611e-10
42,4,3,13824,+4.5842599902702600e-09,+3.5332835347120993e-10
43,1,0,13824,+1.7857801978901319e-07,+0.0000000000000000e+00
43,1,1,13824,+1.0252033033486861e-07,-5.5508551654451223e-10
43,1,2,13824,+7.4273557317147745e-08,-9.0405576910160602e-10
43,1,3,13824,+5.7347628129695672e-08,-1.8099952404231664e-09
43,2,0,13824,+1.7419026357302173e-07,+0.0000000000000000e+00
43,2,1,13824,+6.1011005642200735e-08,+8.3434741704284896e-11
43,2,2,13824,+3.6128678879395934e-08,+2.4199975397463243e-10
43,2,3,13824,+2.5070826062300032e-08,-4.4521817361230699e-10
43,3,0,13824,+1.7260531903341976e-07,+0.0000000000000000e+00
43,3,1,13824,+3.7562456877374020e-08,+4.3867122139926824e-10
43,3,2,13824,+1.7625736387368757e-08,+3.2681504671466595e-11
43,3,3,13824,+1.0570459702488655e-08,+2.7008319998670400e-10
43,4,0,13824,+1.7423005080979295e-07,+0.0000000000000000e+00
43,4,1,13824,+2.3804788046690626e-08,+1.2364203299995104e-10
43,4,2,13824,+8.6732837232218570e-09,+1.1343739580336201e-10
43,4,3,13824,+4.8706960179612080e-09,+1.1927553851703541e-11
44,1,0,13824,+1.7899883560898443e-07,+0.0000000000000000e+00
44,1,1,13824,+1.0294300414860748e-07,-2.6294918531815610e-10
44,1,2,13824,+7.5165154603245683e-08,+4.1112718225964328e-12
44,1,3,13824,+5.8872856136458484e-08,+1.8919243012200779e-10
44,2,0,13824,+1.7767498377280787e-07,+0.0000000000000000e+00
44,2,1,13824,+6.3058135504635596e-08,+8.6876121659506764e-12
44,2,2,13824,+3.7793795593788147e-08,+3.1723297933396352e-10
44,2,3,13824,+2.5817181012658534e-08,+2.9108876829717481e-10
44,3,0,13824,+1.7653767923980473e-07,+0.0000000000000000e+00
44,3,1,13824,+3.8322545884954535e-08,+4.4698657021064624e-11
44,3,2,13824,+1.7377854349674687e-08,+5.2616084181987551e-10
44,3,3,13824,+1.0874113540960826e-08,-1.2331328648081425e-10
44,4,0,13824,+1.7587661625828456e-07,+0.0000000000000000e+00
44,4,1,13824,+2.3871006391077902e-08,-5.9188598055351315e-12
44,4,2,13824,+7.7104830436000541e-09,+6.8496357055943668e-10
44,4,3,13824,+4.5990977165535848e-09,+2.7195547855055373e-10
45,1,0,13824,+1.7639163593749777e-07,+0.0000000000000000e+00
45,1,1,13824,+1.0178216145244427e-07,+4.5020813972933459e-10
45,1,2,13824,+7.3635428200609564e-08,+6.9824201510346927e-10
45,1,3,13824,+5.6558236594772995e-08,+9.2624906559833340e-10
45,2,0,13824,+1.7455835291668989e-07,+0.0000000000000000e+00
45,2,1,13824,+6.2144381655096058e-08,+3.8465804854118178e-10
45,2,2,13824,+3.5704251833688993e-08,+4.0278970066607801e-10
45,2,3,13824,+2.3530349250043602e-08,+4.9467709560904034e-10
45,3,0,13824,+1.7537431458585978e-07,+0.0000000000000000e+00
45,3,1,13824,+3.8476561207028269e-08,-4.5020553356831253e-12
45,3,2,13824,+1.7720458247066007e-08,+5.5262077418556514e-10
45,3,3,13824,+1.0271233629862965e-08,+5.3338091632435816e-10
45,4,0,13824,+1.7390403332004757e-07,+0.0000000000000000e+00
45,4,1,13824,+2.3774938086652784e-08,-3.0115770985331002e-10
45,4,2,13824,+8.6487575261762040e-09,+4.8432244299901926e-10
45,4,3,13824,+4.2306168120022710e-09,+2.0933550057747067e-10
46,1,0,13824,+1.7604927600207657e-07,+0.0000000000000000e+00
46,1,1,13824,+1.0212106952269215e-07,+4.3842050735096217e-10
46,1,2,13824,+7.5189762492086700e-08,+7.1417747329499586e-11
46,1,3,13824,+5.9546322210727238e-08,+3.3143969468589339e-10
46,2,0,13824,+1.7384870143362492e-07,+0.0000000000000000e+00
46,2,1,13824,+6.1582132951337700e-08,-7.3012395654581103e-10
46,2,2,13824,+3.5950987803250325e-08,-9.1885493250442396e-10
46,2,3,13824,+2.3654971247713594e-08,+4.4474562726527369e-11
46,3,0,13824,+1.7360263604447312e-07,+0.0000000000000000e+00
46,3,1,13824,+3.8617875836087672e-08,-1.0853440180792217e-10
46,3,2,13824,+1.8162129789711904e-08,-5.3561816243401910e-10
46,3,3,13824,+1.0630612569486933e-08,+5.4292980159693953e-10
46,4,0,13824,+1.7479600980696440e-07,+0.0000000000000000e+00
46,4,1,13824,+2.4209961951035167e-08,+2.1553830549301953e-10
46,4,2,13824,+9.1348472468693221e-09,-9.8180256832291109e-10
46,4,3,13824,+4.9803159767648270e-09,+3.6992965084703396e-10
47,1,0,13824,+1.7726618943838936e-07,+0.0000000000000000e+00
47,1,1,13824,+1.0315261563774591e-07,+1.5166788620214494e-10
47,1,2,13824,+7.5647976593713724e-08,-1.8633271654163813e-10
47,1,3,13824,+5.9131344066606064e-08,-2.8124805154810771e-11
47,2,0,13824,+1.7562846147586337e-07,+0.0000000000000000e+00
47,2,1,13824,+6.2919096554536139e-08,-5.0675693434861906e-10
47,2,2,13824,+3.7004391809418974e-08,-4.5915874827324906e-10
47,2,3,13824,+2.5532269095833989e-08,-7.2598262281479202e-10
47,3,0,13824,+1.7389888762058224e-07,+0.0000000000000000e+00
47,3,1,13824,+3.8121441881422815e-08,-5.2241251954180368e-10
47,3,2,13824,+1.7643811107485965e-08,-1.6123625814235055e-10
47,3,3,13824,+1.0366733480466398e-08,-8.3866107954252118e-10
47,4,0,13824,+1.7515581016027879e-07,+0.0000000000000000e+00
47,4,1,13824,+2.4130967045910118e-08,-5.5982500539098232e-10
47,4,2,13824,+9.0625252246363560e-09,+1.0435382759958356e-10
47,4,3,13824,+5.3169079505178177e-09,-1.2202534660169226e-09
48,1,0,13824,+1.7662134296862982e-07,+0.0000000000000000e+00
48,1,1,13824,+1.0157623850539696e-07,-5.9507542908179466e-10
48,1,2,13824,+7.3094904970430483e-08,-1.0396107003598888e-09
48,1,3,13824,+5.5982734425456385e-08,-1.8851205306088412e-09
48,2,0,13824,+1.7633410986959771e-07,+0.0000000000000000e+00
48,2,1,13824,+6.2302872415540333e-08,-3.9041747479844044e-10
48,2,2,13824,+3.6108718982892590e-08,-5.6785314313842197e-10
48,2,3,13824,+2.4428562747319199e-08,-6.1703681520182137e-10
48,3,0,13824,+1.7559766563923944e-07,+0.0000000000000000e+00
48,3,1,13824,+3.8443989052647084e-08,-7.2359972972820344e-10
48,3,2,13824,+1.7491882738979738e-08,-5.6845394211629632e-10
48,3,3,13824,+1.0168447790553476e-08,-3.7772917221099336e-10
48,4,0,13824,+1.7468205383067188e-07,+0.0000000000000000e+00
48,4,1,13824,+2.3826065138209653e-08,-2.0561560060477390e-10
48,4,2,13824,+8.7859978115131938e-09,+1.6649897432625454e-10
48,4,3,13824,+4.0563850770142997e-09,-7.8393783709187500e-10
49,1,0,13824,+1.7711351976191109e-07,+0.0000000000000000e+00
49,1,1,13824,+1.0305971632738750e-07,-1.7376357047897442e-10
49,1,2,13824,+7.6187623803566660e-08,-2.3417282943729878e-10
49,1,3,13824,+5.9745643620647894e-08,-5.2630101214446831e-10
49,2,0,13824,+1.7443755669311369e-07,+0.0000000000000000e+00
49,2,1,13824,+6.2333799459015591e-08,-2.9739014961097111e-10
49,2,2,13824,+3.6103256256842238e-08,+1.7546531894992751e-10
49,2,3,13824,+2.3950403327295161e-08,-2.6482388249625396e-11
49,3,0,13824,+1.7360304002887237e-07,+0.0000000000000000e+00
49,3,1,13824,+3.8772768865003404e-08,+1.8811214767267231e-10
49,3,2,13824,+1.8395865981309972e-08,-1.8046369552156658e-11
49,3,3,13824,+1.0512722856179749e-08,+9.7023661752512872e-11
49,4,0,13824,+1.7383142567381415e-07,+0.0000000000000000e+00
49,4,1,13824,+2.3448845670911300e-08,+7.1689557338221144e-10
49,4,2,13824,+9.5957041364541428e-09,-1.0567396015787974e-10
49,4,3,13824,+4.3946818714731481e-09,+5.6229439294944497e-10
50,1,0,13824,+1.7738382729821484e-07,+0.0000000000000000e+00
50,1,1,13824,+1.0315361970078710e-07,-9.0074398189301535e-11
50,1,2,13824,+7.6204446954322086e-08,-1.1600112412673545e-10
50,1,3,13824,+6.0145978436836293e-08,-1.8308511304030505e-10
50,2,0,13824,+1.7565359876337586e-07,+0.0000000000000000e+00
50,2,1,13824,+6.2346986168285222e-08,-2.6182704523576678e-10
50,2,2,13824,+3.6188377517554697e-08,-4.5936191575423404e-10
50,2,3,13824,+2.4103906115385576e-08,-3.7036150849395356e-10
50,3,0,13824,+1.7400628882610720e-07,+0.0000000000000000e+00
50,3,1,13824,+3.7789164163083979e-08,+3.4721396543216063e-10
50,3,2,13824,+1.8171272898016104e-08,-1.1019662075765322e-10
50,3,3,13824,+1.0882231801758416e-08,-3.2782356935705851e-10
50,4,0,13824,+1.7462441138280661e-07,+0.0000000000000000e+00
50,4,1,13824,+2.3661850536552510e-08,+1.0868355354456702e-10
50,4,2,13824,+9.5556179724697289e-09,-2.5450804200029533e-10
50,4,3,13824,+4.9333678089714016e-09,-3.8368680586895988e-10
51,1,0,13824,+1.7605678266780104e-07,+0.0000000000000000e+00
51,1,1,13824,+1.0217479079034101e-07,-2.1135010033221143e-10
51,1,2,13824,+7.4372493049755007e-08,-2.6523053899885953e-10
51,1,3,13824,+5.6998605761445313e-08,-2.2740418167706717e-10
51,2,0,13824,+1.7475858825473084e-07,+0.0000000000000000e+00
51,2,1,13824,+6.2254747039306967e-08,-1.3187375514994216e-10
51,2,2,13824,+3.5668767261659802e-08,+5.7479026856046519e-11
51,2,3,13824,+2.3160481503425514e-08,+2.4931256206525334e-10
51,3,0,13824,+1.7352422667951224e-07,+0.0000000000000000e+00
51,3,1,13824,+3.8660196648412363e-08,-2.2184781988725998e-10
51,3,2,13824,+1.7583862791205717e-08,+2.4876154547282299e-10
51,3,3,13824,+9.6413476671538094e-09,+4.5675153278387913e-10
51,4,0,13824,+1.7437300653395900e-07,+0.0000000000000000e+00
51,4,1,13824,+2.4451433804135603e-08,+1.1245339365174689e-10
51,4,2,13824,+8.3438559255818266e-09,+6.0770492052185995e-10
51,4,3,13824,+3.8255707837199270e-09,-2.0276804562967009e-10
52,1,0,13824,+1.7762024202415680e-07,+0.0000000000000000e+00
52,1,1,13824,+1.0222493167581718e-07,+2.0624786449365363e-10
52,1,2,13824,+7.4383745095338602e-08,+1.6667765988270466e-10
52,1,3,13824,+5.7941279481026876e-08,+5.3325836072798967e-10
52,2,0,13824,+1.7486386580397065e-07,+0.0000000000000000e+00
52,2,1,13824,+6.2621831725042163e-08,+6.1265801514204426e-10
52,2,2,13824,+3.6225733287171910e-08,+8.6294299191991515e-10
52,2,3,13824,+2.4897072433443161e-08,+1.3078019352301806e-09
52,3,0,13824,+1.7161106750252680e-07,+0.0000000000000000e+00
52,3,1,13824,+3.7832746382007899e-08,+6.6587594423724322e-11
52,3,2,13824,+1.7120400708323142e-08,-6.6846918183704731e-10
52,3,3,13824,+1.0271793075211688e-08,+2.9348945001326215e-10
52,4,0,13824,+1.7409595801384550e-07,+0.0000000000000000e+00
52,4,1,13824,+2.4057315984493421e-08,-3.6009147460559320e-10
52,4,2,13824,+8.9383374541082367e-09,+2.1986924997963071e-10
52,4,3,13824,+4.6982757529730694e-09,+8.1724005612311370e-11
53,1,0,13824,+1.7528833408424629e-07,+0.0000000000000000e+00
53,1,1,13824,+1.0203123191758580e-07,-4.1450137263774773e-10
53,1,2,13824,+7.4412129627286723e-08,-1.0128850984011799e-09
53,1,3,13824,+5.7033537919199348e-08,-1.3502271362661788e-09
53,2,0,13824,+1.7205784807570592e-07,+0.0000000000000000e+00
53,2,1,13824,+6.1771272824107297e-08,-9.0499422385144560e-11
53,2,2,13824,+3.5909222408779674e-08,-1.5036547561096974e-10
53,2,3,13824,+2.4399423738273918e-08,-3.1024733789940490e-10
53,3,0,13824,+1.7459150101212501e-07,+0.0000000000000000e+00
53,3,1,13824,+3.8640271128723621e-08,-4.7373170955067823e-10
53,3,2,13824,+1.7631638229322070e-08,-5.2397868416796106e-10
53,3,3,13824,+1.0184308710226544e-08,-2.1344203769388190e-10
53,4,0,13824,+1.7316509007849572e-07,+0.0000000000000000e+00
53,4,1,13824,+2.4055617730309171e-08,-1.7633971724376037e-10
53,4,2,13824,+8.7028528532181384e-09,-6.0740472855305211e-10
53,4,3,13824,+4.7285779644301112e-09,-4.1561663511462703e-10
54,1,0,13824,+1.7738496567159241e-07,+0.0000000000000000e+00
54,1,1,13824,+1.0230067407964391e-07,-7.8833372534308035e-10
54,1,2,13824,+7.4120276005050963e-08,-8.0927370343478279e-10
54,1,3,13824,+5.8217253969626496e-08,-1.1346271537400295e-09
54,2,0,13824,+1.7506541378387386e-07,+0.0000000000000000e+00
54,2,1,13824,+6.0705288827710047e-08,-5.7912080426842878e-10
54,2,2,13824,+3.4947662750938047e-08,-1.1719635315138194e-10
54,2,3,13824,+2.3619717108201062e-08,+3.9216680017795776e-12
54,3,0,13824,+1.7431564102208284e-07,+0.0000000000000000e+00
54,3,1,13824,+3.7569545682593725e-08,+1.5022611964380684e-10
54,3,2,13824,+1.7077142517361693e-08,+1.5203106765012195e-10
54,3,3,13824,+9.6316404606661832e-09,+1.9264278403832069e-10
54,4,0,13824,+1.7432570688936211e-07,+0.0000000000000000e+00
54,4,1,13824,+2.4094725556433105e-08,+1.1485194952397695e-10
54,4,2,13824,+8.9852260068483374e-09,-3.7236409054067070e-10
54,4,3,13824,+4.4399379505551760e-09,-4.2339537456026097e-11
55,1,0,13824,+1.7706345630212505e-07,+0.0000000000000000e+00
55,1,1,13824,+1.0320321169512596e-07,-8.6030289674645940e-10
55,1,2,13824,+7.5657710536483479e-08,-1.4515760729836770e-09
55,1,3,13824,+5.9087452752703940e-08,-1.3377589665876553e-09
55,2,0,13824,+1.7425253026939426e-07,+0.0000000000000000e+00
55,2,1,13824,+6.2547949360869466e-08,-2.2238429791488694e-10
55,2,2,13824,+3.6637751492974688e-08,-6.8916147860479322e-10
55,2,3,13824,+2.5019732974042231e-08,-4.0886493831456972e-10
55,3,0,13824,+1.7380291228995612e-07,+0.0000000000000000e+00
55,3,1,13824,+3.7862411145088658e-08,-2.2000914261231865e-10
55,3,2,13824,+1.7261852963766322e-08,-4.4343149195544624e-10
55,3,3,13824,+1.0260770875139328e-08,-7.9916833101633738e-11
55,4,0,13824,+1.7440620718664823e-07,+0.0000000000000000e+00
55,4,1,13824,+2.3407806275415517e-08,-6.9864783957783251e-10
55,4,2,13824,+8.7258686923948479e-09,-8.4124470446113097e-10
55,4,3,13824,+3.9830853022304544e-09,-1.3232366166424914e-10
56,1,0,13824,+1.7881625262706484e-07,+0.0000000000000000e+00
56,1,1,13824,+1.0317300832041547e-07,-2.6893140143431200e-10
56,1,2,13824,+7.5532889407432297e-08,-1.2520122367496974e-10
56,1,3,13824,+5.9067977136024875e-08,-1.5677545207893682e-10
56,2,0,13824,+1.7410104103286691e-07,+0.0000000000000000e+00
56,2,1,13824,+6.1109860575729953e-08,-1.0044431001832785e-09
56,2,2,13824,+3.5091958282077940e-08,-1.2773387982954780e-09
56,2,3,13824,+2.3316629426160941e-08,-1.3443295064373889e-09
56,3,0,13824,+1.7631282765527129e-07,+0.0000000000000000e+00
56,3,1,13824,+3.8408388713597683e-08,-6.1298840848711243e-10
56,3,2,13824,+1.8420144341760088e-08,-2.4420243793796623e-10
56,3,3,13824,+1.1001396768704215e-08,-9.5794898777418419e-10
56,4,0,13824,+1.7361991427287356e-07,+0.0000000000000000e+00
56,4,1,13824,+2.3020976074439456e-08,-4.8203407752454902e-10
56,4,2,13824,+8.7521107179128874e-09,-8.2084201218633689e-10
56,4,3,13824,+5.0199881371976801e-09,-4.3566852392544482e-10
57,1,0,13824,+1.7713560287221957e-07,+0.0000000000000000e+00
57,1,1,13824,+1.0212828774654979e-07,+6.0720959934614443e-10
57,1,2,13824,+7.4232057997317696e-08,+1.1363503781247343e-09
57,1,3,13824,+5.7426177152963299e-08,+1.1677361035014437e-09
57,2,0,13824,+1.7315251096802762e-07,+0.0000000000000000e+00
57,2,1,13824,+6.1258738233602815e-08,-1.6221659373615345e-10
57,2,2,13824,+3.4760266590051589e-08,+3.2880568608275179e-11
57,2,3,13824,+2.2831223946320872e-08,+1.2015463275036788e-10
57,3,0,13824,+1.7357812436014827e-07,+0.0000000000000000e+00
57,3,1,13824,+3.7862939633770105e-08,-1.6672674229806308e-10
57,3,2,13824,+1.7445752003492191e-08,+6.3068850994572659e-11
57,3,3,13824,+9.7301555000070344e-09,+2.4950821402546456e-10
57,4,0,13824,+1.7510432980921042e-07,+0.0000000000000000e+00
57,4,1,13824,+2.3977473556455087e-08,+2.6623449188523872e-10
57,4,2,13824,+8.8356697462528374e-09,+2.0423750039409525e-10
57,4,3,13824,+4.6926843752675815e-09,+4.6008095626511577e-10
58,1,0,13824,+1.7705525929447739e-07,+0.0000000000000000e+00
58,1,1,13824,+1.0346510066497442e-07,+4.7657489464591151e-10
58,1,2,13824,+7.6993122493025174e-08,+1.0440849048682696e-09
58,1,3,13824,+6.1401011991412752e-08,+1.3624497264694614e-09
58,2,0,13824,+1.7301952832188467e-07,+0.0000000000000000e+00
58,2,1,13824,+6.1106108173934748e-08,+8.2998711223205605e-12
58,2,2,13824,+3.5270571920294472e-08,-3.4273633933321552e-11
58,2,3,13824,+2.4632424364438928e-08,-6.6717892644750479e-11
58,3,0,13824,+1.7312870935706911e-07,+0.0000000000000000e+00
58,3,1,13824,+3.8154718856220207e-08,-1.0687820107852053e-10
58,3,2,13824,+1.7020382720916262e-08,-3.4172989923680304e-10
58,3,3,13824,+1.0619752792636434e-08,+5.5040123513476044e-10
58,4,0,13824,+1.7440082808466659e-07,+0.0000000000000000e+00
58,4,1,13824,+2.3178414238348305e-08,-9.2465784724480182e-10
58,4,2,13824,+8.6896521049337307e-09,-2.9464970494077665e-10
58,4,3,13824,+5.0095002979533941e-09,+7.7275556586984806e-10
59,1,0,13824,+1.7730317259802379e-07,+0.0000000000000000e+00
59,1,1,13824,+1.0298184942136212e-07,+1.6831266955738733e-10
59,1,2,13824,+7.5521218643417730e-08,+2.3456447491040765e-10
59,1,3,13824,+5.9462222275958786e-08,+3.2643194616084719e-10
59,2,0,13824,+1.7647595569632090e-07,+0.0000000000000000e+00
59,2,1,13824,+6.3237575647164638e-08,+4.1526964067411844e-10
59,2,2,13824,+3.7093204007841221e-08,+6.5272499508127155e-10
59,2,3,13824,+2.5710104435116957e-08,+3.2013567820643134e-10
59,3,0,13824,+1.7574501541844753e-07,+0.0000000000000000e+00
59,3,1,13824,+3.8560656102364051e-08,-1.0324304943537086e-10
59,3,2,13824,+1.8491514396127698e-08,-3.9821511133962947e-10
59,3,3,13824,+1.1205048425888775e-08,-2.4161992051007437e-11
59,4,0,13824,+1.7475621014024396e-07,+0.0000000000000000e+00
59,4,1,13824,+2.4303241293120576e-08,+3.0021772723577988e-10
59,4,2,13824,+9.4807119829864894e-09,-3.2787351499476826e-10
59,4,3,13824,+4.3789375916842746e-09,-2.1725357648203428e-10
60,1,0,13824,+1.7704794913873890e-07,+0.0000000000000000e+00
60,1,1,13824,+1.0207723724408416e-07,-9.6634234803312931e-11
60,1,2,13824,+7.4240108499559349e-08,-1.9691932879404779e-10
60,1,3,13824,+5.7638178538772055e-08,-1.6159463932213611e-10
60,2,0,13824,+1.7768993463118007e-07,+0.0000000000000000e+00
60,2,1,13824,+6.3444026750315427e-08,+4.3031744440371885e-10
60,2,2,13824,+3.8007464522063383e-08,+2.4101256070891156e-11
60,2,3,13824,+2.5706594724355630e-08,-4.3546824244013004e-10
60,3,0,13824,+1.7654723588721233e-07,+0.0000000000000000e+00
60,3,1,13824,+3.8764004148837649e-08,-3.2986435376606671e-11
60,3,2,13824,+1.9377998646839522e-08,+1.1568833139523149e-10
60,3,3,13824,+1.2306527240183356e-08,+1.2819047400156660e-10
60,4,0,13824,+1.7669482816054548e-07,+0.0000000000000000e+00
60,4,1,13824,+2.4276064019421340e-08,-1.6175426663385893e-11
60,4,2,13824,+9.3389874430860276e-09,-3.2154248420610014e-10
60,4,3,13824,+5.6978846032107979e-09,-2.1339778200461782e-11
61,1,0,13824,+1.7846529972614854e-07,+0.0000000000000000e+00
61,1,1,13824,+1.0276380570822456e-07,+7.8505790781694698e-10
61,1,2,13824,+7.5025976659615465e-08,+1.5616098096653512e-09
61,1,3,13824,+5.7373990205616366e-08,+1.7444769052016903e-09
61,2,0,13824,+1.7569093435630807e-07,+0.0000000000000000e+00
61,2,1,13824,+6.1976486216311609e-08,+1.5244495795144428e-11
61,2,2,13824,+3.5544399244752554e-08,-8.4897586168209053e-11
61,2,3,13824,+2.3727586666251658e-08,+1.8110030470121111e-10
61,3,0,13824,+1.7568610618880003e-07,+0.0000000000000000e+00
61,3,1,13824,+3.8325312442262339e-08,+9.2865063463366596e-11
61,3,2,13824,+1.8117825776018331e-08,+1.7776647983302535e-10
61,3,3,13824,+1.1411991320424701e-08,-8.9172260557194664e-11
61,4,0,13824,+1.7293469898257648e-07,+0.0000000000000000e+00
61,4,1,13824,+2.3270526141381262e-08,-4.6634017617558786e-10
61,4,2,13824,+9.3733175329030950e-09,-3.9654200149181736e-10
61,4,3,13824,+5.0010109467550902e-09,+1.8484927962845186e-10
62,1,0,13824,+1.7881662964006461e-07,+0.0000000000000000e+00
62,1,1,13824,+1.0377193971240032e-07,-9.5725383328342611e-10
62,1,2,13824,+7.5777557291180241e-08,-1.6344370354861699e-09
62,1,3,13824,+5.9080784622074247e-08,-1.8623358991119758e-09
62,2,0,13824,+1.7526278865294990e-07,+0.0000000000000000e+00
62,2,1,13824,+6.2442573131553784e-08,-1.8483359819217253e-10
62,2,2,13824,+3.6499594287546515e-08,-3.1437567346913743e-10
62,2,3,13824,+2.4358542745401139e-08,-4.9179966411743763e-10
62,3,0,13824,+1.7596201625054179e-07,+0.0000000000000000e+00
62,3,1,13824,+3.8779635134717229e-08,-8.4631246842261516e-11
62,3,2,13824,+1.8179158688079549e-08,+4.5789202739095784e-10
62,3,3,13824,+1.0603162392060912e-08,+1.2567572136523207e-10
62,4,0,13824,+1.7652656296563403e-07,+0.0000000000000000e+00
62,4,1,13824,+2.4326297716625744e-08,-1.2701049358034095e-10
62,4,2,13824,+9.4510228686612306e-09,+3.4308073922433605e-10
62,4,3,13824,+4.9776541741528018e-09,+1.8832004144946678e-10
63,1,0,13824,+1.7697642898617825e-07,+0.0000000000000000e+00
63,1,1,13824,+1.0244856377742077e-07,-4.9502560982405494e-10
63,1,2,13824,+7.5711143127680474e-08,-6.5241553156297684e-10
63,1,3,13824,+5.9788498012897809e-08,-8.3617668658521453e-10
63,2,0,13824,+1.7376882541428990e-07,+0.0000000000000000e+00
63,2,1,13824,+6.2037919491947789e-08,-1.1425348875349556e-10
63,2,2,13824,+3.6093675548300247e-08,+1.7908903208710412e-10
63,2,3,13824,+2.4117061025810119e-08,+8.6388483453935222e-11
63,3,0,13824,+1.7304979713834860e-07,+0.0000000000000000e+00
63,3,1,13824,+3.8088730984879305e-08,-3.3358411151046825e-10
63,3,2,13824,+1.7300255848115546e-08,+2.5105959626846355e-10
63,3,3,13824,+9.9610255857852144e-09,+2.6557269844024324e-11
63,4,0,13824,+1.7523638524135176e-07,+0.0000000000000000e+00
63,4,1,13824,+2.3674057018989019e-08,-1.6649234639538376e-10
63,4,2,13824,+8.4885240750072006e-09,+6.7856657228398742e-10
63,4,3,13824,+4.3772089841584769e-09,-1.9884297634891618e-11
64,1,0,13824,+1.7703615678162767e-07,+0.0000000000000000e+00
64,1,1,13824,+1.0262154355900859e-07,+7.0880388085579102e-10
64,1,2,13824,+7.5037436520214978e-08,+1.0767470946769072e-09
64,1,3,13824,+5.8306411035926725e-08,+1.1436164516424857e-09
64,2,0,13824,+1.7598817008813913e-07,+0.0000000000000000e+00
64,2,1,13824,+6.1690562363354919e-08,+3.3420073925114334e-10
64,2,2,13824,+3.5765525472633309e-08,+5.2872814509113400e-10
64,2,3,13824,+2.4891409119561327e-08,+5.5121606460981946e-10
64,3,0,13824,+1.7483794446518984e-07,+0.0000000000000000e+00
64,3,1,13824,+3.7585444192035073e-08,+6.8301264489102001e-11
64,3,2,13824,+1.7206659066127687e-08,+3.4036145578886713e-10
64,3,3,13824,+1.0882316628707862e-08,+4.5414418127982047e-10
64,4,0,13824,+1.7449115863233507e-07,+0.0000000000000000e+00
64,4,1,13824,+2.3386051523421348e-08,-5.8179984073092079e-10
64,4,2,13824,+8.7603873508241818e-09,+1.2306922488739676e-10
64,4,3,13824,+4.9533712683105815e-09,-5.6428860564540939e-11
65,1,0,13824,+1.7653940274473862e-07,+0.0000000000000000e+00
65,1,1,13824,+1.0278017983083302e-07,+6.5772656631545805e-10
65,1,2,13824,+7.5699961799009568e-08,+1.2830620305007829e-09
65,1,3,13824,+5.9525714648828681e-08,+1.6222078274155732e-09
65,2,0,13824,+1.7471322147042240e-07,+0.0000000000000000e+00
65,2,1,13824,+6.2065753531163865e-08,-1.4279315521238839e-10
65,2,2,13824,+3.5604820796585401e-08,+3.2752688889682668e-11
65,2,3,13824,+2.4093788045680383e-08,-1.3669109787124613e-10
65,3,0,13824,+1.7424469252318740e-07,+0.0000000000000000e+00
65,3,1,13824,+3.7948290250805036e-08,-1.4398300272812810e-11
65,3,2,13824,+1.7682227570225477e-08,+2.6536543235464726e-10
65,3,3,13824,+1.0325461570691925e-08,+9.0497678581019845e-10
65,4,0,13824,+1.7415351771938390e-07,+0.0000000000000000e+00
65,4,1,13824,+2.3525027798310126e-08,-2.3344924546708146e-11
65,4,2,13824,+9.0473688340292393e-09,+3.9926876675017215e-10
65,4,3,13824,+4.9105805810640884e-09,+3.6854826927660737e-10
66,1,0,13824,+1.7634966925535174e-07,+0.0000000000000000e+00
66,1,1,13824,+1.0221896799243617e-07,-1.0569699348721978e-09
66,1,2,13824,+7.4417054536202357e-08,-1.7280664428296195e-09
66,1,3,13824,+5.7108167293977628e-08,-2.1589677902297282e-09
66,2,0,13824,+1.7235254661455361e-07,+0.0000000000000000e+00
66,2,1,13824,+6.1284582108061421e-08,-2.6431406606291417e-10
66,2,2,13824,+3.5277039509668335e-08,-4.9806910613851326e-10
66,2,3,13824,+2.3133719702429336e-08,-5.7210259726127233e-10
66,3,0,13824,+1.7342295980363645e-07,+0.0000000000000000e+00
66,3,1,13824,+3.7817615118779789e-08,-2.0109494981167157e-11
66,3,2,13824,+1.7495915055874964e-08,-7.3326468462110888e-10
66,3,3,13824,+1.0074814875153455e-08,-5.3390861202390735e-10
66,4,0,13824,+1.7437126999605623e-07,+0.0000000000000000e+00
66,4,1,13824,+2.3569698349417060e-08,+7.9551357763654647e-10
66,4,2,13824,+8.8050973436584452e-09,-1.9531463218194179e-10
66,4,3,13824,+4.2305909855895123e-09,+5.9702229133424516e-11
67,1,0,13824,+1.7585828009410361e-07,+0.0000000000000000e+00
67,1,1,13824,+1.0129930361257740e-07,+4.6036624518244110e-10
67,1,2,13824,+7.3439324498037742e-08,+3.5897211933609418e-10
67,1,3,13824,+5.7194155624714832e-08,+4.1108913994461232e-10
67,2,0,13824,+1.7589418372354785e-07,+0.0000000000000000e+00
67,2,1,13824,+6.1741196966584970e-08,+6.8832603281255748e-11
67,2,2,13824,+3.5144836824708139e-08,+3.3597624542071666e-10
67,2,3,13824,+2.4259555039026948e-08,+6.3382237275416661e-10
67,3,0,13824,+1.7541316217201835e-07,+0.0000000000000000e+00
67,3,1,13824,+3.8180200183026594e-08,-6.9695230563683424e-10
67,3,2,13824,+1.7547862534138512e-08,-6.8623943048497728e-10
67,3,3,13824,+1.1248442010964894e-08,-1.3405387134209990e-09
67,4,0,13824,+1.7551437720752798e-07,+0.0000000000000000e+00
67,4,1,13824,+2.3760584596347038e-08,-1.6748388326606197e-10
67,4,2,13824,+9.5386063074775643e-09,-8.5772278335495222e-10
67,4,3,13824,+4.8450401842817032e-09,-8.2327396782352619e-10
68,1,0,13824,+1.7732623104231777e-07,+0.0000000000000000e+00
68,1,1,13824,+1.0203092454121177e-07,-3.3497382768292983e-10
68,1,2,13824,+7.4175459041068205e-08,-1.2894623567846391e-09
68,1,3,13824,+5.7939807370686595e-08,-1.7059695994899525e-09
68,2,0,13824,+1.7479850299174630e-07,+0.0000000000000000e+00
68,2,1,13824,+6.1660230705067815e-08,-2.6893192384972555e-10
68,2,2,13824,+3.5039442723415267e-08,-3.4938544629256752e-10
68,2,3,13824,+2.3536590074147725e-08,-5.9432322886768392e-10
68,3,0,13824,+1.7270418275044446e-07,+0.0000000000000000e+00
68,3,1,13824,+3.7929534744239537e-08,+2.3346481298095359e-10
68,3,2,13824,+1.7428417445679855e-08,-1.9602669429354991e-11
68,3,3,13824,+1.0350585669736045e-08,-3.1868046397440356e-10
68,4,0,13824,+1.7426023159053267e-07,+0.0000000000000000e+00
68,4,1,13824,+2.3793360854541625e-08,+2.8461027836141494e-10
68,4,2,13824,+8.6765553030822332e-09,-1.5081315234476299e-13
68,4,3,13824,+4.5415904492328656e-09,-9.1059700332299921e-12
69,1,0,13824,+1.7742795762819767e-07,+0.0000000000000000e+00
69,1,1,13824,+1.0183134602378231e-07,-9.6111893654874866e-10
69,1,2,13824,+7.3668074401336571e-08,-1.4622947440975878e-09
69,1,3,13824,+5.6726314851952841e-08,-1.3076725279589835e-09
69,2,0,13824,+1.7590065566912350e-07,+0.0000000000000000e+00
69,2,1,13824,+6.1680234194193244e-08,-2.0848053312085326e-10
69,2,2,13824,+3.5516313849860365e-08,-2.6422234567306528e-10
69,2,3,13824,+2.3883833199946462e-08,+6.7576091425322842e-11
69,3,0,13824,+1.7398234016530326e-07,+0.0000000000000000e+00
69,3,1,13824,+3.7626324659447052e-08,+1.8672958364732919e-11
69,3,2,13824,+1.7552222904621541e-08,-7.9272393589841439e-10
69,3,3,13824,+1.0265510342633486e-08,-8.0501697411943826e-10
69,4,0,13824,+1.7295172495548761e-07,+0.0000000000000000e+00
69,4,1,13824,+2.3095082460929911e-08,-5.7202766750528507e-11
69,4,2,13824,+8.8423870309475845e-09,-3.0944245990812982e-10
69,4,3,13824,+4.4035043154942179e-09,-1.9671796494239778e-10
70,1,0,13824,+1.7506248113882728e-07,+0.0000000000000000e+00
70,1,1,13824,+1.0138213027173038e-07,-4.1114823755412231e-11
70,1,2,13824,+7.4434005227097668e-08,+3.9231077354916750e-10
70,1,3,13824,+5.8387076114228967e-08,+2.0486657165683510e-10
70,2,0,13824,+1.7806390615392677e-07,+0.0000000000000000e+00
70,2,1,13824,+6.3223841675379977e-08,-9.1055745050901515e-11
70,2,2,13824,+3.7102211721482575e-08,+4.1644927076386997e-10
70,2,3,13824,+2.4866023136992955e-08,-3.5035716666854851e-10
70,3,0,13824,+1.7742944374451034e-07,+0.0000000000000000e+00
70,3,1,13824,+3.8798263473293929e-08,-4.5238978708290024e-10
70,3,2,13824,+1.8329852347453549e-08,-3.1077371971923523e-10
70,3,3,13824,+1.0363505422444466e-08,-7.9504915639288976e-10
70,4,0,13824,+1.7300401946292124e-07,+0.0000000000000000e+00
70,4,1,13824,+2.3311452717874903e-08,-1.1491339518802091e-11
70,4,2,13824,+9.1937173620602068e-09,+4.4393219492069255e-10
70,4,3,13824,+4.1488815651382422e-09,+1.6890200560990633e-11
71,1,0,13824,+1.7634040212452396e-07,+0.0000000000000000e+00
71,1,1,13824,+1.0187676069196084e-07,-2.7551518899135576e-11
71,1,2,13824,+7.4199283016678141e-08,+3.0456397731297331e-11
71,1,3,13824,+5.7572453634524944e-08,+5.6206721887372869e-10
71,2,0,13824,+1.7517611169839496e-07,+0.0000000000000000e+00
71,2,1,13824,+6.1989490355646150e-08,+8.6559026549629082e-13
71,2,2,13824,+3.5618753126446792e-08,-1.6508883286995326e-10
71,2,3,13824,+2.2986675802646781e-08,+1.4853709868331574e-10
71,3,0,13824,+1.7436584242013840e-07,+0.0000000000000000e+00
71,3,1,13824,+3.8141584374918995e-08,-6.0036540739024495e-10
71,3,2,13824,+1.7230454494561807e-08,-5.2387284310424187e-11
71,3,3,13824,+9.8737413956915999e-09,-3.3499982019744760e-10
71,4,0,13824,+1.7361277462664192e-07,+0.0000000000000000e+00
71,4,1,13824,+2.2586385813234336e-08,-1.5178792386426697e-10
71,4,2,13824,+8.0732626399679576e-09,+4.1696628962563271e-10
71,4,3,13824,+3.9804193096320786e-09,+7.5311412994742760e-10
72,1,0,13824,+1.7792708788688585e-07,+0.0000000000000000e+00
72,1,1,13824,+1.0230866524802023e-07,+8.8553211653793282e-10
72,1,2,13824,+7.4509716888587615e-08,+1.0537551334616914e-09
72,1,3,13824,+5.7937446147048693e-08,+1.4801122160989800e-09
72,2,0,13824,+1.7685542577918043e-07,+0.0000000000000000e+00
72,2,1,13824,+6.2485420829914737e-08,+5.8356115687952307e-10
72,2,2,13824,+3.6302027848390167e-08,+6.3191173502415628e-10
72,2,3,13824,+2.5638469883480644e-08,+3.3304308434137053e-10
72,3,0,13824,+1.7675541864592393e-07,+0.0000000000000000e+00
72,3,1,13824,+3.8723563087846534e-08,+2.9873107762270982e-10
72,3,2,13824,+1.7881553376004249e-08,-2.5614439603746486e-10
72,3,3,13824,+1.0747059233570119e-08,-2.2779763640799664e-10
72,4,0,13824,+1.7505649031034301e-07,+0.0000000000000000e+00
72,4,1,13824,+2.4261359208002767e-08,+1.5606595298471243e-10
72,4,2,13824,+8.5991073917610934e-09,-2.1208686518362966e-10
72,4,3,13824,+4.4431495964777766e-09,+3.8261786256134140e-11
73,1,0,13824,+1.7685037358355671e-07,+0.0000000000000000e+00
73,1,1,13824,+1.0241463310130403e-07,+1.0869261746577542e-10
73,1,2,13824,+7.4674801833714087e-08,+4.9875775692841937e-10
73,1,3,13824,+5.8333218290396630e-08,+3.7216544982637403e-10
73,2,0,13824,+1.7617651059834243e-07,+0.0000000000000000e+00
73,2,1,13824,+6.3667143674283873e-08,-6.1327524304503513e-10
73,2,2,13824,+3.7812578347156374e-08,-9.4814011149509253e-11
73,2,3,13824,+2.6386046215351784e-08,-9.2598108700104476e-11
73,3,0,13824,+1.7379176303262632e-07,+0.0000000000000000e+00
73,3,1,13824,+3.8795780107040104e-08,-3.3872470083118923e-10
73,3,2,13824,+1.7918462245544505e-08,-9.7849774596272303e-12
73,3,3,13824,+1.0922129479637818e-08,+1.7313031246051409e-10
73,4,0,13824,+1.7339650061895385e-07,+0.0000000000000000e+00
73,4,1,13824,+2.3500926685697949e-08,+1.9115362405042674e-10
73,4,2,13824,+7.7604170719771494e-09,-2.3515060335192893e-10
73,4,3,13824,+3.8922497512184466e-09,+4.6079255810891405e-10
74,1,0,13824,+1.7621040634991929e-07,+0.0000000000000000e+00
74,1,1,13824,+1.0182374810144990e-07,-5.6830329035295907e-10
74,1,2,13824,+7.4970901677593669e-08,-7.1991100916883662e-10
74,1,3,13824,+5.9538863930902537e-08,-1.0753415486584795e-09
74,2,0,13824,+1.7573664133799931e-07,+0.0000000000000000e+00
74,2,1,13824,+6.3191051581867787e-08,+3.1331445961679089e-10
74,2,2,13824,+3.6435952364014905e-08,+3.7150468383262057e-10
74,2,3,13824,+2.4520310928427751e-08,+2.3702557206747179e-10
74,3,0,13824,+1.7281018333450122e-07,+0.0000000000000000e+00
74,3,1,13824,+3.8466816552956611e-08,+4.5358263127201889e-10
74,3,2,13824,+1.7373023057708256e-08,-9.8595966392030424e-11
74,3,3,13824,+9.7318416857927345e-09,-2.2303948442107138e-10
74,4,0,13824,+1.7571571752604898e-07,+0.0000000000000000e+00
74,4,1,13824,+2.4497950779326916e-08,-6.2845248138009307e-10
74,4,2,13824,+8.9547200810973860e-09,-7.8738286216568700e-10
74,4,3,13824,+5.1359883561945538e-09,-2.5389080936632917e-10
75,1,0,13824,+1.7768455031609713e-07,+0.0000000000000000e+00
75,1,1,13824,+1.0382668662634076e-07,+1.1259573747118909e-11
75,1,2,13824,+7.6115537718834768e-08,-1.1756750951632869e-10
75,1,3,13824,+6.0425337390653983e-08,-2.5007866276025022e-10
75,2,0,13824,+1.7579209523472248e-07,+0.0000000000000000e+00
75,2,1,13824,+6.2808591596609048e-08,-2.1950294992195409e-10
75,2,2,13824,+3.6717334131363565e-08,-2.2007554002727216e-10
75,2,3,13824,+2.4874502064841947e-08,-3.2734178721315184e-10
75,3,0,13824,+1.7402683102437959e-07,+0.0000000000000000e+00
75,3,1,13824,+3.8643983373529840e-08,+8.9793207987164572e-11
75,3,2,13824,+1.7608170873215314e-08,-3.4115074889458167e-10
75,3,3,13824,+9.8281953342557344e-09,+4.9830265425908354e-10
75,4,0,13824,+1.7567604933670805e-07,+0.0000000000000000e+00
75,4,1,13824,+2.3992373199990375e-08,-4.0946626956675031e-10
75,4,2,13824,+9.7225213870533993e-09,-7.3366159302001272e-10
75,4,3,13824,+4.4944755084306411e-09,-1.2051540268349483e-10
76,1,0,13824,+1.7512541444540936e-07,+0.0000000000000000e+00
76,1,1,13824,+1.0164694021747803e-07,+2.7653541161535049e-10
76,1,2,13824,+7.4719016588088981e-08,+2.0503532989445992e-10
76,1,3,13824,+5.8203056978551720e-08,+3.7685486112690065e-10
76,2,0,13824,+1.7529554922044741e-07,+0.0000000000000000e+00
76,2,1,13824,+6.2336994311701086e-08,-6.2183487991006449e-11
76,2,2,13824,+3.6991359943023706e-08,+3.5141671262188170e-10
76,2,3,13824,+2.5237760516563123e-08,-1.8115685506064350e-12
76,3,0,13824,+1.7627620106597809e-07,+0.0000000000000000e+00
76,3,1,13824,+3.8701631810323482e-08,-5.3940221231932204e-10
76,3,2,13824,+1.8015924026996677e-08,+3.5923905643817677e-10
76,3,3,13824,+1.0549216667731001e-08,+2.2428083644397978e-10
76,4,0,13824,+1.7621672550967376e-07,+0.0000000000000000e+00
76,4,1,13824,+2.3860411517513048e-08,-4.6800570893328074e-10
76,4,2,13824,+9.0237979055155811e-09,-8.7312259894951273e-11
76,4,3,13824,+4.3507700825898456e-09,-3.3176978988763788e-10
77,1,0,13824,+1.7688340899941304e-07,+0.0000000000000000e+00
77,1,1,13824,+1.0306330582943771e-07,-2.5471988736236334e-10
77,1,2,13824,+7.6480846747285029e-08,-9.2325600074585040e-10
77,1,3,13824,+6.1377751579583173e-08,-1.4264969599322393e-09
77,2,0,13824,+1.7489051126493073e-07,+0.0000000000000000e+00
77,2,1,13824,+6.2303710355975728e-08,+1.5793122470504840e-11
77,2,2,13824,+3.6877236164270508e-08,+3.0395161637214693e-10
77,2,3,13824,+2.6091144647381211e-08,+3.7888530868801872e-10
77,3,0,13824,+1.7631641291388673e-07,+0.0000000000000000e+00
77,3,1,13824,+3.8919385254937607e-08,+4.7647416926993369e-11
77,3,2,13824,+1.9519686726761159e-08,-7.2683053877642029e-11
77,3,3,13824,+1.2018479801050635e-08,-3.2039869999401881e-10
77,4,0,13824,+1.7481283824445107e-07,+0.0000000000000000e+00
77,4,1,13824,+2.3903716802861677e-08,+9.1618020814239601e-11
77,4,2,13824,+9.3095289909890194e-09,-8.5290357830702815e-11
77,4,3,13824,+4.9427736122905868e-09,+3.8574203819602909e-10
78,1,0,13824,+1.7859774797366520e-07,+0.0000000000000000e+00
78,1,1,13824,+1.0387207413746651e-07,-5.9795389063817201e-11
78,1,2,13824,+7.7012627770453426e-08,-1.9417794557242552e-10
78,1,3,13824,+6.1310808227733097e-08,+4.8085379705925071e-12
78,2,0,13824,+1.7619032580007818e-07,+0.0000000000000000e+00
78,2,1,13824,+6.3636104636215613e-08,+4.9737895028915201e-10
78,2,2,13824,+3.7139029795551190e-08,+1.1814898122235028e-10
78,2,3,13824,+2.6057063892742984e-08,+5.9017894350569825e-11
78,3,0,13824,+1.7370688001900096e-07,+0.0000000000000000e+00
78,3,1,13824,+3.8880574018258489e-08,+4.7762146241869559e-10
78,3,2,13824,+1.8047526228403031e-08,-6.0476350973298068e-11
78,3,3,13824,+1.0490806141636029e-08,-1.2159440926131449e-10
78,4,0,13824,+1.7360676195634703e-07,+0.0000000000000000e+00
78,4,1,13824,+2.3790769246017983e-08,-2.7133477706610677e-10
78,4,2,13824,+8.9512570286060606e-09,-4.3069352330580819e-10
78,4,3,13824,+4.7650542916469944e-09,-2.6613012385322371e-10
79,1,0,13824,+1.7581777484786891e-07,+0.0000000000000000e+00
79,1,1,13824,+1.0217381923387193e-07,+4.3798361970390524e-10
79,1,2,13824,+7.5436009840326135e-08,+4.3211398487405791e-10
79,1,3,13824,+5.9522883578558233e-08,+4.1951324774730671e-10
79,2,0,13824,+1.7524051150579641e-07,+0.0000000000000000e+00
79,2,1,13824,+6.2694912538297741e-08,-2.6408839519946918e-10
79,2,2,13824,+3.6688544488577291e-08,-7.7222121921690067e-10
79,2,3,13824,+2.5686031422721364e-08,-1.2400384290604897e-09
79,3,0,13824,+1.7583230855435394e-07,+0.0000000000000000e+00
79,3,1,13824,+3.8345253304029150e-08,+3.2907040727159791e-11
79,3,2,13824,+1.7903499559644619e-08,-2.0167498935065946e-10
79,3,3,13824,+1.1055665297411736e-08,-2.4927022124894192e-10
79,4,0,13824,+1.7297906048402439e-07,+0.0000000000000000e+00
79,4,1,13824,+2.2974386773341397e-08,+8.1370550407588758e-10
79,4,2,13824,+9.1594081303438739e-09,+4.6951632724134970e-10
79,4,3,13824,+4.9596264634488106e-09,+4.5152682244925935e-11
80,1,0,13824,+1.7714437754421293e-07,+0.0000000000000000e+00
80,1,1,13824,+1.0256278474413212e-07,+2.7872937053468367e-10
80,1,2,13824,+7.4543335488517734e-08,+5.6637672979123143e-11
80,1,3,13824,+5.7785545645105258e-08,+1.3780562367919177e-10
80,2,0,13824,+1.7573601913422965e-07,+0.0000000000000000e+00
80,2,1,13824,+6.1889703012800853e-08,-4.4676546896431699e-11
80,2,2,13824,+3.6418240751005688e-08,+1.2477093189534681e-10
80,2,3,13824,+2.4546791841059751e-08,-1.8299378368658855e-10
80,3,0,13824,+1.7354664478507910e-07,+0.0000000000000000e+00
80,3,1,13824,+3.7462342586997417e-08,+2.4890677761791877e-10
80,3,2,13824,+1.7322916512375582e-08,+5.2560700619397990e-10
80,3,3,13824,+9.4945528237867015e-09,+2.5118285675899637e-10
80,4,0,13824,+1.7476470992994013e-07,+0.0000000000000000e+00
80,4,1,13824,+2.3400868307754529e-08,+3.2229097744699245e-10
80,4,2,13824,+8.7425734750227162e-09,+5.7471775800474453e-11
80,4,3,13824,+4.6687473569635985e-09,+4.5085397001029344e-10
81,1,0,13824,+1.7722048981532876e-07,+0.0000000000000000e+00
81,1,1,13824,+1.0333365959636502e-07,+3.1479891168355175e-10
81,1,2,13824,+7.5807929965918554e-08,+3.3840079179510005e-10
81,1,3,13824,+5.9509647571503537e-08,+7.6583915310456606e-10
81,2,0,13824,+1.7521583809757290e-07,+0.0000000000000000e+00
81,2,1,13824,+6.3060488891283636e-08,+4.7007734027279676e-10
81,2,2,13824,+3.6809599708849294e-08,+4.0296620299939612e-11
81,2,3,13824,+2.4747194478542830e-08,+1.2817218846009229e-10
81,3,0,13824,+1.7551754659924843e-07,+0.0000000000000000e+00
81,3,1,13824,+3.8432868808139128e-08,-1.6799511622243149e-10
81,3,2,13824,+1.8283302409167000e-08,+2.1865356748827578e-10
81,3,3,13824,+1.0742629324093778e-08,+6.9780926631285477e-10
81,4,0,13824,+1.7526622966874224e-07,+0.0000000000000000e+00
81,4,1,13824,+2.4327277893740897e-08,+3.2628575885754265e-10
81,4,2,13824,+8.9870507512842841e-09,+7.4141219385139115e-10
81,4,3,13824,+4.1015923175906103e-09,-1.1278349324795371e-10
82,1,0,13824,+1.7523677364604039e-07,+0.0000000000000000e+00
82,1,1,13824,+1.0098753397524808e-07,-2.2008786977499293e-11
82,1,2,13824,+7.3828504496816713e-08,+4.0525127997476627e-10
82,1,3,13824,+5.7162576496576167e-08,+8.7289108445583690e-10
82,2,0,13824,+1.7641443941883896e-07,+0.0000000000000000e+00
82,2,1,13824,+6.2207181508205995e-08,-9.2503287520765847e-12
82,2,2,13824,+3.6277480678837882e-08,-1.2233860042487236e-10
82,2,3,13824,+2.4446587594245700e-08,+6.3632596416627504e-12
82,3,0,13824,+1.7474844396474087e-07,+0.0000000000000000e+00
82,3,1,13824,+3.7912289166463062e-08,+2.1002405764245197e-10
82,3,2,13824,+1.7062302525999100e-08,-3.6606459586985690e-10
82,3,3,13824,+9.9527059719609599e-09,-3.8005355612119417e-10
82,4,0,13824,+1.7437824555903906e-07,+0.0000000000000000e+00
82,4,1,13824,+2.3437513464933514e-08,+2.4965552280266249e-10
82,4,2,13824,+8.7771740933547939e-09,-6.2228263681200841e-10
82,4,3,13824,+4.8622397905138293e-09,-2.1583848298179392e-10
83,1,0,13824,+1.7630702263202943e-07,+0.0000000000000000e+00
83,1,1,13824,+1.0213328165011775e-07,+1.3659853052897018e-10
83,1,2,13824,+7.6004532844511483e-08,+3.0974229528968061e-10
83,1,3,13824,+6.0415052587513665e-08,+4.8571964575319895e-10
83,2,0,13824,+1.7575252778750800e-07,+0.0000000000000000e+00
83,2,1,13824,+6.2723806460088124e-08,-5.2378484098993830e-10
83,2,2,13824,+3.6847816934591624e-08,-7.9395895720800770e-10
83,2,3,13824,+2.5800086813057831e-08,-7.4015656458292226e-10
83,3,0,13824,+1.7441042961999872e-07,+0.0000000000000000e+00
83,3,1,13824,+3.8094931678205933e-08,-3.1936492330901183e-11
83,3,2,13824,+1.8021635262712771e-08,-3.6330732427810540e-10
83,3,3,13824,+1.1558995942674810e-08,+2.0968571840087256e-10
83,4,0,13824,+1.7479780909241809e-07,+0.0000000000000000e+00
83,4,1,13824,+2.4478536789325888e-08,+3.8570509218510476e-10
83,4,2,13824,+9.8696832683542734e-09,+3.4249169351148164e-10
83,4,3,13824,+5.6974920666671494e-09,+1.9788049776743061e-10
84,1,0,13824,+1.7699170617698366e-07,+0.0000000000000000e+00
84,1,1,13824,+1.0270686696342751e-07,+6.4733988061620568e-11
84,1,2,13824,+7.5140917582823877e-08,+1.6026309627236375e-10
84,1,3,13824,+5.9714750415581120e-08,+2.3285133382439528e-10
84,2,0,13824,+1.7894378285658896e-07,+0.0000000000000000e+00
84,2,1,13824,+6.4203481523682851e-08,+5.3446245360897959e-10
84,2,2,13824,+3.7641258046883957e-08,+6.1096663195228417e-10
84,2,3,13824,+2.6283294137517466e-08,-8.3805354063823834e-11
84,3,0,13824,+1.7648817420075063e-07,+0.0000000000000000e+00
84,3,1,13824,+3.9787049474478049e-08,+2.5754251366887708e-10
84,3,2,13824,+1.8622387182352876e-08,-2.5289490321316634e-10
84,3,3,13824,+1.1954433807768841e-08,-1.5466442889557269e-10
84,4,0,13824,+1.7433036106571693e-07,+0.0000000000000000e+00
84,4,1,13824,+2.3966407511100142e-08,+2.1030675286253962e-10
84,4,2,13824,+8.7139836168593364e-09,-9.8025648914078112e-11
84,4,3,13824,+5.1769537828687263e-09,-2.0431224341787572e-10
85,1,0,13824,+1.7699435239702090e-07,+0.0000000000000000e+00
85,1,1,13824,+1.0310923519955230e-07,+1.0172706597752299e-10
85,1,2,13824,+7.5859774970170302e-08,+6.3049776362722219e-11
85,1,3,13824,+5.9112341305232710e-08,+4.9842144744481414e-10
85,2,0,13824,+1.7588980375551950e-07,+0.0000000000000000e+00
85,2,1,13824,+6.3334043293147899e-08,+8.2999649954245114e-11
85,2,2,13824,+3.7231227923745678e-08,+1.9728527064284853e-10
85,2,3,13824,+2.5432974633812065e-08,+2.3177739224517568e-10
85,3,0,13824,+1.7645510946958172e-07,+0.0000000000000000e+00
85,3,1,13824,+3.8466969177555506e-08,-6.9402334004050669e-11
85,3,2,13824,+1.7955255736467926e-08,-7.4947192604336002e-11
85,3,3,13824,+1.0583502306159954e-08,+1.5142765749209706e-10
85,4,0,13824,+1.7445872797690380e-07,+0.0000000000000000e+00
85,4,1,13824,+2.3318730370484831e-08,+2.1200202513122030e-10
85,4,2,13824,+8.3769106433640676e-09,-6.5016528686131569e-11
85,4,3,13824,+4.1325477428722255e-09,-1.3553986420750569e-11
86,1,0,13824,+1.7710023780257314e-07,+0.0000000000000000e+00
86,1,1,13824,+1.0287495838128587e-07,-3.4804062014527679e-10
86,1,2,13824,+7.5093453920905111e-08,-7.0879034620481377e-10
86,1,3,13824,+5.8108241254700068e-08,-1.3556601209857414e-09
86,2,0,13824,+1.7582522536319830e-07,+0.0000000000000000e+00
86,2,1,13824,+6.2724262827052456e-08,-1.1713040443315520e-09
86,2,2,13824,+3.6229157099550307e-08,-9.7935497300025144e-10
86,2,3,13824,+2.4281396319127476e-08,-2.3527560444958600e-09
86,3,0,13824,+1.7491890058469365e-07,+0.0000000000000000e+00
86,3,1,13824,+3.7367840203717647e-08,+4.4985492487341849e-10
86,3,2,13824,+1.7718938967659311e-08,+4.4214875112458930e-10
86,3,3,13824,+9.7913606151438446e-09,-8.2307412012612579e-10
86,4,0,13824,+1.7387755201124572e-07,+0.0000000000000000e+00
86,4,1,13824,+2.3704429588772340e-08,+4.0486422297045461e-10
86,4,2,13824,+9.1638505289037988e-09,-1.3820063675190651e-10
86,4,3,13824,+4.3624552533690686e-09,-1.1713739925980947e-10
87,1,0,13824,+1.7649030947259689e-07,+0.0000000000000000e+00
87,1,1,13824,+1.0209479267658013e-07,-1.6621136333101295e-10
87,1,2,13824,+7.4787749313874554e-08,-6.2425708513118993e-10
87,1,3,13824,+5.7917337065722742e-08,-7.0316570275215443e-10
87,2,0,13824,+1.7421667105456724e-07,+0.0000000000000000e+00
87,2,1,13824,+6.2213741063289326e-08,-9.6493357531574955e-11
87,2,2,13824,+3.5899555916240381e-08,-2.0746167579445300e-10
87,2,3,13824,+2.3429493068376297e-08,-8.9956409149987394e-11
87,3,0,13824,+1.7438160841120060e-07,+0.0000000000000000e+00
87,3,1,13824,+3.9012469800998162e-08,-8.4301076702280938e-11
87,3,2,13824,+1.7994076120800921e-08,+3.4154579380605030e-10
87,3,3,13824,+9.9553568271066128e-09,-1.1234240112885385e-10
87,4,0,13824,+1.7274726337309099e-07,+0.0000000000000000e+00
87,4,1,13824,+2.2980918543775911e-08,-3.8314484080866170e-11
87,4,2,13824,+8.3923087800139242e-09,+1.9346390036868296e-11
87,4,3,13824,+4.9193485841552035e-09,-8.2281949102323086e-10
88,1,0,13824,+1.7672403325223771e-07,+0.0000000000000000e+00
88,1,1,13824,+1.0262776896443002e-07,-9.0941576307028622e-12
88,1,2,13824,+7.5684184793938219e-08,+1.4801956278481091e-10
88,1,3,13824,+5.9557245245333303e-08,+2.4988463377036049e-10
88,2,0,13824,+1.7534013860134080e-07,+0.0000000000000000e+00
88,2,1,13824,+6.2262596401133426e-08,-4.2702342637506865e-10
88,2,2,13824,+3.5787015874306253e-08,-3.7323758971605228e-10
88,2,3,13824,+2.4565065233005568e-08,-2.9926305715473397e-10
88,3,0,13824,+1.7368945991712126e-07,+0.0000000000000000e+00
88,3,1,13824,+3.7674389044478182e-08,-4.5550875689372311e-11
88,3,2,13824,+1.7677226430961601e-08,-1.3927128681154238e-10
88,3,3,13824,+1.0658324668770303e-08,+5.9513191307375569e-11
88,4,0,13824,+1.7459918739749282e-07,+0.0000000000000000e+00
88,4,1,13824,+2.2972640793693153e-08,+1.2782731210572096e-10
88,4,2,13824,+8.4839168323408115e-09,-1.4464113193782632e-10
88,4,3,13824,+4.5356003125913648e-09,-1.5388220546798740e-10
89,1,0,13824,+1.7663786746871433e-07,+0.0000000000000000e+00
89,1,1,13824,+1.0268155465282337e-07,+6.0404389316041059e-10
89,1,2,13824,+7.5487696843445329e-08,+8.1970488175887777e-10
89,1,3,13824,+5.9642992357579972e-08,+5.3441379136255294e-10
89,2,0,13824,+1.7568942758178246e-07,+0.0000000000000000e+00
89,2,1,13824,+6.2687230215656492e-08,-1.4490641187478289e-10
89,2,2,13824,+3.7029012683150274e-08,-2.0771983413977194e-10
89,2,3,13824,+2.5292303135020142e-08,-2.3485099498911436e-10
89,3,0,13824,+1.7571081681244904e-07,+0.0000000000000000e+00
89,3,1,13824,+3.8521247830825264e-08,-2.4115395681880713e-11
89,3,2,13824,+1.7819872581627458e-08,+1.3669869253581534e-10
89,3,3,13824,+9.6031170135300172e-09,+4.7555436178416805e-10
89,4,0,13824,+1.7467821607560467e-07,+0.0000000000000000e+00
89,4,1,13824,+2.4111056710409849e-08,+8.0119950767036233e-11
89,4,2,13824,+9.9391594478754719e-09,+2.6900648711020453e-10
89,4,3,13824,+4.9489819372134473e-09,+9.8465703769061124e-11
90,1,0,13824,+1.7623487446919202e-07,+0.0000000000000000e+00
90,1,1,13824,+1.0261061402243334e-07,+5.2429715829082514e-10
90,1,2,13824,+7.4678937937406055e-08,+1.1318373456462083e-09
90,1,3,13824,+5.7822989306788968e-08,+1.7320085284860812e-09
90,2,0,13824,+1.7505753473181964e-07,+0.0000000000000000e+00
90,2,1,13824,+6.2920062209621567e-08,+7.1111923808248269e-10
90,2,2,13824,+3.6422315589693609e-08,+3.2283907729082962e-10
90,2,3,13824,+2.5073314661381424e-08,+6.0740913395893452e-10
90,3,0,13824,+1.7605947934748517e-07,+0.0000000000000000e+00
90,3,1,13824,+3.9367268494034439e-08,+4.6899446646509857e-10
90,3,2,13824,+1.8481280320755189e-08,+5.4330335562769291e-10
90,3,3,13824,+1.0433532717728640e-08,+2.5316243914074173e-10
90,4,0,13824,+1.7474060472154315e-07,+0.0000000000000000e+00
90,4,1,13824,+2.3201203391041041e-08,+2.2687755720656347e-10
90,4,2,13824,+8.4344198476803509e-09,+7.6008525434016998e-10
90,4,3,13824,+3.4653263979304096e-09,+3.1248729165952759e-10
91,1,0,13824,+1.7629974079816859e-07,+0.0000000000000000e+00
91,1,1,13824,+1.0230649338053936e-07,+2.1748356836923910e-10
91,1,2,13824,+7.5758709167296511e-08,+6.6408629893111637e-10
91,1,3,13824,+5.9987816193177830e-08,+9.6417862455943580e-10
91,2,0,13824,+1.7490994765560473e-07,+0.0000000000000000e+00
91,2,1,13824,+6.1770407772394056e-08,+3.8577663178142585e-10
91,2,2,13824,+3.6025196882257960e-08,+6.8689043341313016e-10
91,2,3,13824,+2.4300285329705756e-08,+9.2763893382918522e-10
91,3,0,13824,+1.7362115198949831e-07,+0.0000000000000000e+00
91,3,1,13824,+3.8348399735399284e-08,-6.2047999003273833e-10
91,3,2,13824,+1.7627309604884534e-08,-5.1657602181060576e-10
91,3,3,13824,+1.0564306914180149e-08,-8.3059610869325390e-11
91,4,0,13824,+1.7473028990553647e-07,+0.0000000000000000e+00
91,4,1,13824,+2.3802094950228494e-08,-3.7382342434680418e-10
91,4,2,13824,+9.3985011730199576e-09,-2.2014435145782184e-10
91,4,3,13824,+4.8136648061036813e-09,-2.5484934655832792e-10
92,1,0,13824,+1.7653246304971130e-07,+0.0000000000000000e+00
92,1,1,13824,+1.0350869987408760e-07,-1.9967372658482929e-10
92,1,2,13824,+7.6955715019112640e-08,+9.6769070298127136e-11
92,1,3,13824,+6.1211224686610621e-08,+7.8794996983347060e-11
92,2,0,13824,+1.7474061579790675e-07,+0.0000000000000000e+00
92,2,1,13824,+6.2024544340342353e-08,-1.7668390448216126e-10
92,2,2,13824,+3.6893101247034440e-08,+3.7260581034465749e-10
92,2,3,13824,+2.4558207292905413e-08,+2.1531678159064781e-10
92,3,0,13824,+1.7487726374383459e-07,+0.0000000000000000e+00
92,3,1,13824,+3.8887256191652624e-08,-3.0786457992006550e-10
92,3,2,13824,+1.8974532949899950e-08,+2.4729670275429968e-10
92,3,3,13824,+1.1689433920814371e-08,+4.6365241226197718e-11
92,4,0,13824,+1.7397961322353562e-07,+0.0000000000000000e+00
92,4,1,13824,+2.3856138961267619e-08,-2.8123273831913262e-10
92,4,2,13824,+9.0471675548147482e-09,-7.9977872266028449e-11
92,4,3,13824,+4.4705980221877229e-09,-6.6552565487734168e-11
93,1,0,13824,+1.7538085676193717e-07,+0.0000000000000000e+00
93,1,1,13824,+1.0231204442775186e-07,-1.4767849838976624e-10
93,1,2,13824,+7.5748568955638539e-08,-3.2045585336754447e-10
93,1,3,13824,+5.9427398175280810e-08,-9.9175986223226692e-11
93,2,0,13824,+1.7656476113225856e-07,+0.0000000000000000e+00
93,2,1,13824,+6.3264932431524690e-08,-3.7960215867331698e-10
93,2,2,13824,+3.7118781258839911e-08,-6.4319351199780408e-10
93,2,3,13824,+2.5091301493825647e-08,-6.2302124235147785e-10
93,3,0,13824,+1.7606494478241298e-07,+0.0000000000000000e+00
93,3,1,13824,+3.8442167534030753e-08,-5.4252449419117708e-10
93,3,2,13824,+1.8176721654435468e-08,-5.3186962408466688e-10
93,3,3,13824,+1.0803382370483018e-08,-2.6373053623987905e-10
93,4,0,13824,+1.7341929367916219e-07,+0.0000000000000000e+00
93,4,1,13824,+2.3456910173435102e-08,-1.9773325571071843e-11
93,4,2,13824,+8.2161871862983742e-09,-5.6318972984764763e-10
93,4,3,13824,+4.3937471375766645e-09,-4.6917956757498718e-11
94,1,0,13824,+1.7678225575423334e-07,+0.0000000000000000e+00
94,1,1,13824,+1.0142825184047319e-07,+1.4869983089155678e-11
94,1,2,13824,+7.4344110830206620e-08,+5.5862437345576942e-10
94,1,3,13824,+5.8181059004134896e-08,+8.1114571396160138e-10
94,2,0,13824,+1.7430930635719771e-07,+0.0000000000000000e+00
94,2,1,13824,+6.1278716873859332e-08,+5.5784965586000842e-10
94,2,2,13824,+3.6083290261523076e-08,+3.0677595395790563e-10
94,2,3,13824,+2.4036447766670866e-08,+2.1627242426080808e-10
94,3,0,13824,+1.7404442036233998e-07,+0.0000000000000000e+00
94,3,1,13824,+3.8365710679540786e-08,+6.6072943106369316e-10
94,3,2,13824,+1.7727808565971031e-08,+8.6999331985164734e-10
94,3,3,13824,+1.0562863515898978e-08,+3.9956318148105124e-10
94,4,0,13824,+1.7609193907819327e-07,+0.0000000000000000e+00
94,4,1,13824,+2.3282473448347468e-08,+2.5403567598606247e-10
94,4,2,13824,+8.6630446125385300e-09,+6.0107257548978415e-10
94,4,3,13824,+4.5075790364964837e-09,-4.9788982164667542e-10
95,1,0,13824,+1.7671051985406308e-07,+0.0000000000000000e+00
95,1,1,13824,+1.0277848446646346e-07,-8.8243947051781777e-10
95,1,2,13824,+7.5068675095790368e-08,-1.0846212601475506e-09
95,1,3,13824,+5.8358280833826098e-08,-9.9339761147182418e-10
95,2,0,13824,+1.7545399598337930e-07,+0.0000000000000000e+00
95,2,1,13824,+6.2143874950442300e-08,-5.1167486357529525e-10
95,2,2,13824,+3.5883505185802775e-08,-5.2456689615941678e-10
95,2,3,13824,+2.4545217504238236e-08,-4.3477477076573132e-10
95,3,0,13824,+1.7471919307720854e-07,+0.0000000000000000e+00
95,3,1,13824,+3.8565298218169737e-08,-5.1239710803839997e-10
95,3,2,13824,+1.8273606348743342e-08,+1.5910838223298208e-10
95,3,3,13824,+1.0382220077440459e-08,+1.1756701980976198e-10
95,4,0,13824,+1.7463358047655827e-07,+0.0000000000000000e+00
95,4,1,13824,+2.3674457325837052e-08,-2.9056597647552113e-10
95,4,2,13824,+8.7489811842470898e-09,-7.2663037485751281e-11
95,4,3,13824,+4.6098361132149947e-09,-1.6133523331320040e-10
96,1,0,13824,+1.7283172828149514e-07,+0.0000000000000000e+00
96,1,1,13824,+1.0004792964621702e-07,+5.6842807222856215e-12
96,1,2,13824,+7.2526263765073164e-08,+1.4968725295469569e-10
96,1,3,13824,+5.6938588026921194e-08,-3.3363659942762571e-10
96,2,0,13824,+1.7512815872705221e-07,+0.0000000000000000e+00
96,2,1,13824,+6.1851522997092791e-08,-2.5214339403273030e-10
96,2,2,13824,+3.5802685563158691e-08,-3.6472014129671264e-10
96,2,3,13824,+2.4307340935477401e-08,-1.1113667770810002e-09
96,3,0,13824,+1.7300680207199148e-07,+0.0000000000000000e+00
96,3,1,13824,+3.7583937958904424e-08,+6.8654769100195583e-11
96,3,2,13824,+1.6630889781214877e-08,-1.0298360299803562e-10
96,3,3,13824,+9.7599187789889275e-09,-9.7252392036178559e-10
96,4,0,13824,+1.7426850252702163e-07,+0.0000000000000000e+00
96,4,1,13824,+2.3584556496265304e-08,-1.0999810002547659e-09
96,4,2,13824,+8.1879302932658659e-09,-8.2662041327166215e-11
96,4,3,13824,+4.7005781948689116e-09,-8.4984448482806250e-10
97,1,0,13824,+1.7796820760402505e-07,+0.0000000000000000e+00
97,1,1,13824,+1.0342666567484267e-07,-3.6637739551779331e-10
97,1,2,13824,+7.6871472982701108e-08,-6.6217671868498027e-10
97,1,3,13824,+6.0634062657113429e-08,-5.5531355610164776e-10
97,2,0,13824,+1.7562518478667684e-07,+0.0000000000000000e+00
97,2,1,13824,+6.2900294950371783e-08,+4.8660236354576886e-11
97,2,2,13824,+3.6734468163794586e-08,-1.1051128043022561e-10
97,2,3,13824,+2.4996241755659988e-08,-3.0208787815803215e-10
97,3,0,13824,+1.7328340916159420e-07,+0.0000000000000000e+00
97,3,1,13824,+3.8068921587183243e-08,-2.7574170203565147e-10
97,3,2,13824,+1.7450596421730629e-08,-7.4789420458560413e-10
97,3,3,13824,+1.0646930393720290e-08,-2.4765423989913312e-10
97,4,0,13824,+1.7415043755173093e-07,+0.0000000000000000e+00
97,4,1,13824,+2.3926152371815403e-08,-4.5528449205904729e-10
97,4,2,13824,+9.4980214081841203e-09,+6.4859487779252182e-11
97,4,3,13824,+5.9344615237204755e-09,+3.1381336367995423e-10
98,1,0,13824,+1.7743114397878115e-07,+0.0000000000000000e+00
98,1,1,13824,+1.0374155321632316e-07,+2.2860498391417939e-10
98,1,2,13824,+7.6522936940426266e-08,+6.8500914736751759e-10
98,1,3,13824,+6.0782054879657326e-08,+7.9289260110140168e-10
98,2,0,13824,+1.7261380705103620e-07,+0.0000000000000000e+00
98,2,1,13824,+6.1820892845391040e-08,+2.9556108727673294e-10
98,2,2,13824,+3.6031629623953406e-08,+4.0396226541292643e-11
98,2,3,13824,+2.4487715278242027e-08,+5.8641768508331999e-10
98,3,0,13824,+1.7351268231808701e-07,+0.0000000000000000e+00
98,3,1,13824,+3.8585399559290014e-08,+6.0246099874716787e-10
98,3,2,13824,+1.8414315373062281e-08,+5.7235753140852546e-10
98,3,3,13824,+1.0861302509245423e-08,+3.4310599393998021e-10
98,4,0,13824,+1.7326713737440588e-07,+0.0000000000000000e+00
98,4,1,13824,+2.3172606660372818e-08,+4.0723249315767340e-10
98,4,2,13824,+8.1329880701651987e-09,+2.5409888586764921e-10
98,4,3,13824,+4.1415502194410594e-09,+2.8916452993658976e-10
99,1,0,13824,+1.7838673066856329e-07,+0.0000000000000000e+00
99,1,1,13824,+1.0356625417042888e-07,+1.3586127866765713e-09
99,1,2,13824,+7.6799778953170174e-08,+2.1762097775500252e-09
99,1,3,13824,+6.0627447396305485e-08,+2.8173173479111211e-09
99,2,0,13824,+1.7663034606532956e-07,+0.0000000000000000e+00
99,2,1,13824,+6.3001375049298118e-08,+4.1349223991697215e-10
99,2,2,13824,+3.6980383190265441e-08,+7.4364904723545695e-10
99,2,3,13824,+2.4864941016469473e-08,+4.1652420048789394e-10
99,3,0,13824,+1.7590613667371858e-07,+0.0000000000000000e+00
99,3,1,13824,+3.8913756029989686e-08,+9.1145615017872231e-11
99,3,2,13824,+1.8370558951158411e-08,-2.6596732443814107e-10
99,3,3,13824,+1.0404585208987408e-08,+3.8711090517300541e-10
99,4,0,13824,+1.7437287469457233e-07,+0.0000000000000000e+00
99,4,1,13824,+2.4016747042991648e-08,+2.6882286748471599e-10
99,4,2,13824,+9.1372410931676405e-09,-3.0583412065552680e-10
99,4,3,13824,+4.5248976134121435e-09,+4.8873254486857516e-10
100,1,0,13824,+1.7451289033057800e-07,+0.0000000000000000e+00
100,1,1,13824,+1.0153512176623631e-07,+1.2788968760770159e-10
100,1,2,13824,+7.3418297972866158e-08,+1.5545270066869110e-10
100,1,3,13824,+5.6920284362402352e-08,+3.9042266075918693e-10
100,2,0,13824,+1.7588084797282164e-07,+0.0000000000000000e+00
100,2,1,13824,+6.3428329052150197e-08,+1.2918457806528679e-10
100,2,2,13824,+3.6768741712620257e-08,-1.4419068619456724e-10
100,2,3,13824,+2.5257042750953195e-08,-3.9224420237665066e-10
100,3,0,13824,+1.7478074048001655e-07,+0.0000000000000000e+00
100,3,1,13824,+3.8764419069124202e-08,-8.4243301401684243e-10
100,3,2,13824,+1.7526443709356933e-08,-1.6329731330860259e-10
100,3,3,13824,+1.0565149014504467e-08,-2.2446301213098661e-10
100,4,0,13824,+1.7642347632903307e-07,+0.0000000000000000e+00
100,4,1,13824,+2.4324452547475194e-08,-3.6333956343896231e-10
100,4,2,13824,+9.0682915650682281e-09,-4.0157038024186898e-10
100,4,3,13824,+4.5390152233761812e-09,-1.8512604226850656e-10
