tau,nc,corr_id,ReW,ImW,AbsW
1,1,0,0.5393436545505882,3.863818338611932e-05,0.5393436559345938
1,2,0,0.5394842204530292,-8.544157195337183e-05,0.5394842272189937
1,3,0,0.5393248028274212,1.412595460066564e-05,0.5393248030124143
1,4,0,0.5397308912449471,-1.251252229732638e-05,0.5397308913899853
1,5,0,0.5390195162618207,4.646998432263116e-06,0.5390195162818521
1,6,0,0.5393978822366925,1.838244938953795e-05,0.5393978825499255
1,7,0,0.5396505001469871,6.716801814666721e-05,0.5396505043270468
1,8,0,0.5396254815845082,3.018454551430407e-05,0.5396254824287111
1,9,0,0.5394891697416042,3.396361905937126e-05,0.5394891708106966
1,10,0,0.5396956271793206,-4.97740909393277e-05,0.5396956294745588
1,11,0,0.5395514178929803,1.339088249316038e-05,0.5395514180591515
1,12,0,0.5393649824365668,7.606165565035507e-06,0.5393649824901983
1,13,0,0.5395715930044613,-9.109569057107973e-05,0.5395716006942887
1,14,0,0.5392362563766354,-4.578668140360089e-05,0.5392362583205146
1,15,0,0.5390066785747281,3.275695964760822e-05,0.5390066795700946
1,16,0,0.5393482745950806,4.026591114904649e-05,0.5393482760981387
1,17,0,0.539741675668562,3.065347691827247e-05,0.5397416765390114
1,18,0,0.539888720058728,2.201413361940096e-05,0.5398887205075447
1,19,0,0.5392206253395713,1.643738250363817e-06,0.5392206253420766
1,20,0,0.5393185244883059,8.139305528360999e-05,0.5393185306301582
1,21,0,0.5396645798149959,8.026429532416027e-05,0.5396645857838489
1,22,0,0.5398174473801365,-0.0001425510307326559,0.5398174662020513
1,23,0,0.5398709500847271,1.348895661590058e-05,0.5398709502532414
1,24,0,0.538990408054367,-3.509072116082991e-05,0.5389904091966496
1,25,0,0.5392404437829771,6.24553651168514e-05,0.5392404473997984
1,26,0,0.5391165319967753,1.922876320136444e-05,0.5391165323396931
1,27,0,0.5390853061555427,-5.848835007962204e-05,0.5390853093284051
1,28,0,0.5394822632564302,3.877749604224063e-05,0.5394822646500759
1,29,0,0.5394192581277333,9.670157903768957e-06,0.5394192582144117
1,30,0,0.5396738115787936,-5.690981516520699e-05,0.5396738145794275
1,31,0,0.5397191712716424,-6.331704633728497e-05,0.5397191749856557
1,32,0,0.5397724659148481,9.071335409410554e-06,0.5397724659910738
1,33,0,0.5396997594684901,7.949404179348903e-05,0.5396997653229514
1,34,0,0.5394848608441812,3.671851387504846e-05,0.5394848620937522
1,35,0,0.5392780822996691,-5.650634315059782e-05,0.5392780852600776
1,36,0,0.5394770316900148,-4.685950388147884e-05,0.539477033725146
1,37,0,0.5398083007287885,-4.253087906596346e-05,0.5398083024042681
1,38,0,0.5398009448036134,7.986064137779727e-05,0.5398009507110891
1,39,0,0.5395611679862033,-6.702069949733822e-05,0.5395611721486361
1,40,0,0.5390263211196243,2.256360682626078e-05,0.5390263215918799
1,41,0,0.5392825417401231,-5.623206491280772e-05,0.5392825446718378
1,42,0,0.5396482633574224,-2.176508100719787e-05,0.5396482637963368
1,43,0,0.5394453744303982,9.915037662540763e-05,0.5394453835423468
1,44,0,0.5396039560843764,-6.065447491814218e-05,0.539603959493326
1,45,0,0.5395417857040481,-2.392379463179097e-05,0.5395417862344499
1,46,0,0.539627933816388,-1.457051116463043e-05,0.5396279340130974
1,47,0,0.5394330962082903,1.342628648228706e-05,0.5394330963753778
1,48,0,0.5397539561249644,-4.434767505656194e-05,0.539753957946828
1,49,0,0.5398757233777347,-1.388002294865179e-05,0.5398757235561601
1,50,0,0.5397335608588564,8.944492688372244e-05,0.5397335682702863
1,51,0,0.5401637531586042,2.671094834983805e-05,0.5401637538190287
1,52,0,0.5399260716248055,-3.467716552428038e-05,0.5399260727383893
1,53,0,0.540045082860599,9.617272149777614e-05,0.5400450914239511
1,54,0,0.5395267938360804,-2.85466531203163e-05,0.5395267945912898
1,55,0,0.5397758702775429,-3.111798317670991e-05,0.539775871174516
1,56,0,0.5391678561270731,-6.225945114712731e-05,0.5391678597217229
1,57,0,0.5396132780472852,1.583071735089318e-05,0.5396132782794992
1,58,0,0.5396378359487928,3.349118335485738e-05,0.5396378369880632
1,59,0,0.5397127201283918,2.247394325787181e-05,0.5397127205963056
1,60,0,0.5392874129084255,-2.875804282732086e-05,0.5392874136752013
1,61,0,0.5396590899171788,-4.112437519455395e-05,0.5396590914841071
1,62,0,0.5393342651325226,-3.194006024507355e-05,0.539334266078288
1,63,0,0.5396856997085054,-4.583371922409318e-05,0.5396857016547584
1,64,0,0.5390957284755136,-7.116254316082444e-05,0.5390957331723673
1,65,0,0.5394283187336526,-2.355726239066472e-05,0.5394283192480348
1,66,0,0.5389342584362582,-8.584362370277962e-05,0.5389342652730176
1,67,0,0.5384905865860077,-7.91162513233308e-05,0.5384905923979767
1,68,0,0.5396254260764924,-7.919881048881443e-05,0.5396254318883493
1,69,0,0.5396324021979411,0.000103258130164298,0.5396324120771119
1,70,0,0.5397047129220373,1.139734388765792e-06,0.5397047129232407
1,71,0,0.5393962564239018,-7.126563991037082e-05,0.53939626113175
1,72,0,0.5395485671974248,3.182238660501116e-05,0.5395485681358615
1,73,0,0.5394490188663963,1.591207965947226e-05,0.5394490191010749
1,74,0,0.5390937507461262,8.312163178602384e-05,0.5390937571542932
1,75,0,0.5391293900394966,4.824394809459455e-05,0.5391293921980493
1,76,0,0.5390827243967463,4.313331296985384e-05,0.5390827261223466
1,77,0,0.5396533846940419,-3.59359426911324e-06,0.5396533847060069
1,78,0,0.539347244187155,6.821043119474278e-05,0.5393472485003901
1,79,0,0.5391542568351115,2.922056408222809e-05,0.5391542576269456
1,80,0,0.5388151408924073,1.417737857848869e-05,0.5388151410789259
1,81,0,0.5393421163087256,4.889505839333072e-05,0.5393421185250616
1,82,0,0.5394364797397313,0.0001517753132404828,0.5394365010914067
1,83,0,0.5395400476078009,-1.353479870173515e-05,0.5395400477775667
1,84,0,0.5396525712162438,6.0356026122553e-05,0.5396525745914245
1,85,0,0.5394211559230906,7.894930536785856e-05,0.5394211617005733
1,86,0,0.5389306158445046,-0.0001133829687934988,0.5389306277715479
1,87,0,0.5389772033724747,5.381995493608651e-05,0.5389772060595898
1,88,0,0.5390805369744948,-2.117683496445184e-05,0.5390805373904423
1,89,0,0.5391825343729738,8.053964050760792e-06,0.5391825344331262
1,90,0,0.5395772186102243,-3.663776700785625e-05,0.5395772198540927
1,91,0,0.5392692838432456,-1.851123814640736e-05,0.5392692841609588
1,92,0,0.5391738719638837,7.591913331872717e-05,0.5391738773088337
1,93,0,0.5394758581048603,5.211274162998445e-05,0.5394758606218755
1,94,0,0.5390728160758013,1.802861138166208e-07,0.5390728160758315
1,95,0,0.5397329447310062,-7.70010398081407e-05,0.5397329502236856
1,96,0,0.5395352724163655,-9.765085102917275e-05,0.539535281253312
1,97,0,0.5393423841127087,-6.748912924144432e-05,0.5393423883352422
1,98,0,0.5396594619979896,1.48484894175796e-05,0.5396594622022645
1,99,0,0.5394339660634965,-1.427919132348045e-05,0.5394339662524865
1,100,0,0.5396464266413437,-1.135307301214992e-05,0.5396464267607666
2,1,0,0.3261513058301,0.0001140351902656819,0.32615132576566974
2,2,0,0.3265863032432961,8.291004171980287e-06,0.32658630334853744
2,3,0,0.3261121907037352,-0.0001084687395991881,0.32611220874272223
2,4,0,0.3267994175740343,8.890200408594908e-05,0.3267994296664154
2,5,0,0.3258899668728193,4.741226542087783e-05,0.3258899703217179
2,6,0,0.3263992491783891,4.023542071980485e-05,0.32639925165831063
2,7,0,0.3267923412392325,7.106707754750084e-05,0.32679234896666187
2,8,0,0.3265881893671017,3.916441610006511e-05,0.3265881917153977
2,9,0,0.3266540198739622,-2.97729956360107e-05,0.3266540212307973
2,10,0,0.3270585256388101,8.035467479150418e-05,0.3270585355099389
2,11,0,0.3265288605616519,-4.590085489849368e-05,0.3265288637878422
2,12,0,0.3262919185031604,-7.372298346659848e-05,0.3262919268317121
2,13,0,0.3265634846167956,-0.0001200712013646929,0.32656350669074685
2,14,0,0.3261312140649053,7.83228048621967e-05,0.3261312234698034
2,15,0,0.3259290204038667,2.491991466675034e-05,0.3259290213565314
2,16,0,0.3264864941828942,0.0001670637952729893,0.32648653692633134
2,17,0,0.3267558684805432,0.0001117453990809895,0.3267558875881325
2,18,0,0.3266400734897169,-4.424865636090236e-05,0.3266400764868133
2,19,0,0.3258759247511804,8.587119664715666e-06,0.3258759248643195
2,20,0,0.3263942581638129,8.918934602348016e-05,0.32639427034959606
2,21,0,0.3266871956356139,-2.550181099877128e-05,0.3266871966309733
2,22,0,0.3266390498878217,-7.513169693598736e-05,0.32663905852850905
2,23,0,0.3270711633027413,7.944565742363434e-06,0.3270711633992281
2,24,0,0.3259411399972645,-7.279525716069657e-05,0.32594114812626196
2,25,0,0.3260918521069736,0.0001161357180920907,0.3260918727875035
2,26,0,0.3261182022519255,-0.0001207290728243591,0.3261182245988973
2,27,0,0.3258898605554585,3.494984014136129e-05,0.3258898624295446
2,28,0,0.3264371707768325,0.0001447069463481239,0.3264372028505379
2,29,0,0.32631493774689,-5.860067626352135e-05,0.3263149430087381
2,30,0,0.3265322868966952,-5.147309790943755e-05,0.32653229095369035
2,31,0,0.3268399372399942,-0.0001205338366179142,0.3268399594655603
2,32,0,0.3266194226201065,-1.395072383372581e-05,0.32661942291804147
2,33,0,0.326908013982815,0.0001369109955003605,0.3269080426523781
2,34,0,0.3264791036479229,9.90774690416475e-06,0.32647910379825934
2,35,0,0.3260389982910997,-4.110924012560607e-05,0.32603900088276766
2,36,0,0.3263932997829715,-0.0001076309949676597,0.3263933175290937
2,37,0,0.3268676120525361,7.680500097794832e-05,0.3268676210760794
2,38,0,0.3268298333418195,7.78916922122875e-05,0.3268298426235848
2,39,0,0.3267757698089993,-2.050906366127598e-06,0.32677576981543527
2,40,0,0.3257715974554882,3.941767929317635e-05,0.3257715998402164
2,41,0,0.3262835283969191,-4.591710709631133e-05,0.32628353162782187
2,42,0,0.3266236895919511,5.362146676131545e-05,0.3266236939934409
2,43,0,0.3264752922810697,0.0001104440929497903,0.3264753109622649
2,44,0,0.3265486224951016,-6.54034033169156e-05,0.3265486290448231
2,45,0,0.3264516512499025,-9.34080601135458e-05,0.3264516646133906
2,46,0,0.3269469378704306,-7.729932557194362e-05,0.3269469470082829
2,47,0,0.3267608579058909,-9.172401686085406e-06,0.3267608580346287
2,48,0,0.3270198868972687,-5.781398119053297e-05,0.3270198920077475
2,49,0,0.3270532678761485,6.78462037345041e-05,0.32705327491339253
2,50,0,0.3269016527817896,0.0001682335029377116,0.32690169607081765
2,51,0,0.32752053140125,-1.393610027236927e-05,0.3275205316977427
2,52,0,0.3270712215251821,-0.0001409580745174518,0.32707125189957237
2,53,0,0.3271567233648739,0.0001053964863824653,0.32715674034208736
2,54,0,0.3265679337253888,-2.268049182290346e-05,0.326567934512981
2,55,0,0.3268758015558753,3.881859669729575e-05,0.3268758038608539
2,56,0,0.3262079459328169,-0.000105532328870579,0.32620796300332705
2,57,0,0.3266025816860487,0.0001400938240274808,0.3266026117321655
2,58,0,0.3268789684997535,0.0002222326400949543,0.32687904404352564
2,59,0,0.3266895502440808,0.0001529996693750846,0.32668958607151627
2,60,0,0.3262273549240765,-0.0001096955319334044,0.3262273733669036
2,61,0,0.3267591320022709,-0.0001772265577608043,0.32675918006405
2,62,0,0.3266261105725006,-3.002926307962128e-05,0.32662611195291175
2,63,0,0.3266066069487272,-2.792818082049365e-05,0.3266066081427987
2,64,0,0.3256327396002556,-6.463021779783829e-05,0.3256327460140226
2,65,0,0.3261945247525228,8.298482703829008e-05,0.3261945353083122
2,66,0,0.325622313935748,-8.18307397789438e-05,0.325622324218013
2,67,0,0.3248602597402824,-0.0002038553651667208,0.3248603237016389
2,68,0,0.326767001558088,-0.0001848725632413306,0.32676705385507904
2,69,0,0.3266573535440861,0.0001775323137053695,0.32665740178686975
2,70,0,0.3267453859740106,8.144935013685529e-05,0.32674539612564063
2,71,0,0.3264929100229834,-8.644686563935586e-05,0.32649292146742864
2,72,0,0.3264290304873947,7.916457983429805e-05,0.3264290400867716
2,73,0,0.3265765373213861,2.05747928598437e-05,0.3265765379695069
2,74,0,0.3259429251553165,0.0002346558940973682,0.32594300962314393
2,75,0,0.325955855537332,0.0001609566001452817,0.32595589527741503
2,76,0,0.3263734907472852,7.50560259360827e-05,0.3263734993775924
2,77,0,0.3267618013554313,5.332803584288194e-05,0.3267618057070406
2,78,0,0.3263415633701385,0.0002047801272196273,0.3263416276201469
2,79,0,0.3262469420438722,1.75796728696927e-05,0.3262469425175087
2,80,0,0.3254561713850729,-0.0001448774227891956,0.325456203631299
2,81,0,0.3263913444182724,-3.878415900666031e-05,0.32639134672257825
2,82,0,0.3266919182290653,0.0001627086509396761,0.3266919587475201
2,83,0,0.3264633236832071,-0.0001024028421212031,0.3264633397437276
2,84,0,0.3263891761265232,3.351650537554913e-05,0.3263891778474076
2,85,0,0.3263725963979033,7.846702525976988e-05,0.32637260583048744
2,86,0,0.3256418789530445,-0.00020333378182096,0.3256419424347793
2,87,0,0.3259339216804131,-6.689308517342194e-06,0.3259339217490571
2,88,0,0.3258649510502902,8.181726509398937e-05,0.32586496132151566
2,89,0,0.3256083325805522,6.319088807853969e-05,0.3256083387122876
2,90,0,0.3261885302118049,-0.0001442527001049223,0.3261885621087579
2,91,0,0.326222087627718,0.0001174398050176122,0.3262221087668558
2,92,0,0.3259057810440144,-3.314276850670573e-06,0.3259057810608666
2,93,0,0.3263636099099302,5.838509416243437e-05,0.32636361513235557
2,94,0,0.3259880988592366,4.072144303161913e-05,0.32598810140263607
2,95,0,0.3270450072809521,-0.0001088398449233532,0.32704502539177976
2,96,0,0.3266415384954327,5.41956876000678e-05,0.3266415429914508
2,97,0,0.3263720224832345,-0.0001163374538092742,0.32637204321785906
2,98,0,0.3265155520174231,2.556579905454295e-05,0.3265155530183097
2,99,0,0.3262944525079818,-6.033869989891061e-05,0.3262944580869284
2,100,0,0.3267995490379174,1.433067662137258e-05,0.32679954935212885
3,1,0,0.2004761604301277,-0.000100094164004743,0.20047618541773973
3,2,0,0.2010788329685201,6.002468622214898e-05,0.20107884192760056
3,3,0,0.2006129596388932,-2.715082154062526e-05,0.20061296147618005
3,4,0,0.2011634393641651,9.701544605148902e-05,0.2011634627580687
3,5,0,0.1999999172617386,3.614010095105413e-05,0.19999992052700716
3,6,0,0.200674775459812,0.00019841633923698,0.200674873551448
3,7,0,0.2012585630029494,0.0001702438206445479,0.20125863500722305
3,8,0,0.200825698890602,8.483999285893262e-05,0.20082571681117717
3,9,0,0.2008497737540626,0.0001583430047681202,0.2008498361701231
3,10,0,0.2014948303220233,8.989449939319203e-06,0.20149483052255007
3,11,0,0.2009013917583788,-7.586514904729846e-05,0.20090140608262158
3,12,0,0.2005641043623573,-0.0002197394059311742,0.20056422473632
3,13,0,0.2008654798825493,-2.179691137588587e-05,0.20086548106519486
3,14,0,0.2006544225954513,0.0002846463455685833,0.20065462449357105
3,15,0,0.2005172307326854,0.0001073995975576092,0.2005172594949835
3,16,0,0.2008486504057791,1.260426623677865e-05,0.20084865080126976
3,17,0,0.2011425859581511,7.972664504392316e-05,0.20114260175872772
3,18,0,0.201311635633837,-0.000184968630399711,0.2013117206100156
3,19,0,0.2001466434321778,5.301307108243686e-05,0.20014665045299418
3,20,0,0.2008457738473932,0.0002109920196700672,0.20084588467277734
3,21,0,0.2011919398291062,-6.14735580428878e-05,0.20119194922063113
3,22,0,0.2012128411207607,-8.947802920957054e-05,0.20121286101590574
3,23,0,0.201549731560078,2.873206095022219e-05,0.20154973360803735
3,24,0,0.2006996776889251,1.900630873742753e-05,0.20069967858887616
3,25,0,0.2002979026104822,0.0001456746422035506,0.20029795558432342
3,26,0,0.2002395180763909,-0.0001069690563339335,0.20023954664811916
3,27,0,0.2002832807616416,-0.0001327683505149566,0.20028332476789337
3,28,0,0.2008779501492254,0.0002142429985986937,0.20087806439782602
3,29,0,0.2006180189858029,-1.290887467738025e-05,0.20061801940111715
3,30,0,0.2009204568787978,-9.949196512966842e-05,0.20092048151205485
3,31,0,0.2009360225355306,-0.0001717459191866629,0.20093609593365752
3,32,0,0.2011310714788221,6.825128637237663e-05,0.20113108305892735
3,33,0,0.2011909888536871,0.0002118590032415303,0.20119110039999707
3,34,0,0.2009217484140649,4.047762285487894e-05,0.2009217524913685
3,35,0,0.2005099576993956,-0.0001013862614767587,0.20050998333197137
3,36,0,0.2006373975596408,-0.0001663601533151755,0.20063746652907571
3,37,0,0.2013917867667772,0.0002296867928577936,0.20139191774532034
3,38,0,0.2013028221342167,4.113032428065118e-05,0.20130282633610405
3,39,0,0.2012949684611419,6.963228336328574e-05,0.201294980504798
3,40,0,0.2001823704851058,0.0002264503226087802,0.20018249856764392
3,41,0,0.2008541955487567,-5.514808889998572e-05,0.2008542031197005
3,42,0,0.2010986427667387,-3.669021418973683e-05,0.2010986461137822
3,43,0,0.200794342009354,0.0003129160285787948,0.20079458583191523
3,44,0,0.200728168711721,-0.0001382594860338379,0.20072821632756718
3,45,0,0.200784486507597,-2.620235941543697e-06,0.20078448652469402
3,46,0,0.2012587404157078,-5.663391203332818e-05,0.2012587483840572
3,47,0,0.2010554815917885,-2.078807114991382e-05,0.2010554826664767
3,48,0,0.2013745529988442,-0.0001461443680627206,0.20137460602980858
3,49,0,0.201312952656283,-7.892851594269266e-05,0.20131296812898436
3,50,0,0.2013007248164943,0.000256430143547737,0.2013008881452451
3,51,0,0.2017895622789899,1.145097865112841e-05,0.20178956260389497
3,52,0,0.2014498018741314,2.119951768113727e-05,0.20144980298959425
3,53,0,0.2017368274046886,1.884298366321464e-05,0.2017368282846916
3,54,0,0.2008865998824352,-1.490156884732806e-05,0.20088660043512702
3,55,0,0.2011974577960746,7.506953481930134e-05,0.20119747180081132
3,56,0,0.2007647922203356,5.633840873364381e-05,0.2007648001251485
3,57,0,0.2010233601614962,0.0002104117338006841,0.20102347028075188
3,58,0,0.2012759630629312,0.0002395970747570438,0.20127610566996937
3,59,0,0.2010130321620169,0.000157419961866128,0.20101309380239996
3,60,0,0.2007163898424517,-0.0002212786435402068,0.20071651181610628
3,61,0,0.2011959031316124,-9.248928337414538e-06,0.20119590334419793
3,62,0,0.2010655984879166,3.666125228004385e-05,0.20106560183022734
3,63,0,0.2009558658828946,3.832356431019565e-05,0.20095586953716854
3,64,0,0.2001130120479809,-9.398906263468837e-05,0.2001130341203672
3,65,0,0.2004475371750121,0.0001219653100252175,0.20044757428081963
3,66,0,0.200091744087605,-6.309779435775568e-05,0.20009175403637017
3,67,0,0.1994851219986828,-0.000151718438860592,0.19948517969341492
3,68,0,0.2010966897292887,-0.0002984409276838828,0.20109691118230813
3,69,0,0.2011176459534434,0.0001834806322319372,0.20111772964857427
3,70,0,0.201104708488603,2.53923750747777e-05,0.20110471009168013
3,71,0,0.201024439113962,2.429541435796081e-05,0.20102444058210975
3,72,0,0.2008553742689863,7.258021452132154e-05,0.20085538738261943
3,73,0,0.2008853298903221,-3.741244068966891e-05,0.20088533337412728
3,74,0,0.2003827948617734,0.0001976405711698764,0.200382892329687
3,75,0,0.200234743703434,0.0001492297989798732,0.20023479931198973
3,76,0,0.2009355746850663,7.754130413405317e-05,0.20093558964671165
3,77,0,0.2010822896804978,-4.708087522096249e-05,0.2010822951921935
3,78,0,0.2010576450548257,0.0001597207529949812,0.20105770849612115
3,79,0,0.2006364929867897,8.672067526393675e-05,0.20063651172833333
3,80,0,0.1999152667646071,-0.000145212621243982,0.19991531950370733
3,81,0,0.2007553604222757,0.0001834188202789166,0.20075544421196018
3,82,0,0.2011435331980327,6.83712322714838e-06,0.2011435333142339
3,83,0,0.2009786184050634,5.99901194661367e-06,0.20097861849459567
3,84,0,0.2007765318943953,-8.134766569045203e-05,0.20077654837401662
3,85,0,0.2007545696030215,0.0002325003691680832,0.20075470423608027
3,86,0,0.2001386771486165,-0.0001465967898958697,0.2001387308379289
3,87,0,0.2002288931230892,-4.673498091683236e-05,0.20022889857724313
3,88,0,0.2003863861424505,7.048139802448681e-05,0.20038639853757229
3,89,0,0.2000779168412262,5.3413270088401e-05,0.20007792397089202
3,90,0,0.2004208975814718,-0.0002338936404591007,0.2004210340597959
3,91,0,0.2006349948919429,0.0001668254307326957,0.2006350642485363
3,92,0,0.2003958330620749,1.139051577526723e-05,0.20039583338579384
3,93,0,0.2007760778316909,0.0001191707196373673,0.20077611319860145
3,94,0,0.2004845987043181,1.963884904675177e-05,0.20048459966619844
3,95,0,0.2015147752149594,0.0001212531099654468,0.20151481169445656
3,96,0,0.2011713099365976,0.0003563563610059047,0.20117162556250978
3,97,0,0.20070766172813,-5.712456730208498e-05,0.20070766985740643
3,98,0,0.2009566320833747,0.0001900195265423279,0.20095672192219222
3,99,0,0.2010174730125788,5.216614593369694e-05,0.20101747978141013
3,100,0,0.201316163067737,-9.274942830831187e-05,0.20131618443327434
4,1,0,0.1234838087658659,-0.0002055839552128962,0.12348397990058298
4,2,0,0.1242740871952265,1.675663265532896e-05,0.12427408832492595
4,3,0,0.1238183662367646,-3.259519125260151e-05,0.12381837052710741
4,4,0,0.1243089876500681,1.447196288300608e-05,0.12430898849247586
4,5,0,0.1234636410631995,4.579236468415469e-05,0.12346364955533765
4,6,0,0.1240524216324563,0.000247314000748891,0.12405266815789041
4,7,0,0.1246122387692889,0.0001337987800940434,0.1246123106005495
4,8,0,0.1239259019335238,0.0001801309137329298,0.12392603284695045
4,9,0,0.1239982183419857,0.0003244575801566668,0.12399864283413782
4,10,0,0.1247956387623836,2.207880475736829e-05,0.12479564071547114
4,11,0,0.1241975500618175,6.825551041961833e-05,0.12419756881747873
4,12,0,0.1237953442795783,-0.0003512483676379583,0.12379584258251604
4,13,0,0.1242137796850903,0.0001153615505116829,0.12421383325517125
4,14,0,0.1239443823855642,0.0002813169708696527,0.12394470163817836
4,15,0,0.1240000140246532,0.0001644455329804429,0.12400012306625953
4,16,0,0.1242557590841378,0.0001176549256391199,0.1242558147864993
4,17,0,0.1245398375652842,0.000175828011337276,0.12453996168409939
4,18,0,0.1246282784021009,-0.000157096126026382,0.12462837741326967
4,19,0,0.1237557317261007,-3.277285690226304e-05,0.12375573606553661
4,20,0,0.1242461938301668,0.0002880283173478034,0.12424652768425754
4,21,0,0.1245323762846381,7.562646728275167e-05,0.12453239924799188
4,22,0,0.1246507443887326,-0.0002435560773889136,0.12465098233158045
4,23,0,0.124532332668294,2.942353237886378e-05,0.12453233614427581
4,24,0,0.1241830727182943,0.0001659417449504941,0.12418318358948562
4,25,0,0.12371401070597,0.000252764053517269,0.12371426892086301
4,26,0,0.1233277798143685,-0.0001457344520477468,0.1233278659203664
4,27,0,0.1235620981947611,-2.200163584282132e-05,0.12356210015358175
4,28,0,0.1242140674213215,0.0001031208822299968,0.12421411022611302
4,29,0,0.1240437297938858,-0.000224821017375418,0.12404393353029565
4,30,0,0.1239967058564445,-0.0001630729890262186,0.12399681308827808
4,31,0,0.1241599732108483,-0.0001173168357899781,0.12416002863626655
4,32,0,0.124489681443787,4.110616394804496e-05,0.12448968823036019
4,33,0,0.1242400941946316,0.0002405477112813971,0.12424032706288379
4,34,0,0.1242852533789169,-5.195046257239327e-05,0.12428526423640147
4,35,0,0.123874694051872,-0.0002372321637248144,0.1238749212130704
4,36,0,0.123913915096709,-0.0002417480724139864,0.12391415091394897
4,37,0,0.1243643651440251,0.0001591058593275138,0.12436446692022154
4,38,0,0.1246582278026649,-0.0001024474350764263,0.12465826989966632
4,39,0,0.124435985669354,-1.330683487881656e-06,0.12443598567646898
4,40,0,0.1235235310445341,0.0003550793004937151,0.12352404139688605
4,41,0,0.1242470787134066,-0.0001193320477311514,0.12424713601911744
4,42,0,0.1245248903067424,-0.0001066972411967516,0.12452493601768083
4,43,0,0.124373982547167,0.0003444379531177346,0.12437445948484178
4,44,0,0.1240335144886634,-6.300280270171111e-05,0.12403353048979386
4,45,0,0.124175634077634,-0.000106880023247216,0.12417568007432787
4,46,0,0.124411090130359,0.0001494294287498661,0.12441117986973071
4,47,0,0.1241981350602895,2.42862226123298e-05,0.12419813743480423
4,48,0,0.1245498885671179,-0.0001423889593608238,0.12454996995863642
4,49,0,0.1243817054625744,-0.0003096923806686616,0.12438209100650004
4,50,0,0.1245476441573577,0.0003788166600376039,0.12454822024906546
4,51,0,0.1247884507566713,-8.548136571322957e-05,0.12478848003447299
4,52,0,0.124757145776625,0.0001435317805960349,0.12475722834249767
4,53,0,0.1249514243291066,0.0001453715496769572,0.12495150889349
4,54,0,0.1241902572379625,-3.836441591835124e-05,0.12419026316366233
4,55,0,0.1244256949341232,0.0001214668891115676,0.12442575422333048
4,56,0,0.1243226278607729,0.0002069220029726326,0.1243228000606628
4,57,0,0.1242853353833289,0.0003070569068930239,0.12428571468712973
4,58,0,0.1243147183441152,0.0002916033343798896,0.12431506034862112
4,59,0,0.1242757909408294,0.0001534180480128487,0.12427588563782674
4,60,0,0.1242110430829977,-0.0003126752536556772,0.12421143662956548
4,61,0,0.124588494602404,0.0001969873560798061,0.12458865033104623
4,62,0,0.1242934031867654,0.0001668933629124022,0.12429351523366941
4,63,0,0.1242140328741446,-0.0001124469380798539,0.12421408377141846
4,64,0,0.1237941501808408,5.446542366426129e-05,0.12379416216235296
4,65,0,0.1238774585894974,0.0001186212098891635,0.12387751538347902
4,66,0,0.1234153899170747,-0.0001800882329410249,0.12341552130974137
4,67,0,0.1230138707617195,-0.0001360984081659899,0.12301394604904654
4,68,0,0.1243778732791991,-0.0002508736028182076,0.12437812628843184
4,69,0,0.1245174675587727,0.0003410523773797286,0.12451793462780424
4,70,0,0.1241544310897471,7.195753628993853e-05,0.12415445194235199
4,71,0,0.124488692403555,-0.0001143091848116185,0.12448874488457447
4,72,0,0.1241732441235659,1.056670505240375e-05,0.12417324457316056
4,73,0,0.1243334295181575,-0.0001327742052771704,0.12433350041214244
4,74,0,0.1238405989837088,0.0001934716646649058,0.12384075011048991
4,75,0,0.1236707042032744,-4.311189007741888e-06,0.12367070427841892
4,76,0,0.1240750214422823,-3.24837633195375e-05,0.12407502569452764
4,77,0,0.1243778836459629,-6.435164587629725e-05,0.12437790029335201
4,78,0,0.1241911565625535,0.000128773321512207,0.12419122332481072
4,79,0,0.124072221770341,1.021857530965275e-05,0.12407222219114139
4,80,0,0.1233586820818324,1.537689999720785e-05,0.12335868304021266
4,81,0,0.1241232569724772,0.0003645248798899133,0.12412379223921444
4,82,0,0.1243792318272978,9.466850479494685e-05,0.1243792678547132
4,83,0,0.1242772104995706,0.0001407409495547821,0.12427729019241393
4,84,0,0.1240400180787514,-0.000122810651319626,0.12404007887547093
4,85,0,0.1239635289242492,5.874273461826307e-05,0.12396354284249074
4,86,0,0.123592932437151,-4.16452813144191e-05,0.12359293945344786
4,87,0,0.12353513479946,-8.690845100930513e-05,0.12353516537002576
4,88,0,0.1236081968393651,-0.0001070924861346826,0.12360824323110418
4,89,0,0.123409906885591,7.584680503015562e-05,0.12340993019302812
4,90,0,0.1235728587035114,-0.000246505484432833,0.12357310457017678
4,91,0,0.123916947402116,-9.706931258116228e-06,0.1239169477823082
4,92,0,0.123617670260003,-6.666954739027374e-05,0.12361768823812949
4,93,0,0.1242119330876147,0.0001396818132677553,0.12421201162677879
4,94,0,0.1235810408667468,9.050379642510892e-05,0.12358107400668482
4,95,0,0.1249653419442709,0.0001178262946069854,0.12496539749180272
4,96,0,0.1245472562513604,0.0003935277332274751,0.12454787795791164
4,97,0,0.1240364770916935,-0.0002244574737713623,0.12403668018161297
4,98,0,0.1241681428320453,6.040537783777256e-05,0.12416815752506306
4,99,0,0.1240490675916022,0.0001770610682381981,0.1240491939553328
4,100,0,0.1243836198054446,-7.316914259199159e-05,0.12438364132645746
5,1,0,0.07630298560967394,-0.0002401132495940342,0.07630336340766859
5,2,0,0.0767951409604986,-2.08384138405991e-05,0.07679514378775744
5,3,0,0.07622927147967665,-0.0001273786203762134,0.0762293779040284
5,4,0,0.07692061517658363,-0.0001141789887436181,0.0769206999187185
5,5,0,0.07637763977502653,8.341644504864369e-05,0.07637768532697897
5,6,0,0.07673238473245718,0.0003272254294642549,0.07673308245607964
5,7,0,0.07734924177415264,0.0001628151977457749,0.07734941313174223
5,8,0,0.0764795134809714,0.000266376764613124,0.07647997737229537
5,9,0,0.07680024319806743,0.0004436850602582101,0.07680152480071603
5,10,0,0.07737484026698584,-6.992996294684706e-06,0.07737484058299293
5,11,0,0.0768549251558542,4.339863364515487e-05,0.07685493740907835
5,12,0,0.07664625442225573,-0.0002775763087895679,0.07664675704534639
5,13,0,0.07680046026393408,4.297846473924623e-05,0.076800472289567
5,14,0,0.07667814421880771,0.0003155158013333769,0.07667879335944956
5,15,0,0.07688855024138075,0.0002303273499389833,0.07688889522492479
5,16,0,0.07689295043888499,6.025067998287742e-05,0.07689297404406505
5,17,0,0.0773782509580376,0.0002539620120164864,0.07737866771939535
5,18,0,0.07718165796662071,-0.000109266638776001,0.07718173531137258
5,19,0,0.0766673995640539,6.164647576591157e-05,0.07666742434829976
5,20,0,0.07688713909392834,9.268531805404936e-05,0.0768871949587008
5,21,0,0.07720251365446335,0.0001916579460448739,0.07720275155288107
5,22,0,0.07728858467513003,-0.0001700104635350495,0.07728877165955256
5,23,0,0.0769512961732093,-2.456965925863214e-05,0.07695130009561328
5,24,0,0.0768884131411665,0.0002236036852628374,0.07688873827794789
5,25,0,0.0763436051656279,0.0001728360211321626,0.07634380080907346
5,26,0,0.07618288046520212,-0.0001479607732915856,0.07618302414820317
5,27,0,0.07642702111034563,5.67065574032644e-05,0.07642704214762515
5,28,0,0.0768551294810174,0.0001297442035180889,0.07685523899580494
5,29,0,0.07662372506877826,-0.0003318493571330758,0.0766244436678763
5,30,0,0.07674829171541564,3.318565093072333e-05,0.07674829889008593
5,31,0,0.07692193481457425,-4.035365743336659e-06,0.07692193492042297
5,32,0,0.07711303077021717,0.0001063645943805214,0.07711310412631174
5,33,0,0.07680765496446204,0.0003815007015521803,0.07680860240835746
5,34,0,0.0768665812336149,0.0001376003033787715,0.07686670439395335
5,35,0,0.07688101815377568,-0.0003594968057766443,0.07688185865543672
5,36,0,0.07658593519265253,-0.000203213840615006,0.07658620479693579
5,37,0,0.0772372448220228,0.0001098612782331486,0.07723732295462823
5,38,0,0.07730604932947262,-8.455038520960672e-05,0.07730609556625204
5,39,0,0.07703594960315385,2.858572461366735e-05,0.07703595490680512
5,40,0,0.07658310390981536,0.0003025434734549298,0.07658370151027506
5,41,0,0.07695735697743258,-1.743551224338807e-05,0.07695735895253343
5,42,0,0.07709516406278737,-0.0001178695585221726,0.07709525416717249
5,43,0,0.07746786662992301,0.0004285160609713646,0.07746905179622408
5,44,0,0.07691998218812597,-0.0001520453843570782,0.07692013245971772
5,45,0,0.07675036768271473,2.274297773613043e-05,0.07675037105235999
5,46,0,0.07706257025083327,0.0003175540627402786,0.07706322452536861
5,47,0,0.07672476357894967,0.0001380057778405802,0.076724887695196
5,48,0,0.07714368527034887,-3.887277188960576e-05,0.07714369506436049
5,49,0,0.07661836898613444,-0.0003236327778488359,0.07661905248872727
5,50,0,0.07725446742198444,0.0003996443242466016,0.07725550111312694
5,51,0,0.07713926474393214,-0.0001067539199312515,0.0771393386128885
5,52,0,0.076971658925247,-3.895367828424515e-05,0.07697166878204999
5,53,0,0.07755533643649164,2.157848941919959e-05,0.07755533943842044
5,54,0,0.07695175487750726,8.308078605386792e-05,0.07695179972648446
5,55,0,0.07683154577328852,-1.745931582422084e-05,0.07683154775702906
5,56,0,0.07686925947708363,0.0003024702483355172,0.07686985456475341
5,57,0,0.07693360305646968,0.000209493541605563,0.07693388828594598
5,58,0,0.07685894823905402,0.0004311197585297359,0.07686015735515886
5,59,0,0.07712109360346069,0.000103788555901242,0.07712116344206744
5,60,0,0.07698912387406458,-0.0002208496665528303,0.07698944063617605
5,61,0,0.07718209081580421,-2.869166384123722e-05,0.07718209614872236
5,62,0,0.07692814041281186,-2.686834211259269e-05,0.0769281451049036
5,63,0,0.07689196422260716,-4.965168776167884e-05,0.07689198025347506
5,64,0,0.07659997554250186,-0.0001380117052113771,0.07660009987162326
5,65,0,0.07664033482064464,-3.235895490487546e-06,0.07664033488895736
5,66,0,0.07631408058932866,-0.0001916430508265185,0.07631432121989606
5,67,0,0.07603128493977733,-9.605381043057188e-06,0.07603128554652326
5,68,0,0.07718166155652278,-0.0002359025142856602,0.07718202206875557
5,69,0,0.07724176487112626,0.0003980489380481126,0.07724279049441077
5,70,0,0.07664895261172003,0.0001409091584086955,0.07664908213321688
5,71,0,0.07716931271786065,1.642376782858689e-05,0.07716931446557704
5,72,0,0.07688729474696288,-3.144509448866233e-05,0.0768873011771145
5,73,0,0.07675595166193491,-0.0001098640942046207,0.0767560302884958
5,74,0,0.07662277039999527,1.070338684215456e-05,0.07662277114756996
5,75,0,0.0765834360238217,-5.604517895698857e-05,0.0765834565312697
5,76,0,0.07659177543331665,-0.0001555816689025089,0.07659193345048358
5,77,0,0.07686573269578412,-2.62893295809393e-05,0.07686573719147294
5,78,0,0.07692134996824415,-3.495308592155941e-05,0.07692135790959043
5,79,0,0.07689499922732213,1.660909081690947e-05,0.07689500102107917
5,80,0,0.07621129862698009,1.445570493250687e-05,0.076211299997954
5,81,0,0.07688492686065929,0.0003032695773470812,0.0768855249758072
5,82,0,0.07724197136675254,0.0002314710892866708,0.07724231819079094
5,83,0,0.07688996342932174,3.912683786491631e-05,0.07688997338451792
5,84,0,0.0766873166985374,-3.747673373344354e-05,0.07668732585588928
5,85,0,0.07655400451303991,0.0002380725502452642,0.07655437469878332
5,86,0,0.07645447306602182,-3.014327722032315e-05,0.0764544790082322
5,87,0,0.07642208750689558,0.0002196062434847578,0.07642240303611096
5,88,0,0.07609299136011763,0.0001316336759432756,0.07609310521693526
5,89,0,0.07624177720109247,-8.157106078403646e-05,0.07624182083751005
5,90,0,0.07648770536055423,-0.0001248097580673093,0.07648780719041869
5,91,0,0.07660319627829579,-0.0001049392872008395,0.07660326815681631
5,92,0,0.07642478342573704,4.84354333009155e-06,0.07642478357922071
5,93,0,0.07687429578826133,0.0002930434298924206,0.07687485432436862
5,94,0,0.0764098767308196,-7.699292891799246e-05,0.07640991552102482
5,95,0,0.07770742321842382,-5.387228372360672e-05,0.0777074418924609
5,96,0,0.07737718802071916,0.0002981792335952889,0.07737776254744687
5,97,0,0.07687533831528418,-7.604102092918062e-05,0.0768753759231541
5,98,0,0.07682798186587804,8.197561709858495e-05,0.07682802559994291
5,99,0,0.07660698543343962,0.0001352126086875713,0.07660710475960293
5,100,0,0.0770952212360925,-0.0001387350523585659,0.07709534606483585
6,1,0,0.04703895244155696,-0.0001764956592908814,0.047039283556584974
6,2,0,0.0473414369221016,-0.0001511717919558032,0.04734167828415051
6,3,0,0.04705266591170096,-6.172863392907987e-05,0.04705270640273939
6,4,0,0.04756311317017388,-6.379088609330337e-05,0.047563155947812345
6,5,0,0.04726586173914684,3.074518380473709e-05,0.04726587173860725
6,6,0,0.0472730254333065,0.0002864461739747007,0.04727389327132501
6,7,0,0.04801137141127556,8.581262662438764e-05,0.048011448099368303
6,8,0,0.04747728892028603,0.0001605535049717118,0.047477560390654795
6,9,0,0.04757635774472104,0.0004571813215481211,0.047578554318247736
6,10,0,0.04799701580560264,1.652827940318181e-05,0.04799701865144636
6,11,0,0.04750029951977668,7.409898010939201e-05,0.047500357315786064
6,12,0,0.0473626708362329,-0.000116132941578722,0.047362813214603984
6,13,0,0.04731590460406727,0.0001197177154042391,0.047316056057458714
6,14,0,0.04753415824002633,0.0001553329621244223,0.0475344120392478
6,15,0,0.04757512103809431,6.451861659331976e-05,0.047575164786274896
6,16,0,0.04755826611392188,-4.046772584423898e-05,0.04755828333108172
6,17,0,0.04777173934379808,0.0002120107627263369,0.04777220979288374
6,18,0,0.04794873355074685,-4.385881323423632e-05,0.047948753609619664
6,19,0,0.04745433055133135,-4.495227150463948e-05,0.04745435184239411
6,20,0,0.04749938804189641,-7.753060309619421e-05,0.04749945131629489
6,21,0,0.04771202846743031,0.0002586736919132046,0.04771272966992948
6,22,0,0.04789546182085794,-0.0001817404527114255,0.04789580662882098
6,23,0,0.04760911534827852,4.644969951369778e-05,0.047609138007532484
6,24,0,0.04786984711470567,0.0001029912842050979,0.04786995790670717
6,25,0,0.04731451376579124,2.357219283434331e-05,0.04731451963764954
6,26,0,0.04715044411325767,-1.609192607427519e-05,0.04715044685925595
6,27,0,0.04739682081236086,0.0001258538641322691,0.04739698790339066
6,28,0,0.0474371253057054,-1.222677253452082e-05,0.0474371268814118
6,29,0,0.04738557157390404,-0.000416356884766301,0.047387400714125213
6,30,0,0.04735564697115054,7.172263310054339e-05,0.047355701284980865
6,31,0,0.04763373599779725,3.112885027480912e-05,0.047633746169214584
6,32,0,0.04808500625035139,0.0001732278051991032,0.048085318278751434
6,33,0,0.04758202545735891,0.0002851193616369723,0.04758287969086288
6,34,0,0.04765847257200268,-3.611961234972395e-05,0.04765848625924588
6,35,0,0.04769950118309625,-0.0003224997788864018,0.047700591392807516
6,36,0,0.04749834309059292,-0.000276370613927579,0.04749914711937383
6,37,0,0.04798985131084711,0.0002694740262502009,0.047990607884127054
6,38,0,0.04782127146747879,-7.645824938755267e-05,0.04782133258944381
6,39,0,0.0476622499966044,0.000128000102173329,0.047662421872634336
6,40,0,0.04741287835370996,0.0002664213767996122,0.0474136268822974
6,41,0,0.04761760633698621,-2.640384238771597e-05,0.04761761365741759
6,42,0,0.04791984294621496,-6.215267027353386e-05,0.047919883252615814
6,43,0,0.04818244789100255,0.000293874383041434,0.04818334408197696
6,44,0,0.04774897302490401,-0.00016384452827741,0.04774925412990717
6,45,0,0.04737430772084705,0.0002311494605704915,0.047374871631516116
6,46,0,0.04792970910521039,0.0002007621129086693,0.04793012956727811
6,47,0,0.04732266591872382,2.116858489818106e-05,0.04732267065333624
6,48,0,0.0478281337278063,-3.927985851713874e-05,0.047828149857507635
6,49,0,0.04732400355336755,-0.0001947401928776284,0.04732440423356502
6,50,0,0.04821765403712703,0.0002102318498117683,0.048218112346656086
6,51,0,0.04787382269973078,-0.0001843541268538973,0.04787417765695141
6,52,0,0.04757299836437807,-0.0002139041565261491,0.0475734792543629
6,53,0,0.04821533796118577,-7.236702246253191e-05,0.04821539226945376
6,54,0,0.04766050788167707,0.0001320266709395635,0.047660690748049815
6,55,0,0.04763145385519916,-0.0001063321622878189,0.04763157254268122
6,56,0,0.04763816632351028,9.129202282627069e-05,0.04763825379776069
6,57,0,0.0474914098172367,0.0002586649912953697,0.04749211422969553
6,58,0,0.04752148876544496,0.0004230559250136335,0.047523371837444366
6,59,0,0.04787717863382841,-0.0001168286149390167,0.047877321174652036
6,60,0,0.04783124549932136,-0.0003228529861928424,0.04783233508900693
6,61,0,0.04793233830965379,8.74581516022009e-05,0.04793241809839543
6,62,0,0.04776408365310356,8.86545970243877e-05,0.047764165928635756
6,63,0,0.04746164386384353,-7.060640782653367e-05,0.04746169638269519
6,64,0,0.04752458117567587,-0.0001686268521747365,0.04752488033586912
6,65,0,0.04750117724296828,-7.009491417132615e-05,0.047501228960574064
6,66,0,0.04724671743486529,-0.0003036177393470938,0.04724769298179171
6,67,0,0.0470304431519892,-2.198421117445693e-06,0.0470304432033714
6,68,0,0.04799482728970306,-6.134376154028516e-05,0.04799486649242297
6,69,0,0.04795354045862555,0.0002649657380331471,0.04795427248284942
6,70,0,0.04724758255255338,3.012785737088125e-05,0.047247592158205655
6,71,0,0.04783057000445381,-1.613447195246638e-05,0.04783057272573831
6,72,0,0.04773362128433976,-0.0001496320921853877,0.04773385581198931
6,73,0,0.04741481574097064,-0.000196053005454579,0.04741522106382237
6,74,0,0.0472709788702181,7.177181170741419e-05,0.047271033355973525
6,75,0,0.04762191475214495,-2.318882905191436e-05,0.047621920397883516
6,76,0,0.0474940771683596,-0.0002812604565741882,0.04749490997484392
6,77,0,0.04745980513636782,4.418914215171809e-06,0.04745980534208719
6,78,0,0.04765698548275783,-0.0001548434805095224,0.047657237034969276
6,79,0,0.04777319751193762,8.594549058246794e-05,0.04777327482120055
6,80,0,0.04722705665686494,-0.0001683390320199566,0.04722735667492341
6,81,0,0.04760737915291961,0.0002456463789959404,0.04760801289650051
6,82,0,0.04780232420562069,0.0003653340483810431,0.04780372023625542
6,83,0,0.04744874815097112,-0.0001757643819340467,0.04744907369182503
6,84,0,0.04754963795231968,-0.000197492966602267,0.04755004808481835
6,85,0,0.04741377608705794,0.0004126968918770939,0.047415572142053
6,86,0,0.04717080248182225,-0.000100168367385427,0.047170908836706896
6,87,0,0.04724875915491137,0.0002238333106070648,0.04724928933888592
6,88,0,0.04679090502636736,0.0001468969430759306,0.04679113561240436
6,89,0,0.04726713335278993,-0.0001430200321116879,0.047267349726000205
6,90,0,0.04738451665345418,-0.0001615502583677386,0.047384792043096015
6,91,0,0.04731957014237854,4.425277122278551e-05,0.047319590834740355
6,92,0,0.04716141153165065,0.0001075941814993373,0.047161534264330326
6,93,0,0.04768542719132439,0.0003529697477303979,0.047686733522667626
6,94,0,0.04733891360374374,-3.283741610608185e-05,0.047338924992849286
6,95,0,0.04832466130517816,-0.0002564325596809714,0.048325341674093185
6,96,0,0.04800694269356605,0.0002303423008133298,0.04800749529353597
6,97,0,0.0475817411831112,1.866592914252821e-05,0.04758174484435697
6,98,0,0.0474431373168208,0.0002081868160761765,0.04744359409038382
6,99,0,0.04740299824064045,0.0003216402369737281,0.04740408942954396
6,100,0,0.04785847075214598,-0.0001133895452012202,0.04785860507707024
7,1,0,0.02924876237946377,2.994613856217762e-06,0.02924876253276448
7,2,0,0.02915934815549598,-0.0001665101051134931,0.029159823567170836
7,3,0,0.02912555714933076,0.0002066762451781833,0.02912629043200066
7,4,0,0.02928474316166313,0.0001134017462362351,0.02928496272834618
7,5,0,0.02919002045125709,1.867952863421605e-05,0.029190026428038692
7,6,0,0.02919984268285723,0.0002744257454754622,0.029201132207388646
7,7,0,0.029907571128765,7.601658928955464e-05,0.029907667734946918
7,8,0,0.02938816024084875,5.419157705577854e-05,0.029388210205264748
7,9,0,0.02952477859505132,0.0004292790236275238,0.029527899206799782
7,10,0,0.02987158128682015,-3.601722608819269e-05,0.029871603000436363
7,11,0,0.02935669613363656,0.000294942677875134,0.029358177720456423
7,12,0,0.02922463772391424,-0.0001373713496110546,0.029224960581354514
7,13,0,0.02936095087728959,-8.932077518075706e-05,0.029361086741118612
7,14,0,0.02937358886483911,0.0001315670454213072,0.02937388351389787
7,15,0,0.02953477298656377,5.63863456603552e-05,0.02953482681154291
7,16,0,0.02927887736656843,0.0001082854765027713,0.0292790776082679
7,17,0,0.02951961230999174,0.0004319276683593726,0.029522772099565962
7,18,0,0.02969203013956382,-9.538356434146396e-05,0.02969218334567387
7,19,0,0.02924740326191958,2.830996469829381e-06,0.029247403398932444
7,20,0,0.02929505523171583,-0.0002604884456879462,0.029296213326292155
7,21,0,0.02961499177842391,0.0003629880408140886,0.029617216249233986
7,22,0,0.02988670972368023,3.304154852608742e-05,0.029886727988380588
7,23,0,0.02946122846695826,-5.074464648734967e-05,0.029461272168755017
7,24,0,0.02959441198620501,0.0001460798046850739,0.029594772513377623
7,25,0,0.02951000219369739,1.250884112147236e-05,0.029510004844851025
7,26,0,0.02931229837931273,-0.0001738377253967024,0.029312813850475544
7,27,0,0.02933345295764159,0.0001885474242318865,0.02933405891705675
7,28,0,0.02940077901553651,2.416719105555144e-05,0.029400788948147898
7,29,0,0.0292099333751512,-0.0004965003815935227,0.02921415274160273
7,30,0,0.02924849285740346,2.911030560091037e-05,0.029248507343785486
7,31,0,0.02967716461611293,0.000209118671291337,0.029677901379149906
7,32,0,0.02955057432480036,0.0001949457917202981,0.02955121734865181
7,33,0,0.02950146739510471,0.0003210026250721588,0.029503213742738763
7,34,0,0.02978319843986557,-1.703619249468998e-05,0.02978320331227428
7,35,0,0.02975199076297062,-0.0001216477951783559,0.029752239454299247
7,36,0,0.02948119368790552,-0.0001204732741229342,0.029481439840577297
7,37,0,0.02980095349299568,0.0002440272085297249,0.029801952593247884
7,38,0,0.0297037594339837,-2.905384955285489e-05,0.02970377364306006
7,39,0,0.02944450395015211,3.433804528217509e-05,0.029444523972580655
7,40,0,0.02940661313398844,0.000125820910635506,0.02940688230522941
7,41,0,0.02945431098004784,-0.0001496381113905937,0.029454691084337434
7,42,0,0.02993733291201017,2.020624362395637e-05,0.02993733973112522
7,43,0,0.02997548550848852,-7.992486527643696e-05,0.029975592061770768
7,44,0,0.02957922060987227,-0.0002699685995878303,0.02958045258159949
7,45,0,0.02928172051044928,0.0001867185804028028,0.02928231582167527
7,46,0,0.02972182601776591,0.0002430731619225549,0.029722819960299754
7,47,0,0.02905048415466499,-0.000118890575759971,0.029050727436493673
7,48,0,0.02969086493805543,-6.061282446526421e-05,0.029690926807432922
7,49,0,0.02943537127579287,0.0001759886224053392,0.029435897372748602
7,50,0,0.02997217802787541,1.03344794727344e-05,0.029972179809552114
7,51,0,0.02963570716764936,-0.0001234611224568795,0.02963596433348208
7,52,0,0.02933742664190962,-0.0002684105536246365,0.029338654471443053
7,53,0,0.02978009579730127,0.0001366775862972742,0.029780409440755457
7,54,0,0.02950519797632939,3.665581927170186e-05,0.029505220746021854
7,55,0,0.02966202790865281,-7.638494160122305e-05,0.029662126260822937
7,56,0,0.02925516326060405,0.0001001909354640157,0.02925533482338129
7,57,0,0.0294788520872025,0.0002703995982463022,0.029480092203415763
7,58,0,0.02955695311436015,0.0002728170077786169,0.029558212167250873
7,59,0,0.02978450393268959,6.8811719150077e-05,0.02978458342111056
7,60,0,0.02958447219406579,-0.0003551797564893454,0.029586604192790893
7,61,0,0.02970165516381841,0.0002612726734931456,0.029702804293202604
7,62,0,0.02974389111295986,0.0002575107628699171,0.029745005804884397
7,63,0,0.029522289339423,5.447526060285242e-05,0.02952233959893129
7,64,0,0.02958196736154295,-0.0001168618446021129,0.02958219818860857
7,65,0,0.02951862476049541,1.58718277212355e-05,0.029518629027545436
7,66,0,0.02922106970876951,-0.000179654999262699,0.029221621974892618
7,67,0,0.02913260627734535,2.473342512005924e-05,0.029132616776615515
7,68,0,0.02980492640119268,-1.749040848661469e-05,0.02980493153313561
7,69,0,0.02986191290142644,1.587567455456545e-05,0.029861917121467962
7,70,0,0.02914490887253874,-0.0001306018408707595,0.029145201492345636
7,71,0,0.02967964511485277,2.499625790768859e-05,0.02967965564080071
7,72,0,0.02949776594573751,-0.0001744684816530158,0.029498281899809044
7,73,0,0.02968033486868723,-0.0001859133632833895,0.02968091713030543
7,74,0,0.02928650589070202,7.845890862463686e-05,0.029286610986702894
7,75,0,0.02971868452017159,5.438929254562305e-05,0.029718734290084262
7,76,0,0.0293403411533257,-0.0003329800025793298,0.02934223056748848
7,77,0,0.02945647340377629,0.0002434280309688834,0.029457479230131714
7,78,0,0.02962046447539721,-0.0001537284514721106,0.02962086339347758
7,79,0,0.02965681148773515,-5.726134043301115e-06,0.029656812040535826
7,80,0,0.02913769306607808,-0.0002678894512152843,0.029138924516375807
7,81,0,0.0294801174690243,0.0003960115033774833,0.029482777194461837
7,82,0,0.02972773141249102,0.0002980247697058913,0.029729225245481317
7,83,0,0.02918529802848415,-0.0002459347486745898,0.029186334215040546
7,84,0,0.02935656092882999,-0.0003785421388040263,0.029359001408749547
7,85,0,0.02941688153014569,0.0003854302359972123,0.029419406442439445
7,86,0,0.02938054197968248,-1.239452006470603e-05,0.029380544594067894
7,87,0,0.0291796354067593,9.04674263232171e-05,0.029179775647297675
7,88,0,0.0289221234019627,-4.89747046247836e-05,0.028922164867105842
7,89,0,0.02939328249432577,-0.0001930775799181893,0.029393916628158025
7,90,0,0.02937066980078463,-0.0002956325897685714,0.02937215761865062
7,91,0,0.02931858086392388,7.743859712766158e-05,0.029318683132275376
7,92,0,0.02903713097644764,-8.352584187812067e-05,0.029037251108010146
7,93,0,0.02968307574360704,0.0004113609673299393,0.029685926016315464
7,94,0,0.02923147713122054,-0.0001976288832186148,0.029232145190672403
7,95,0,0.02997112843675693,-7.658437020012857e-05,0.02997122628352632
7,96,0,0.02991477565715146,-2.096661611387696e-05,0.029914783004673335
7,97,0,0.0296841767479775,0.0001320965296796989,0.0296844706656245
7,98,0,0.02952457453762405,0.0003938341298095274,0.02952720113640169
7,99,0,0.02943954824734966,0.0001966739313995701,0.029440205190238072
7,100,0,0.02955967529356275,7.017236541915632e-05,0.02955975858530872
8,1,0,0.01817157029224709,-0.0002015179667527476,0.018172687648694157
8,2,0,0.01798179757175296,-0.0002951708415039504,0.01798422002026151
8,3,0,0.0180574326204133,0.0004700182312673863,0.018063548654084834
8,4,0,0.01789602240646622,0.0003419773256244326,0.01789928955193424
8,5,0,0.01803353958977874,-1.135768788768097e-05,0.018033543166366153
8,6,0,0.01803260807838696,0.0004990418156180672,0.01803951210100877
8,7,0,0.01843852496529496,-5.106721439122886e-05,0.018438595682865634
8,8,0,0.01821137154760392,-1.045523336770309e-05,0.0182113745488028
8,9,0,0.0183339887957418,0.0002421776048928687,0.018335588214036046
8,10,0,0.0185892170963071,1.234549377210953e-05,0.018589221195758916
8,11,0,0.01833199681261716,0.0004078370856373275,0.01833653288455118
8,12,0,0.01788885250105678,-4.177539185999645e-05,0.017888901279506535
8,13,0,0.01816367921934632,-0.0002292827459539694,0.018165126296310345
8,14,0,0.01816117898947907,3.90601907602527e-05,0.018161220993820826
8,15,0,0.01811225696523826,0.0001530251743517348,0.01811290338622738
8,16,0,0.01805418780467021,3.67382724589039e-05,0.018054225183789137
8,17,0,0.01837315155323059,0.0004095752051438994,0.01837771612161447
8,18,0,0.01841265857050877,-3.616825794784995e-05,0.018412694093396898
8,19,0,0.01801373945780388,7.758081526621917e-05,0.018013906517924914
8,20,0,0.01798870308155349,-0.0004155841137735798,0.01799350295834341
8,21,0,0.01826209156461142,0.0002599543768306293,0.018263941649936496
8,22,0,0.01869108926031053,4.56270999027805e-05,0.01869114495072844
8,23,0,0.01827515207379516,-6.330736325288049e-05,0.01827526172569306
8,24,0,0.01840112914725378,0.0002157156784943661,0.018402393516818973
8,25,0,0.01835910375584704,-6.301541591908032e-05,0.018359211901947215
8,26,0,0.0178760568636811,-0.0001439849720236266,0.017876636726905003
8,27,0,0.0182165866557937,0.0003607081348169784,0.01822015751157394
8,28,0,0.01817567954448344,4.398535107198348e-05,0.018175732766930273
8,29,0,0.01801727708764983,-0.0004341732583239849,0.01802250759665245
8,30,0,0.01797995327789949,-3.125996045700523e-05,0.01797998045217448
8,31,0,0.01869071296298508,0.0001421604532319786,0.01869125358715037
8,32,0,0.01813258128375639,0.0001467127929637857,0.018133174809052383
8,33,0,0.01828786911843109,0.0002995513747222192,0.01829032224754292
8,34,0,0.01840672306462665,4.142196257166519e-05,0.018406769671966944
8,35,0,0.01829993175526479,-4.123220236877869e-05,0.018299978206048794
8,36,0,0.0180713691686415,2.524365493964041e-05,0.01807138679989561
8,37,0,0.01847253152457492,0.0002295490471174478,0.018473957715969977
8,38,0,0.01839140527689846,4.265471092440467e-05,0.01839145474081625
8,39,0,0.01820788478184919,0.0002168819426689658,0.018209176423060743
8,40,0,0.01835090638813983,0.0002616611558831004,0.018352771775041753
8,41,0,0.01824183027267372,-2.027992243185542e-05,0.018241841545531778
8,42,0,0.01861505517159843,0.0001552763228414778,0.018615702774219634
8,43,0,0.01869772292033923,-6.589312030255889e-06,0.01869772408141729
8,44,0,0.01837128394388357,-0.0002252022863025681,0.01837266420028816
8,45,0,0.01804980745539576,2.480433024889881e-05,0.018049824498638747
8,46,0,0.01840225222666803,0.0002164829263898677,0.01840352552831459
8,47,0,0.017729008569244,-0.000237223241315465,0.017730595582623486
8,48,0,0.01842042105538117,-4.588968927111549e-05,0.018420478216406636
8,49,0,0.01817889166889565,0.0001420412079389977,0.01817944658162609
8,50,0,0.01840624829732629,-2.466030766772122e-05,0.018406264817001878
8,51,0,0.01843167808909041,-0.0002078248859384607,0.018432849708145262
8,52,0,0.01825909068500607,-0.0003204190217210567,0.018261901899658647
8,53,0,0.01838442802443212,0.0001302551541296494,0.018384889452773504
8,54,0,0.01814221548397576,6.624995592903096e-05,0.018142336446105016
8,55,0,0.01847652529368242,9.141740549466938e-06,0.01847652755523901
8,56,0,0.0179915064451465,2.895476524476516e-05,0.017991529744415244
8,57,0,0.01836692852748868,0.0001070441045148248,0.018367240456154236
8,58,0,0.01838553304678215,0.0002666175612625866,0.018387466120656542
8,59,0,0.01836535324454419,0.0002341810822651239,0.01836684623380347
8,60,0,0.01833012096980058,-0.0004071816131318027,0.01833464293717212
8,61,0,0.01841787236503919,0.0001842354309430644,0.018418793802768115
8,62,0,0.0185452283493688,0.0001565404219596972,0.018545889017082453
8,63,0,0.01838000108527512,0.0001691385464286332,0.018380779301830557
8,64,0,0.01815747791652397,-4.407638584850358e-05,0.018157531413076095
8,65,0,0.01821597405858242,0.0001550497042057195,0.01821663391830999
8,66,0,0.01822440962589534,-0.0002749421259092349,0.018226483461848207
8,67,0,0.01829790140898973,6.697147221912392e-05,0.018298023968483578
8,68,0,0.01860321477891662,-2.514268153237917e-05,0.01860323176937105
8,69,0,0.01859374453043108,-3.237812328765829e-05,0.018593772721150578
8,70,0,0.01799215538710799,-0.0001556975553819945,0.017992829049446088
8,71,0,0.0183081515345132,1.674286669620531e-05,0.0183081591902158
8,72,0,0.01834835443785403,-8.146362130705937e-05,0.01834853527938168
8,73,0,0.01858662476997763,6.590757278161044e-05,0.018586741622675446
8,74,0,0.01814837419107665,0.0002306211999534597,0.018149839446044834
8,75,0,0.01834557435882524,0.0002196505179289006,0.018346889243280793
8,76,0,0.01812955863764163,-0.000374854712294591,0.01813343355382581
8,77,0,0.01820957440996318,0.0003968098418269203,0.01821389739299518
8,78,0,0.01824484526580306,-3.127700974433165e-05,0.018244872074762126
8,79,0,0.01827444603348793,4.757524366278724e-05,0.018274507961493037
8,80,0,0.01805656578845478,-0.0003121168049133437,0.018059263134821
8,81,0,0.01825507188775882,0.000341613439670577,0.018258267972877544
8,82,0,0.01851801321986205,0.0003022294419674845,0.018520479374103078
8,83,0,0.01770428610376733,-0.0003803405571480643,0.017708371053924206
8,84,0,0.01793649818811379,-0.0002546654802179642,0.017938305989112346
8,85,0,0.01835443713478952,0.0003109944656282906,0.018357071664418374
8,86,0,0.01826869145851545,0.0001024742759070783,0.018268978859905066
8,87,0,0.0182167143444731,0.000155783905914105,0.018217380441036903
8,88,0,0.01790287061570379,4.216414182756076e-06,0.017902871112220487
8,89,0,0.0182433986123249,-0.0001287757088535267,0.018243853104850653
8,90,0,0.01811569162542591,-0.0002719999572120906,0.01811773349633584
8,91,0,0.018031141569853,-0.0002638079787583766,0.018033071312500745
8,92,0,0.01796523508230701,-0.0001907620763938075,0.01796624784790482
8,93,0,0.01836861985812665,0.0003607401372358907,0.018372161792749857
8,94,0,0.01801542510564007,-0.0002175722333056586,0.018016738867332016
8,95,0,0.01856069284806094,1.471500808939584e-05,0.018560698681125226
8,96,0,0.01845187160758355,-2.767116396328597e-06,0.018451871815067467
8,97,0,0.01829266087331721,0.0001588293202743015,0.01829335039240131
8,98,0,0.01830461524740056,0.0004092054430510211,0.01830918863439862
8,99,0,0.0183648302057037,9.553601697601487e-06,0.018364832690651783
8,100,0,0.01833154144654844,0.0001007174878926152,0.0183318181263859
9,1,0,0.01139097229279104,-0.0001078069591573161,0.011391482437135912
9,2,0,0.01105433703134319,-0.0002555123996708154,0.011057289622186392
9,3,0,0.01124581332808272,0.0003316437310254434,0.011250702421378472
9,4,0,0.01091016641257894,0.0002611955694183789,0.01091329254971429
9,5,0,0.01123593450456205,-9.256561572981577e-05,0.011236315792288122
9,6,0,0.01126147154262444,0.0002789231338879103,0.011264925184836246
9,7,0,0.01164807867924882,7.114331973884263e-05,0.011648295939317236
9,8,0,0.01130287348189414,0.0001090856222940229,0.011303399869981468
9,9,0,0.01156783903109897,0.0003450945624696876,0.011572985358431199
9,10,0,0.01138527564360064,-7.991490446823508e-05,0.011385556107310795
9,11,0,0.01144678344611544,0.0003011905812275996,0.011450745260832706
9,12,0,0.01103146267281768,4.809255515104233e-05,0.011031567504014593
9,13,0,0.01122783756182655,8.43021106749174e-06,0.011227840726658968
9,14,0,0.0111202230489317,9.365316399008477e-05,0.011120617409708742
9,15,0,0.01110747919482659,-4.658097898736446e-05,0.011107576866765721
9,16,0,0.01093855926255253,-9.76631486536683e-06,0.010938563622399415
9,17,0,0.01145771281534723,0.0004066795521087696,0.011464927876662617
9,18,0,0.01131859055507236,-3.13375112898195e-05,0.01131863393669868
9,19,0,0.01085846756974224,0.0001802213183841051,0.010859963061021159
9,20,0,0.01093548735654842,-0.0003563439406807836,0.010941291730380387
9,21,0,0.01136092045793547,8.739955588379358e-05,0.01136125663533332
9,22,0,0.01174494416020069,0.0001376457065924323,0.011745750706820556
9,23,0,0.01134911424323886,-8.342242856365558e-05,0.01134942084018716
9,24,0,0.01141882791173851,7.680646617504583e-05,0.011419086220497013
9,25,0,0.01154260060561291,-9.973063321268497e-05,0.011543031444984309
9,26,0,0.01101473815166725,-8.815784872028305e-05,0.011015090937258986
9,27,0,0.01132834795173784,0.0003707157479791304,0.011334412092448494
9,28,0,0.01120331480689612,1.264144552900496e-06,0.01120331487821704
9,29,0,0.01126858953648875,-0.0003381429868244109,0.011273661819542145
9,30,0,0.01101020809762162,-8.83680002575575e-05,0.011010562712977125
9,31,0,0.0116613762366764,2.826677911017687e-05,0.011661410495481337
9,32,0,0.01135471480343386,0.000344531160098478,0.011359940580284689
9,33,0,0.01138297551461631,0.0001868586041735172,0.011384509111257636
9,34,0,0.01129526569490885,-0.0001529766681578979,0.011296301561997422
9,35,0,0.01117428249163944,-0.0001076193145564397,0.011174800719468124
9,36,0,0.01125334283944397,7.598994015649163e-05,0.011253599403438433
9,37,0,0.01120419076772528,7.569709932308691e-05,0.011204446474968155
9,38,0,0.01120863882257055,-0.0001142115441532626,0.011209220692432352
9,39,0,0.01133387528671215,0.0002746073977476959,0.011337201517025365
9,40,0,0.01150112943832747,0.0003080830859693145,0.011505255040416234
9,41,0,0.01113962409550672,-2.35052181379705e-05,0.011139648894129188
9,42,0,0.01160236067209624,0.0001338124317781317,0.011603132289701083
9,43,0,0.01158767141332693,-5.940795332370538e-05,0.011587823699390333
9,44,0,0.01153506785546285,-0.0002404018499609917,0.01153757268577741
9,45,0,0.0110937899774061,-6.229924975011709e-05,0.011093964902563713
9,46,0,0.0113315713932664,0.000162615257110566,0.011332738149385548
9,47,0,0.0107276398482515,-0.0003282383284461943,0.010732660299946822
9,48,0,0.01147007249894528,4.84715225343906e-05,0.01147017491669406
9,49,0,0.01124094480219396,0.0002427468703261291,0.011243565541634226
9,50,0,0.01120589663042499,-0.0001838026260043216,0.011207403923170442
9,51,0,0.01139898302379462,-0.0003241590608156409,0.011403591235811061
9,52,0,0.01135251437543505,-0.0002120865006995993,0.011354495291656008
9,53,0,0.01116834204841982,0.000260146976636041,0.01117137147175561
9,54,0,0.01108805674067343,-4.844149475913315e-05,0.011088162555753229
9,55,0,0.01155305826078355,2.364147055609758e-05,0.01155308244998663
9,56,0,0.01118059149319493,0.0002665951229718231,0.01118376944939832
9,57,0,0.01135716799710785,0.0001861246300011868,0.011358693027475645
9,58,0,0.01157692217395317,0.0002017422908784785,0.011578679845893378
9,59,0,0.01136948569962301,0.000337567131545983,0.011374495885191233
9,60,0,0.01112756091536594,-0.0004192869855489779,0.0111354574895435
9,61,0,0.01128508614277747,-9.545851364046074e-06,0.011285090180108724
9,62,0,0.01139495425413497,0.0001749548788428682,0.011396297278654132
9,63,0,0.01143217669122977,1.162444897117613e-05,0.011432182601205735
9,64,0,0.01108682746509495,4.732454874882185e-05,0.011086928467961629
9,65,0,0.01121828426689558,9.671960934206045e-06,0.011218288436285868
9,66,0,0.01129203745095431,-7.143231638211298e-05,0.011292263385591856
9,67,0,0.01152142651005596,8.33959688118879e-06,0.011521429528296236
9,68,0,0.01156616239506815,-2.985616938768567e-05,0.011566200929429641
9,69,0,0.01146663112131274,-0.0001717983060132957,0.011467918029450984
9,70,0,0.01122765053115767,5.28410291604136e-05,0.01122777487413102
9,71,0,0.01130389867855082,6.623107315310312e-05,0.011304092705298996
9,72,0,0.01145700967768595,-0.0001129832501585183,0.011457566756052782
9,73,0,0.01149136946662885,8.983023048833633e-05,0.011491720571301732
9,74,0,0.01108912021903534,0.000233248377977748,0.011091573019100926
9,75,0,0.01149542273993087,0.000367877608600122,0.011501307660637077
9,76,0,0.01122347511678045,-0.0004430814051245082,0.011232217716397642
9,77,0,0.01150803998146784,0.0003790806140446441,0.011514281841565577
9,78,0,0.01131362784369329,0.00018645023990074,0.01131516410298813
9,79,0,0.01136344072045672,0.0001738434328932812,0.011364770413276902
9,80,0,0.01101150119343194,-0.0001649783210609747,0.011012737006728762
9,81,0,0.01121873389533997,0.0004169357896149446,0.011226478774179897
9,82,0,0.01162342424473211,0.0002266162037816832,0.011625633147353423
9,83,0,0.01080113415425388,-0.0003595222521722389,0.010807115955147176
9,84,0,0.0108718710242746,-0.0002582857582901982,0.010874938671155675
9,85,0,0.01145458707340414,0.0003723812266138691,0.011460638411542863
9,86,0,0.01142698786665458,3.526141374563685e-05,0.011427042271382842
9,87,0,0.01122323061014486,0.0003950594528609294,0.01123018153458738
9,88,0,0.01102716238713243,0.000118907265042929,0.011027803464419748
9,89,0,0.0113825453958669,-0.0001323531033498215,0.011383314852578623
9,90,0,0.01127938343044427,-0.0002134394023665945,0.011281402703097843
9,91,0,0.01125118080475081,-0.0001069170199392037,0.011251688795480694
9,92,0,0.01118900113615347,-0.0001335523117352859,0.011189798150315915
9,93,0,0.01160028585549656,0.0003209695456153776,0.011604725476220715
9,94,0,0.01113386956881861,-0.0002011651599951066,0.011135686732171525
9,95,0,0.0115160292556138,0.0001484741046244926,0.011516986340874811
9,96,0,0.01155223291578387,6.692036663089307e-05,0.011552426744021807
9,97,0,0.01132541014357191,0.000133933627734619,0.011326202061448475
9,98,0,0.01132338157920639,4.760181896651644e-05,0.011323481634262472
9,99,0,0.01140536414604171,1.213721762344625e-06,0.01140536421062187
9,100,0,0.01134162628455808,9.017586623594941e-05,0.011341984767465972
10,1,0,0.007129640970772234,-8.101601215808128e-06,0.007129645573803533
10,2,0,0.006758975861193822,-0.000253484697054965,0.006763727462268259
10,3,0,0.00697543919721673,0.000411310319556504,0.006987555235777478
10,4,0,0.006684155977944016,0.0002566335559315658,0.0066890807978013545
10,5,0,0.006858790253789574,-9.196518354068617e-05,0.0068594067775910855
10,6,0,0.007071945634076889,0.0001571365269271813,0.007073691182079827
10,7,0,0.007352144772008494,0.0001056724544706452,0.007352904148444047
10,8,0,0.006806931303416223,0.0001428616042971401,0.0068084303042191775
10,9,0,0.007184961498302791,0.0002844025598950433,0.007190588053015437
10,10,0,0.006865611011556918,0.0002530990803624845,0.00687027464563768
10,11,0,0.007181004689050887,-2.454194303722735e-05,0.007181046626442336
10,12,0,0.006741200605798564,6.600914788955858e-05,0.006741523775469759
10,13,0,0.006848065075919434,-2.543705251296516e-05,0.006848112318564
10,14,0,0.006900711603353986,5.422209739781809e-05,0.006900924624172514
10,15,0,0.006866299897574132,1.983025114188575e-05,0.006866328532941524
10,16,0,0.006752386886925503,-4.857550864780074e-05,0.00675256160658782
10,17,0,0.00731394198502962,0.0002630141817002978,0.0073186695389363295
10,18,0,0.006961967605565242,5.583971430054678e-05,0.006962191538203542
10,19,0,0.006620829098222218,0.0001175903419172664,0.006621873257347821
10,20,0,0.006786903861917722,-0.0001982331614566859,0.0067897982604209085
10,21,0,0.00697935541237451,-3.933067960657268e-05,0.006979466231353203
10,22,0,0.007336047558233366,0.0002383314150443122,0.007339917958673567
10,23,0,0.007021020422109931,2.392365850171657e-05,0.007021061181126456
10,24,0,0.007065452258453841,-5.010770228073934e-05,0.00706562993641178
10,25,0,0.007193075825188625,-0.0001333022708223808,0.007194310899754015
10,26,0,0.006704145068545986,0.0001718753328045763,0.006706347905539657
10,27,0,0.006999174190738353,0.0004182153316241716,0.007011657679600694
10,28,0,0.006956141591404303,-0.0001141071564439711,0.0069570774239486885
10,29,0,0.006798812283717085,-0.000301511104695011,0.006805494648846382
10,30,0,0.006842484106991857,-0.0001591873690119313,0.006844335568401734
10,31,0,0.007070566798973898,7.304624917295581e-06,0.007070570572188441
10,32,0,0.00699293568438475,0.0003645066321110981,0.007002429190701937
10,33,0,0.007249229558345442,0.0001660787358797548,0.007251131727951208
10,34,0,0.007007893203746984,-0.0001250181707795349,0.007009008253536889
10,35,0,0.006884752098836547,-0.0001727193300578847,0.006886918282469299
10,36,0,0.006961142567312242,-3.103078379204886e-05,0.00696121173015081
10,37,0,0.006736115211875057,0.0001876806266999935,0.0067387292693276415
10,38,0,0.007055069867191384,-0.0001099874533583196,0.007055927158839447
10,39,0,0.00706750252010964,0.0002676899276351845,0.007072570237835284
10,40,0,0.007224661388573974,0.000226887008393307,0.007228223149165311
10,41,0,0.00675305149481984,8.179818416974398e-05,0.0067535468780946465
10,42,0,0.007074837340806157,6.914192325240977e-05,0.007075175192489312
10,43,0,0.007232990682809121,-3.908337638132147e-06,0.007232991738741767
10,44,0,0.007026475470416746,-0.0002339251271901793,0.007030368304825799
10,45,0,0.007057542357505536,-7.245314507727886e-05,0.007057914251832221
10,46,0,0.006961825704068348,8.325312402066802e-06,0.00696183068198684
10,47,0,0.006533886335732221,-0.0003095734949815857,0.00654121597236044
10,48,0,0.007091829124933616,-6.587177179527532e-05,0.007092135040139616
10,49,0,0.007068752213389674,0.0002134442163292184,0.007071974002199514
10,50,0,0.006712108100760783,-9.191323876540507e-05,0.00671273738498378
10,51,0,0.007033202968528677,-0.0001364830246701115,0.007034527106532727
10,52,0,0.007067772032253966,-5.217525442768516e-05,0.007067964612042561
10,53,0,0.006944943945110239,-2.437713929744497e-05,0.00694498672753546
10,54,0,0.006876563192152444,-0.0001289741416657081,0.006877772580195147
10,55,0,0.007335081153831241,4.587606863175704e-05,0.00733522461462247
10,56,0,0.006757042548235621,0.0003488958440308028,0.006766044066413439
10,57,0,0.007040814914097379,0.0001985339818303467,0.007043613447408758
10,58,0,0.007315920902490751,0.0001081349465612995,0.007316720017751731
10,59,0,0.007094508451914589,0.0005032135017677722,0.00711233252897029
10,60,0,0.006910189969619037,-0.0004074880123351415,0.006922194153331759
10,61,0,0.007133571423263401,-5.458050829494114e-05,0.007133780223884526
10,62,0,0.007234526034620636,9.682207448445403e-05,0.00723517390666674
10,63,0,0.007013539885445163,0.000199478648774168,0.007016376091405515
10,64,0,0.006915736828158502,7.536612111802102e-05,0.006916147477357621
10,65,0,0.006934164761887994,-5.316267484211104e-05,0.00693436855200281
10,66,0,0.006944322273989054,0.0001361466780282372,0.006945656755337009
10,67,0,0.007222582666140466,-0.0002367176187419442,0.007226460793518192
10,68,0,0.007392383885337867,-0.0001807141768578229,0.007394592424327414
10,69,0,0.007039959313820218,-0.0001172632796263596,0.007040935862297907
10,70,0,0.006898349967590648,4.706746030558113e-05,0.006898510536425781
10,71,0,0.006829235653677376,5.915148299786617e-05,0.006829491819410805
10,72,0,0.007103670296951985,-0.0001918515249961811,0.007106260528255438
10,73,0,0.007259798142257911,0.0003445424639411507,0.0072679693571031274
10,74,0,0.006618685941040311,0.0001739331099992312,0.006620970949406037
10,75,0,0.007243600203544164,0.0003213224250549359,0.0072507235507656915
10,76,0,0.007200229411514407,-0.0002836700271575898,0.007205815169898871
10,77,0,0.007260660631850034,0.0003039497059184093,0.007267019900524892
10,78,0,0.007001930327319364,0.0002670295285469786,0.007007020270967588
10,79,0,0.007084163643520803,0.000307325145127504,0.007090826698841933
10,80,0,0.006750424092262436,-0.0002170729313246713,0.006753913390243543
10,81,0,0.006952503879466969,0.000201177872233861,0.006955413915093752
10,82,0,0.007237734951600585,9.376073425346829e-05,0.0072383422345802684
10,83,0,0.006807820046646911,-0.0005035934145075093,0.0068264207396455485
10,84,0,0.006624601478677718,-0.0001897198800496991,0.006627317585885339
10,85,0,0.007218982606377935,0.0003384940757449335,0.007226914148549268
10,86,0,0.007232499062045094,0.0001663442557749863,0.007234411731019495
10,87,0,0.006916683281805749,0.0001482511901943689,0.006918271896666478
10,88,0,0.006853717972879651,3.058926700305892e-06,0.006853718655504186
10,89,0,0.007233375407571368,6.334928804377768e-05,0.007233652806096925
10,90,0,0.007097948539970399,-0.00022895808277018,0.007101640323174198
10,91,0,0.007083416702413031,-0.0001941397395828076,0.007086076659090641
10,92,0,0.007035375086278871,-4.042513171255413e-05,0.00703549122634002
10,93,0,0.007476807276220648,0.0003027643095629811,0.007482934803463891
10,94,0,0.007016405391168659,-0.0002276695647900024,0.007020098150592504
10,95,0,0.007113499558794008,8.658842693562274e-05,0.007114026534153618
10,96,0,0.007292376422742866,3.568439129059903e-06,0.007292377295829793
10,97,0,0.006874952440866857,-5.814059525317913e-05,0.006875198280267817
10,98,0,0.006898235713859802,1.397151901677274e-05,0.006898249862632875
10,99,0,0.007046329963487858,1.369930342700668e-05,0.007046343280401628
10,100,0,0.006941715167938692,-9.147429696910995e-05,0.006942317842032018
11,1,0,0.004544070962569947,-7.808793815139289e-05,0.004544741867142303
11,2,0,0.004009701284676937,6.019293921448388e-05,0.00401015306219989
11,3,0,0.00414667649119297,0.0004475687151756944,0.004170760563424429
11,4,0,0.004255912608983436,0.0002812711421650953,0.004265197016635815
11,5,0,0.003996777903958596,-8.76452551570031e-05,0.003997738773897465
11,6,0,0.004567732971847689,0.000235047202144256,0.004573776523764618
11,7,0,0.004560486106426748,0.0001060940737578572,0.004561720013262316
11,8,0,0.004405320868285255,0.0002218413278816702,0.004410903028553887
11,9,0,0.004499956925215437,0.0001112144195998406,0.004501331022699986
11,10,0,0.004213984316667886,0.0003190759239625359,0.004226047002385972
11,11,0,0.004160667591772557,0.0001219790314193714,0.004162455248207776
11,12,0,0.004187051539921106,-0.000115848104105662,0.004188653886534501
11,13,0,0.004153435505244332,-0.0001023505942352022,0.004154696395690609
11,14,0,0.00413693773887575,0.0002104433369433679,0.004142286838619251
11,15,0,0.004261262309887477,8.615985279458622e-05,0.004262133267965837
11,16,0,0.004070510811536429,-4.942607247078272e-05,0.004070810877881069
11,17,0,0.004508286403503399,0.0001926322679076098,0.004512399969711555
11,18,0,0.004291778878650128,0.0001007694274861103,0.004292961730640424
11,19,0,0.004018630592424298,8.882073769813734e-05,0.004019612041206676
11,20,0,0.00406094174997098,-4.250387429446678e-06,0.00406094397430581
11,21,0,0.004333033176300217,-9.671637151923377e-05,0.0043341124308718835
11,22,0,0.004519563564964078,0.0004885972699515329,0.004545897283260467
11,23,0,0.004368073667215845,-3.880973722640513e-05,0.004368246073417575
11,24,0,0.004331411771096796,-0.0001161071377505939,0.004332967666419
11,25,0,0.004496927600635536,-0.0001195286753434421,0.004498515860768642
11,26,0,0.004075438217707613,0.0002359120098634688,0.0040822605432223
11,27,0,0.004424923436209499,0.0003550509632868875,0.004439145030616484
11,28,0,0.004435479974256522,-0.0001595761183956385,0.004438349596369449
11,29,0,0.004112749109720482,-5.709702307284874e-05,0.004113145427717137
11,30,0,0.00417727640202466,3.136668578985104e-06,0.004177277579668588
11,31,0,0.004538956459897036,4.333390664719935e-05,0.004539163311922841
11,32,0,0.004213049410197881,0.0001983255209312331,0.004217714824999594
11,33,0,0.004681410349614291,0.0001256626482772237,0.004683096621109567
11,34,0,0.004343516269494525,-0.0001463145930629872,0.004345979929027149
11,35,0,0.004220442146741555,-0.0003700354604512493,0.004236632879538163
11,36,0,0.004293176820110175,-0.0001056735077268141,0.004294477162468861
11,37,0,0.004193165984321044,0.0001995544518415314,0.004197911736961229
11,38,0,0.004421465069147829,-0.000222585764833541,0.0044270642394707745
11,39,0,0.004299034485042345,0.0004243216647782473,0.004319924348733839
11,40,0,0.004575902525786654,0.0002746162564323776,0.004584135470707385
11,41,0,0.004161995781262097,-8.902956038178852e-05,0.004162947891322358
11,42,0,0.004417388772768931,9.301280638322596e-05,0.00441836790590556
11,43,0,0.004405638654436469,0.0001030057492160741,0.0044068426495435875
11,44,0,0.004172890100381591,-5.289711565035848e-05,0.0041732253587251685
11,45,0,0.004408046605535433,-0.0001683275036981825,0.004411259346838918
11,46,0,0.004371641815857872,-0.0002263726685340583,0.004377498915044565
11,47,0,0.003772829779384819,-0.0005025875974471504,0.003806158015285309
11,48,0,0.004390757178875542,-0.0001108972597355671,0.004392157420455689
11,49,0,0.004382967458150492,3.519104609677571e-05,0.004383108731132684
11,50,0,0.004063944696693988,-0.0001623049347910464,0.004067184454834169
11,51,0,0.004405330886504748,-0.0001154098131009527,0.004406842366655824
11,52,0,0.004366483106667636,-0.0001317063312224414,0.004368468985639926
11,53,0,0.004129006779743187,-8.178342950337834e-05,0.004129816644417345
11,54,0,0.004451734951955898,-0.0002420443551960879,0.004458310167804397
11,55,0,0.004637929501777264,-0.0001691127315858087,0.00464101165474084
11,56,0,0.004093519905010881,0.000331433489984151,0.004106915310911994
11,57,0,0.004185813209658966,-7.915463946103903e-05,0.004186561558499254
11,58,0,0.004627818459823634,-1.198998585669482e-05,0.004627833991928106
11,59,0,0.004435039513203559,9.168984445134488e-05,0.004435987208193049
11,60,0,0.00437794077633023,-0.0003998934046438656,0.0043961665318925985
11,61,0,0.004537873880723176,-0.0001434106892298614,0.004540139423314553
11,62,0,0.004558425154098553,0.0001715441084619194,0.004561651813396811
11,63,0,0.004335064495066361,0.0001277574462751348,0.004336946638069657
11,64,0,0.004394114985893995,0.0001020849054370821,0.004395300653786529
11,65,0,0.004120400409620289,-2.733614190663391e-05,0.004120491087267801
11,66,0,0.004341872755552418,3.615702132573382e-05,0.004342023302056254
11,67,0,0.004626709031685851,-0.0003586925021092494,0.004640592287085002
11,68,0,0.004700628469548699,-0.0002587022879435489,0.004707742015289174
11,69,0,0.004328886342497387,-0.0001013981203161614,0.004330073734368048
11,70,0,0.004469934887420923,0.0001061033360831503,0.004471194003363159
11,71,0,0.004132594978815779,3.133124663451874e-05,0.004132713745948183
11,72,0,0.004505257114888017,-0.0002287377430004005,0.004511060033553313
11,73,0,0.004517813990792738,0.0004221816929582991,0.00453749717765992
11,74,0,0.004057114140625341,0.0001546429772033281,0.00406006029517548
11,75,0,0.004506258870551403,0.0002328810084237696,0.00451227243996943
11,76,0,0.004521719383133799,-0.0003271115690206995,0.004533535944314888
11,77,0,0.004649348706877133,0.0001906837073484007,0.00465325731873794
11,78,0,0.004356798561802101,8.339483456440553e-05,0.004357596631923712
11,79,0,0.004371331408601385,0.0002878786201320162,0.004380800427291122
11,80,0,0.004100648839250859,-9.428568755523425e-05,0.004101732645325287
11,81,0,0.004115243133965714,0.0001033013174093067,0.0041165394706999285
11,82,0,0.00457971256212803,0.0001187741191211966,0.00458125249719837
11,83,0,0.004165420169270092,-0.0001921745126578299,0.004169850864224925
11,84,0,0.00409633078896623,-0.0001098716402196086,0.004097804010681483
11,85,0,0.004569775872427254,0.0004769908925082554,0.004594602467652026
11,86,0,0.00437498049742454,0.0002337688126953092,0.004381221543203909
11,87,0,0.00428075783503012,6.682184733001031e-06,0.0042807630504110555
11,88,0,0.004246186338612083,-2.893112530778323e-05,0.0042462848976755506
11,89,0,0.004523965186020351,0.0001303686210990621,0.004525843234325667
11,90,0,0.004336612587328707,-0.0001973537827551078,0.004341100925818879
11,91,0,0.004383862137681187,-0.0003542195837956228,0.004398149469463153
11,92,0,0.004364214017675293,8.369530561602324e-05,0.004365016482930583
11,93,0,0.004573896576478241,0.0001244468977246604,0.004575589243220228
11,94,0,0.004342979699162862,-0.0001791727456477299,0.0043466740779731445
11,95,0,0.004430353142475235,7.441799878914802e-05,0.004430978109355086
11,96,0,0.004586250210192396,-3.743490422298277e-05,0.004586402987368639
11,97,0,0.004023847435600651,-0.000110802389841249,0.004025372697600119
11,98,0,0.004310328318260994,0.0001612379537929819,0.004313343006178154
11,99,0,0.004437551958009051,1.943341728041583e-05,0.004437594510287883
11,100,0,0.004274294476488203,4.807766140165163e-05,0.004274564858937505
12,1,0,0.002817899361344291,-6.818906786198684e-05,0.002818724278754566
12,2,0,0.002301993276255901,0.0002934410225010626,0.0023206207526465512
12,3,0,0.002516409575843041,0.0006029697729832384,0.0025876417256888583
12,4,0,0.002782684945983591,-6.497612040848645e-05,0.0027834434437988926
12,5,0,0.00236139383026495,-0.0001197528655165463,0.0023644283813244998
12,6,0,0.002886957687747517,0.000180976005569709,0.002892624587712076
12,7,0,0.002916141124977778,0.0001156758567715129,0.0029184345057969834
12,8,0,0.002926753313132841,4.564594913068444e-05,0.0029271092409758307
12,9,0,0.002821269297999781,5.957184124792081e-07,0.002821269360893533
12,10,0,0.002419981105869511,0.0003255314040376332,0.0024417778866596637
12,11,0,0.002452510843342123,0.0001397055284548039,0.00245648673340434
12,12,0,0.002587288998425873,-0.0003416199004832865,0.0026097449143128466
12,13,0,0.002546869703725143,0.0001636757093774921,0.0025521236305463776
12,14,0,0.002693111645852753,0.0002104952485870315,0.002701325338922626
12,15,0,0.002772266659687825,0.0002048888817968586,0.0027798276720510315
12,16,0,0.002482372226132319,0.0001453484386829259,0.002486623823118545
12,17,0,0.00278530381440889,1.860870907390852e-05,0.0027853659764228668
12,18,0,0.002703678021067908,0.0001024956492512897,0.002705620113711665
12,19,0,0.002558548786769236,-3.457391243766586e-05,0.0025587823763852167
12,20,0,0.002297994321435389,2.427271389636022e-05,0.0022981225089166134
12,21,0,0.002910646069116757,-0.0002212850099245925,0.0029190456651587613
12,22,0,0.002756217489330663,0.0005394361351030294,0.002808509603392361
12,23,0,0.00258744101308369,-0.0002758095042908652,0.0026020995136321603
12,24,0,0.002880584672476362,-6.128921356526392e-05,0.0028812366135055967
12,25,0,0.002850181489875332,-6.812321343070654e-05,0.0028509954923563265
12,26,0,0.002587464404122008,0.0001242968625709368,0.0025904481760196316
12,27,0,0.002629156636083511,0.0004752579601443286,0.002671766222135184
12,28,0,0.002886984580172949,-0.0001077857029658774,0.0028889959715998614
12,29,0,0.002493293164274031,-1.992398653933439e-05,0.00249337276961453
12,30,0,0.002541515181446074,-3.973845519923615e-05,0.002541825832417023
12,31,0,0.002843647884795776,0.0001320681038965812,0.0028467130654090044
12,32,0,0.002371934313545816,0.0001751268717142771,0.002378390592180454
12,33,0,0.003193012319381793,3.202137308710591e-05,0.0031931728797636814
12,34,0,0.002614224421152775,-0.0002169948301117347,0.0026232148368837012
12,35,0,0.00264892754561739,-0.0004133483584461549,0.002680983776034592
12,36,0,0.002439098985989913,-0.0001550749909150136,0.0024440237552577743
12,37,0,0.002761950839456162,-1.762267577463152e-06,0.0027619514016650644
12,38,0,0.002817305503230869,-6.956869350342984e-05,0.0028181643141681274
12,39,0,0.002789306468257724,0.0003638187510949497,0.002812933461266488
12,40,0,0.003005462364686123,0.0002319337067628357,0.003014398326345981
12,41,0,0.002436770014275191,-0.0001453295348679221,0.002441099911141623
12,42,0,0.002817987995417514,-0.0001270743165213625,0.0028208516841969184
12,43,0,0.002545368975531649,-2.125404330952001e-05,0.002545457710502384
12,44,0,0.002311595489975833,-6.073541146424184e-05,0.002312393240666981
12,45,0,0.002536218395241091,6.633882894803585e-05,0.002537085845726449
12,46,0,0.002683294280285701,-0.0002757556454061621,0.002697426434694249
12,47,0,0.002261254522476125,-0.0005239310022016097,0.0023211582691593244
12,48,0,0.00277537153963238,-0.0001405886337159821,0.0027789300723356706
12,49,0,0.00273188469359591,0.0002672987179865905,0.002744930342238377
12,50,0,0.002427357327222599,-0.0003236809778667164,0.0024488431900499454
12,51,0,0.002783321634507164,-0.0001864297270499517,0.002789558274036151
12,52,0,0.002845484370419851,-0.0002703137568936981,0.0028582950913909576
12,53,0,0.002502982418486878,3.274649223433324e-05,0.002503196620325314
12,54,0,0.002837498477984944,-0.0001823629888807115,0.0028433525761467535
12,55,0,0.003096090608999275,-0.0002186237175409545,0.0031037998306922
12,56,0,0.002533796368586829,0.0003067290367946613,0.0025522944068968184
12,57,0,0.002726849325658572,-0.0001888446470800138,0.0027333806075216425
12,58,0,0.002858718754246626,-0.0001700288478247411,0.002863770717947579
12,59,0,0.002800023796443175,2.87618174345052e-05,0.0028001715131024
12,60,0,0.00283990190754958,-0.0004695455013837086,0.0028784571948134684
12,61,0,0.002918970720730027,5.171136053617887e-05,0.002919428734065567
12,62,0,0.002930036055146202,0.000120123233172856,0.0029324973786185415
12,63,0,0.00260807757028505,5.493186284650045e-05,0.0026086559992033746
12,64,0,0.002665486068957302,0.0001601906387849189,0.0026702953066205562
12,65,0,0.002550096913808014,6.85332214939671e-05,0.0025510176542434
12,66,0,0.002811300207124425,-2.541859105259644e-05,0.0028114151168671148
12,67,0,0.003127760156496562,-0.0003314762608164402,0.0031452758397400135
12,68,0,0.00299599126628248,-0.0001716550131300013,0.0030009047154439207
12,69,0,0.002522349030466378,0.0003188153543690687,0.002542417719745548
12,70,0,0.002779390588482019,-7.58928527983264e-05,0.002780426544336011
12,71,0,0.002641268143389661,1.526795736673549e-06,0.0026412685846748506
12,72,0,0.002692958600305168,-0.000268659751328155,0.0027063266774248218
12,73,0,0.002755094547592287,0.0001185222051853389,0.0027576427396047414
12,74,0,0.002436662861291724,0.000157939970014454,0.0024417761842000464
12,75,0,0.002791419254808163,0.0003656200821542244,0.0028152618884551795
12,76,0,0.002932796071489871,-0.0001821118532847246,0.0029384447457887
12,77,0,0.003031676527676793,8.575832168882257e-05,0.003032889226167896
12,78,0,0.002538274598875775,7.199889861787747e-05,0.0025392955284291277
12,79,0,0.002598722672210612,3.617830062421295e-05,0.002598974489389521
12,80,0,0.00246859421688265,-0.000106162316637806,0.0024708759266908508
12,81,0,0.002472068729525138,-7.596292026761999e-05,0.0024732355667731317
12,82,0,0.002779658209398521,0.0001196045362070965,0.002782230221631184
12,83,0,0.002678343979346623,-0.0001537198083776236,0.0026827516193620978
12,84,0,0.002418070688519682,0.0001095504677343618,0.0024205510033169855
12,85,0,0.002875938099410144,0.0005373274323838229,0.00292570345750061
12,86,0,0.00275609894125177,0.000281911152268379,0.0027704792494697397
12,87,0,0.002755099483999544,-0.0001376351594536619,0.0027585352279520356
12,88,0,0.002397509915034679,0.0001159294511690425,0.002400311111155791
12,89,0,0.002671154958147833,0.0001261580729839862,0.0026741325079017277
12,90,0,0.002642857182266545,-0.0002557290275394367,0.002655200825057142
12,91,0,0.00296320608531678,-0.0005330593480427578,0.0030107710926927287
12,92,0,0.002881100375558559,0.0002041542072200746,0.002888324482181551
12,93,0,0.002719757515505118,2.003668133067829e-05,0.002719831320458186
12,94,0,0.002693660445232378,-0.0002535839740219435,0.0027055704437493867
12,95,0,0.002748014663902988,-0.000128181643292441,0.0027510025675565996
12,96,0,0.002787966401768453,-0.0002261252840466444,0.002797121610061835
12,97,0,0.002412050013356221,-3.645970035279039e-05,0.002412325553626948
12,98,0,0.002773800579278432,0.000107910267854348,0.002775898823717061
12,99,0,0.00283460856778231,6.22302865597018e-05,0.0028352915795575914
12,100,0,0.002354438019893515,0.0001053943886527295,0.002356795783830152
